target,message,message_len,message_clean,target_encoded
ham,"Go until jurong point, crazy.. Available only in bugis n great world la e buffet... Cine there got amore wat...",111,go jurong point crazi avail bugi n great world la e buffet cine got amor wat,0
ham,Ok lar... Joking wif u oni...,29,ok lar joke wif oni,0
spam,Free entry in 2 a wkly comp to win FA Cup final tkts 21st May 2005. Text FA to 87121 to receive entry question(std txt rate)T&C's apply 08452810075over18's,155,free entri wkli comp win fa cup final tkts may text fa receiv entri question std txt rate appli,1
ham,U dun say so early hor... U c already then say...,49,dun say earli hor alreadi say,0
ham,"Nah I don't think he goes to usf, he lives around here though",61,nah think goe usf live around though,0
spam,"FreeMsg Hey there darling it's been 3 week's now and no word back! I'd like some fun you up for it still? Tb ok! XxX std chgs to send, å£1.50 to rcv",148,freemsg hey darl week word back like fun still tb ok xxx std chgs send $$$ rcv,1
ham,Even my brother is not like to speak with me. They treat me like aids patent.,77,even brother like speak treat like aid patent,0
ham,As per your request 'Melle Melle (Oru Minnaminunginte Nurungu Vettam)' has been set as your callertune for all Callers. Press *9 to copy your friends Callertune,160,per request mell mell oru minnaminungint nurungu vettam set callertun caller press copi friend callertun,0
spam,WINNER!! As a valued network customer you have been selected to receivea å£900 prize reward! To claim call 09061701461. Claim code KL341. Valid 12 hours only.,158,winner valu network custom select receivea $$$ prize reward claim call claim code valid hour,1
spam,Had your mobile 11 months or more? U R entitled to Update to the latest colour mobiles with camera for Free! Call The Mobile Update Co FREE on 08002986030,154,mobil month r entitl updat latest colour mobil camera free call mobil updat co free,1
ham,"I'm gonna be home soon and i don't want to talk about this stuff anymore tonight, k? I've cried enough today.",109,gonna home soon want talk stuff anymor tonight k cri enough today,0
spam,"SIX chances to win CASH! From 100 to 20,000 pounds txt> CSH11 and send to 87575. Cost 150p/day, 6days, 16+ TsandCs apply Reply HL 4 info",136,six chanc win cash pound txt send cost day tsandc appli repli hl info,1
spam,"URGENT! You have won a 1 week FREE membership in our å£100,000 Prize Jackpot! Txt the word: CLAIM to No: 81010 T&C www.dbuk.net LCCLTD POBOX 4403LDNW1A7RW18",156,urgent week free membership $$$ prize jackpot txt word claim http lccltd pobox,1
ham,I've been searching for the right words to thank you for this breather. I promise i wont take your help for granted and will fulfil my promise. You have been wonderful and a blessing at all times.,196,search right word thank breather promis wont take help grant fulfil promis wonder bless time,0
ham,I HAVE A DATE ON SUNDAY WITH WILL!!,35,date sunday,0
spam,"XXXMobileMovieClub: To use your credit, click the WAP link in the next txt message or click here>> http://wap. xxxmobilemovieclub.com?n=QJKGIGHJJGCBL",149,xxxmobilemovieclub use credit click wap link next txt messag click http http,1
ham,Oh k...i'm watching here:),26,oh k watch,0
ham,Eh u remember how 2 spell his name... Yes i did. He v naughty make until i v wet.,81,eh rememb spell name yes v naughti make v wet,0
ham,Fine if thatåÕs the way u feel. ThatåÕs the way its gota b,58,fine way feel way gota b,0
spam,"England v Macedonia - dont miss the goals/team news. Txt ur national team to 87077 eg ENGLAND to 87077 Try:WALES, SCOTLAND 4txt/Ì¼1.20 POBOXox36504W45WQ 16+",156,england v macedonia dont miss goal team news txt ur nation team eg england tri wale scotland,1
ham,Is that seriously how you spell his name?,41,serious spell name,0
ham,IÛ÷m going to try for 2 months ha ha only joking,49,go tri month ha ha joke,0
ham,So Ì_ pay first lar... Then when is da stock comin...,53,pay first lar da stock comin,0
ham,Aft i finish my lunch then i go str down lor. Ard 3 smth lor. U finish ur lunch already?,88,aft finish lunch go str lor ard smth lor finish ur lunch alreadi,0
ham,Ffffffffff. Alright no way I can meet up with you sooner?,57,ffffffffff alright way meet sooner,0
ham,Just forced myself to eat a slice. I'm really not hungry tho. This sucks. Mark is getting worried. He knows I'm sick when I turn down pizza. Lol,144,forc eat slice realli hungri tho suck mark get worri know sick turn pizza lol,0
ham,Lol your always so convincing.,30,lol alway convinc,0
ham,Did you catch the bus ? Are you frying an egg ? Did you make a tea? Are you eating your mom's left over dinner ? Do you feel my Love ?,134,catch bus fri egg make tea eat mom left dinner feel love,0
ham,"I'm back &amp; we're packing the car now, I'll let you know if there's room",75,back pack car let know room,0
ham,Ahhh. Work. I vaguely remember that! What does it feel like? Lol,64,ahhh work vagu rememb feel like lol,0
ham,"Wait that's still not all that clear, were you not sure about me being sarcastic or that that's why x doesn't want to live with us",130,wait still clear sure sarcast x want live us,0
ham,Yeah he got in at 2 and was v apologetic. n had fallen out and she was actin like spoilt child and he got caught up in that. Till 2! But we won't go there! Not doing too badly cheers. You? ,189,yeah got v apologet n fallen actin like spoilt child got caught till go bad cheer,0
ham,K tell me anything about you.,29,k tell anyth,0
ham,For fear of fainting with the of all that housework you just did? Quick have a cuppa,84,fear faint housework quick cuppa,0
spam,Thanks for your subscription to Ringtone UK your mobile will be charged å£5/month Please confirm by replying YES or NO. If you reply NO you will not be charged,159,thank subscript rington uk mobil charg $$$ month pleas confirm repli yes repli charg,1
ham,Yup... Ok i go home look at the timings then i msg Ì_ again... Xuhui going to learn on 2nd may too but her lesson is at 8am,123,yup ok go home look time msg xuhui go learn may lesson,0
ham,"Oops, I'll let you know when my roommate's done",47,oop let know roommat done,0
ham,I see the letter B on my car,28,see letter b car,0
ham,Anything lor... U decide...,27,anyth lor decid,0
ham,Hello! How's you and how did saturday go? I was just texting to see if you'd decided to do anything tomo. Not that i'm trying to invite myself or anything!,155,hello saturday go text see decid anyth tomo tri invit anyth,0
ham,Pls go ahead with watts. I just wanted to be sure. Do have a great weekend. Abiola,82,pls go ahead watt want sure great weekend abiola,0
ham,"Did I forget to tell you ? I want you , I need you, I crave you ... But most of all ... I love you my sweet Arabian steed ... Mmmmmm ... Yummy",142,forget tell want need crave love sweet arabian steed mmmmmm yummi,0
spam,07732584351 - Rodger Burns - MSG = We tried to call you re your reply to our sms for a free nokia mobile + free camcorder. Please call now 08000930705 for delivery tomorrow,172,rodger burn msg tri call repli sms free nokia mobil free camcord pleas call deliveri tomorrow,1
ham,WHO ARE YOU SEEING?,19,see,0
ham,Great! I hope you like your man well endowed. I am  &lt;#&gt;  inches...,72,great hope like man well endow inch,0
ham,No calls..messages..missed calls,32,call messag miss call,0
ham,Didn't you get hep b immunisation in nigeria.,45,get hep b immunis nigeria,0
ham,"Fair enough, anything going on?",31,fair enough anyth go,0
ham,"Yeah hopefully, if tyler can't do it I could maybe ask around a bit",67,yeah hope tyler could mayb ask around bit,0
ham,U don't know how stubborn I am. I didn't even want to go to the hospital. I kept telling Mark I'm not a weak sucker. Hospitals are for weak suckers.,148,know stubborn even want go hospit kept tell mark weak sucker hospit weak sucker,0
ham,What you thinked about me. First time you saw me in class.,58,think first time saw class,0
ham,"A gram usually runs like  &lt;#&gt; , a half eighth is smarter though and gets you almost a whole second gram for  &lt;#&gt;",124,gram usual run like half eighth smarter though get almost whole second gram,0
ham,K fyi x has a ride early tomorrow morning but he's crashing at our place tonight,80,k fyi x ride earli tomorrow morn crash place tonight,0
ham,"Wow. I never realized that you were so embarassed by your accomodations. I thought you liked it, since i was doing the best i could and you always seemed so happy about \the cave\"". I'm sorry I didn't and don't have more to give. I'm sorry i offered. I'm sorry your room was so embarassing.""",291,wow never realiz embarass accomod thought like sinc best could alway seem happi cave sorri give sorri offer sorri room embarass,0
spam,SMS. ac Sptv: The New Jersey Devils and the Detroit Red Wings play Ice Hockey. Correct or Incorrect? End? Reply END SPTV,120,sms ac sptv new jersey devil detroit red wing play ice hockey correct incorrect end repli end sptv,1
ham,Do you know what Mallika Sherawat did yesterday? Find out now @  &lt;URL&gt;,76,know mallika sherawat yesterday find,0
spam,"Congrats! 1 year special cinema pass for 2 is yours. call 09061209465 now! C Suprman V, Matrix3, StarWars3, etc all 4 FREE! bx420-ip4-5we. 150pm. Dont miss out! ",161,congrat year special cinema pass call suprman v etc free dont miss,1
ham,"Sorry, I'll call later in meeting.",34,sorri call later meet,0
ham,Tell where you reached,22,tell reach,0
ham,Yes..gauti and sehwag out of odi series.,40,yes gauti sehwag odi seri,0
ham,Your gonna have to pick up a $1 burger for yourself on your way home. I can't even move. Pain is killing me.,108,gonna pick $$$ burger way home even move pain kill,0
ham,Ha ha ha good joke. Girls are situation seekers.,48,ha ha ha good joke girl situat seeker,0
ham,Its a part of checking IQ,25,part check iq,0
ham,"Sorry my roommates took forever, it ok if I come by now?",56,sorri roommat took forev ok come,0
ham,Ok lar i double check wif da hair dresser already he said wun cut v short. He said will cut until i look nice.,110,ok lar doubl check wif da hair dresser alreadi said wun cut v short said cut look nice,0
spam,"As a valued customer, I am pleased to advise you that following recent review of your Mob No. you are awarded with a å£1500 Bonus Prize, call 09066364589",153,valu custom pleas advis follow recent review mob award $$$ bonus prize call,1
ham,"Today is \song dedicated day..\"" Which song will u dedicate for me? Send this to all ur valuable frnds but first rply me...""",124,today song dedic day song dedic send ur valuabl frnds first rpli,0
spam,"Urgent UR awarded a complimentary trip to EuroDisinc Trav, Aco&Entry41 Or å£1000. To claim txt DIS to 87121 18+6*å£1.50(moreFrmMob. ShrAcomOrSglSuplt)10, LS1 3AJ",161,urgent ur award complimentari trip eurodisinc trav aco $$$ claim txt dis $$$ morefrmmob shracomorsglsuplt,1
spam,"Did you hear about the new \Divorce Barbie\""? It comes with all of Ken's stuff!""",80,hear new divorc barbi come ken stuff,1
ham,I plane to give on this month end.,34,plane give month end,0
ham,Wah lucky man... Then can save money... Hee...,46,wah lucki man save money hee,0
ham,Finished class where are you.,29,finish class,0
ham,HI BABE IM AT HOME NOW WANNA DO SOMETHING? XX,45,hi babe home wanna someth xx,0
ham,K..k:)where are you?how did you performed?,42,k k perform,0
ham,U can call me now...,20,call,0
ham,I am waiting machan. Call me once you free.,43,wait machan call free,0
ham,Thats cool. i am a gentleman and will treat you with dignity and respect.,73,that cool gentleman treat digniti respect,0
ham,I like you peoples very much:) but am very shy pa.,50,like peopl much shi pa,0
ham,Does not operate after  &lt;#&gt;  or what,42,oper,0
ham,Its not the same here. Still looking for a job. How much do Ta's earn there.,76,still look job much ta earn,0
ham,"Sorry, I'll call later",22,sorri call later,0
ham,K. Did you call me just now ah? ,32,k call ah,0
ham,Ok i am on the way to home hi hi,32,ok way home hi hi,0
ham,You will be in the place of that man,36,place man,0
ham,Yup next stop.,14,yup next stop,0
ham,"I call you later, don't have network. If urgnt, sms me.",55,call later network urgnt sms,0
ham,For real when u getting on yo? I only need 2 more tickets and one more jacket and I'm done. I already used all my multis.,121,real get yo need ticket one jacket done alreadi use multi,0
ham,Yes I started to send requests to make it but pain came back so I'm back in bed. Double coins at the factory too. I gotta cash in all my nitros.,144,yes start send request make pain came back back bed doubl coin factori gotta cash nitro,0
ham,I'm really not up to it still tonight babe,42,realli still tonight babe,0
ham,"Ela kano.,il download, come wen ur free..",41,ela kano il download come wen ur free,0
ham,Yeah do! DonÛ÷t stand to close tho- youÛ÷ll catch something!,62,yeah stand close tho catch someth,0
ham,Sorry to be a pain. Is it ok if we meet another night? I spent late afternoon in casualty and that means i haven't done any of y stuff42moro and that includes all my time sheets and that. Sorry. ,195,sorri pain ok meet anoth night spent late afternoon casualti mean done includ time sheet sorri,0
ham,Smile in Pleasure Smile in Pain Smile when trouble pours like Rain Smile when sum1 Hurts U Smile becoz SOMEONE still Loves to see u Smiling!!,141,smile pleasur smile pain smile troubl pour like rain smile hurt smile becoz someon still love see smile,0
spam,Please call our customer service representative on 0800 169 6031 between 10am-9pm as you have WON a guaranteed å£1000 cash or å£5000 prize!,139,pleas call custom servic repres guarante $$$ cash $$$ prize,1
ham,Havent planning to buy later. I check already lido only got 530 show in e afternoon. U finish work already?,107,havent plan buy later check alreadi lido got show e afternoon finish work alreadi,0
spam,"Your free ringtone is waiting to be collected. Simply text the password \MIX\"" to 85069 to verify. Get Usher and Britney. FML",125,free rington wait collect simpli text password mix verifi get usher britney fml,1
ham,Watching telugu movie..wat abt u?,33,watch telugu movi wat abt,0
ham,i see. When we finish we have loads of loans to pay,51,see finish load loan pay,0
ham,"Hi. Wk been ok - on hols now! Yes on for a bit of a run. Forgot that i have hairdressers appointment at four so need to get home n shower beforehand. Does that cause prob for u?\""ham""",184,hi wk ok hol yes bit run forgot hairdress appoint four need get home n shower beforehand caus prob ham,0
ham,Please don't text me anymore. I have nothing else to say.,57,pleas text anymor noth els say,0
ham,Okay name ur price as long as its legal! Wen can I pick them up? Y u ave x ams xx,81,okay name ur price long legal wen pick ave x am xx,0
ham,I'm still looking for a car to buy. And have not gone 4the driving test yet.,76,still look car buy gone drive test yet,0
ham,"wow. You're right! I didn't mean to do that. I guess once i gave up on boston men and changed my search location to nyc, something changed. Cuz on my signin page it still says boston.",183,wow right mean guess gave boston men chang search locat nyc someth chang cuz signin page still say boston,0
ham,Umma my life and vava umma love you lot dear,44,umma life vava umma love lot dear,0
ham,Thanks a lot for your wishes on my birthday. Thanks you for making my birthday truly memorable.,95,thank lot wish birthday thank make birthday truli memor,0
ham,"Aight, I'll hit you up when I get some cash",43,aight hit get cash,0
ham,How would my ip address test that considering my computer isn't a minecraft server,82,would ip address test consid comput minecraft server,0
ham,I know! Grumpy old people. My mom was like you better not be lying. Then again I am always the one to play jokes...,115,know grumpi old peopl mom like better lie alway one play joke,0
ham,Dont worry. I guess he's busy.,30,dont worri guess busi,0
ham,What is the plural of the noun research?,40,plural noun research,0
ham,Going for dinner.msg you after.,31,go dinner msg,0
ham,I'm ok wif it cos i like 2 try new things. But i scared u dun like mah. Cos u said not too loud.,96,ok wif cos like tri new thing scare dun like mah cos said loud,0
spam,GENT! We are trying to contact you. Last weekends draw shows that you won a å£1000 prize GUARANTEED. Call 09064012160. Claim Code K52. Valid 12hrs only. 150ppm,159,gent tri contact last weekend draw show $$$ prize guarante call claim code valid,1
ham,"Wa, ur openin sentence very formal... Anyway, i'm fine too, juz tt i'm eatin too much n puttin on weight...Haha... So anythin special happened?",143,wa ur openin sentenc formal anyway fine juz tt eatin much n puttin weight haha anythin special happen,0
ham,"As I entered my cabin my PA said, '' Happy B'day Boss !!''. I felt special. She askd me 4 lunch. After lunch she invited me to her apartment. We went there.",156,enter cabin pa said happi b day boss felt special askd lunch lunch invit apart went,0
spam,You are a winner U have been specially selected 2 receive å£1000 or a 4* holiday (flights inc) speak to a live operator 2 claim 0871277810910p/min (18+) ,153,winner special select receiv $$$ holiday flight inc speak live oper claim min,1
ham,Goodo! Yes we must speak friday - egg-potato ratio for tortilla needed! ,72,goodo yes must speak friday egg potato ratio tortilla need,0
ham,Hmm...my uncle just informed me that he's paying the school directly. So pls buy food.,86,hmm uncl inform pay school direct pls buy food,0
spam,PRIVATE! Your 2004 Account Statement for 07742676969 shows 786 unredeemed Bonus Points. To claim call 08719180248 Identifier Code: 45239 Expires,144,privat account statement show unredeem bonus point claim call identifi code expir,1
spam,"URGENT! Your Mobile No. was awarded å£2000 Bonus Caller Prize on 5/9/03 This is our final try to contact U! Call from Landline 09064019788 BOX42WR29C, 150PPM",157,urgent mobil award $$$ bonus caller prize final tri contact call landlin,1
ham,here is my new address -apples&pairs&all that malarky,53,new address appl pair malarki,0
spam,Todays Voda numbers ending 7548 are selected to receive a $350 award. If you have a match please call 08712300220 quoting claim code 4041 standard rates app,156,today voda number end select receiv $$$ award match pleas call quot claim code standard rate app,1
ham,I am going to sao mu today. Will be done only at 12 ,52,go sao mu today done,0
ham,ÌÏ predict wat time Ì_'ll finish buying?,40,iï predict wat time finish buy,0
ham,"Good stuff, will do.",20,good stuff,0
ham,"Just so that you know,yetunde hasn't sent money yet. I just sent her a text not to bother sending. So its over, you dont have to involve yourself in anything. I shouldn't have imposed anything on you in the first place so for that, i apologise.",244,know yetund sent money yet sent text bother send dont involv anyth impos anyth first place apologis,0
ham,Are you there in room.,22,room,0
ham,HEY GIRL. HOW R U? HOPE U R WELL ME AN DEL R BAK! AGAIN LONG TIME NO C! GIVE ME A CALL SUM TIME FROM LUCYxx,107,hey girl r hope r well del r bak long time give call sum time lucyxx,0
ham,K..k:)how much does it cost?,28,k k much cost,0
ham,I'm home.,9,home,0
ham,"Dear, will call Tmorrow.pls accomodate.",39,dear call tmorrow pls accomod,0
ham,First answer my question.,25,first answer question,0
spam,Sunshine Quiz Wkly Q! Win a top Sony DVD player if u know which country the Algarve is in? Txt ansr to 82277. å£1.50 SP:Tyrone,126,sunshin quiz wkli q win top soni dvd player know countri algarv txt ansr $$$ sp tyron,1
spam,Want 2 get laid tonight? Want real Dogging locations sent direct 2 ur mob? Join the UK's largest Dogging Network bt Txting GRAVEL to 69888! Nt. ec2a. 31p.msg@150p,162,want get laid tonight want real dog locat sent direct ur mob join uk largest dog network bt txting gravel nt msg,1
ham,I only haf msn. It's yijue@hotmail.com,38,haf msn http,0
ham,He is there. You call and meet him,34,call meet,0
ham,No no. I will check all rooms befor activities,46,check room befor activ,0
spam,You'll not rcv any more msgs from the chat svc. For FREE Hardcore services text GO to: 69988 If u get nothing u must Age Verify with yr network & try again,155,rcv msgs chat svc free hardcor servic text go get noth must age verifi yr network tri,1
ham,Got c... I lazy to type... I forgot Ì_ in lect... I saw a pouch but like not v nice...,86,got lazi type forgot lect saw pouch like v nice,0
ham,"K, text me when you're on the way",33,k text way,0
ham,"Sir, Waiting for your mail.",27,sir wait mail,0
ham,"A swt thought: \Nver get tired of doing little things 4 lovable persons..\"" Coz..somtimes those little things occupy d biggest part in their Hearts.. Gud ni8""",158,swt thought nver get tire littl thing lovabl person coz somtim littl thing occupi biggest part heart gud,0
ham,I know you are. Can you pls open the back?,42,know pls open back,0
ham,Yes see ya not on the dot,25,yes see ya dot,0
ham,Whats the staff name who is taking class for us?,48,what staff name take class us,0
spam,"FreeMsg Why haven't you replied to my text? I'm Randy, sexy, female and live local. Luv to hear from u. Netcollex Ltd 08700621170150p per msg reply Stop to end",159,freemsg repli text randi sexi femal live local luv hear netcollex ltd per msg repli stop end,1
ham,Ummma.will call after check in.our life will begin from qatar so pls pray very hard.,84,ummma call check life begin qatar pls pray hard,0
ham,K..i deleted my contact that why?,33,k delet contact,0
ham,Sindu got job in birla soft ..,30,sindu got job birla soft,0
ham,The wine is flowing and i'm i have nevering..,45,wine flow never,0
ham,Yup i thk cine is better cos no need 2 go down 2 plaza mah.,59,yup thk cine better cos need go plaza mah,0
ham,Ok... Ur typical reply...,25,ok ur typic repli,0
ham,"You are everywhere dirt, on the floor, the windows, even on my shirt. And sometimes when i open my mouth, you are all that comes flowing out. I dream of my world without you, then half my chores are out too. A time of joy for me, lots of tv shows i.ll see. But i guess like all things you just must exist, like rain, hail and mist, and when my time here is done, you and i become one.",384,everywher dirt floor window even shirt sometim open mouth come flow dream world without half chore time joy lot tv show see guess like thing must exist like rain hail mist time done becom one,0
ham,Aaooooright are you at work?,28,aaooooright work,0
ham,I'm leaving my house now...,27,leav hous,0
ham,"Hello, my love. What are you doing? Did you get to that interview today? Are you you happy? Are you being a good boy? Do you think of me?Are you missing me ?",157,hello love get interview today happi good boy think miss,0
spam,Customer service annoncement. You have a New Years delivery waiting for you. Please call 07046744435 now to arrange delivery,124,custom servic annonc new year deliveri wait pleas call arrang deliveri,1
spam,You are a winner U have been specially selected 2 receive å£1000 cash or a 4* holiday (flights inc) speak to a live operator 2 claim 0871277810810,146,winner special select receiv $$$ cash holiday flight inc speak live oper claim,1
ham,Keep yourself safe for me because I need you and I miss you already and I envy everyone that see's you in real life,115,keep safe need miss alreadi envi everyon see real life,0
ham,New car and house for my parents.:)i have only new job in hand:),64,new car hous parent new job hand,0
ham,I'm so in love with you. I'm excited each day i spend with you. You make me so happy.,85,love excit day spend make happi,0
spam,-PLS STOP bootydelious (32/F) is inviting you to be her friend. Reply YES-434 or NO-434 See her: www.SMS.ac/u/bootydelious STOP? Send STOP FRND to 62468,152,pls stop bootydeli f invit friend repli yes see http stop send stop frnd,1
spam,"BangBabes Ur order is on the way. U SHOULD receive a Service Msg 2 download UR content. If U do not, GoTo wap. bangb. tv on UR mobile internet/service menu",155,bangbab ur order way receiv servic msg download ur content goto wap bangb tv ur mobil internet servic menu,1
ham,I place all ur points on e cultures module already.,51,place ur point e cultur modul alreadi,0
spam,URGENT! We are trying to contact you. Last weekends draw shows that you have won a å£900 prize GUARANTEED. Call 09061701939. Claim code S89. Valid 12hrs only,157,urgent tri contact last weekend draw show $$$ prize guarante call claim code valid,1
ham,"Hi frnd, which is best way to avoid missunderstding wit our beloved one's?",74,hi frnd best way avoid missunderstd wit belov one,0
ham,Great escape. I fancy the bridge but needs her lager. See you tomo ,67,great escap fanci bridg need lager see tomo,0
ham,Yes :)it completely in out of form:)clark also utter waste.,59,yes complet form clark also utter wast,0
ham,"Sir, I need AXIS BANK account no and bank address.",50,sir need axi bank account bank address,0
ham,"Hmmm.. Thk sure got time to hop ard... Ya, can go 4 free abt... Muz call u to discuss liao... ",94,hmmm thk sure got time hop ard ya go free abt muz call discuss liao,0
ham,What time you coming down later? ,33,time come later,0
ham,"Bloody hell, cant believe you forgot my surname Mr . Ill give u a clue, its spanish and begins with m... ",105,bloodi hell cant believ forgot surnam mr ill give clue spanish begin,0
ham,"Well, i'm gonna finish my bath now. Have a good...fine night.",61,well gonna finish bath good fine night,0
ham,Let me know when you've got the money so carlos can make the call,65,let know got money carlo make call,0
ham,U still going to the mall?,26,still go mall,0
ham,"Turns out my friends are staying for the whole show and won't be back til ~ &lt;#&gt; , so feel free to go ahead and smoke that $ &lt;#&gt;  worth",146,turn friend stay whole show back til feel free go ahead smoke $$$ worth,0
ham,Text her. If she doesnt reply let me know so i can have her log in,66,text doesnt repli let know log,0
ham,Hi! You just spoke to MANEESHA V. We'd like to know if you were satisfied with the experience. Reply Toll Free with Yes or No.,126,hi spoke maneesha v like know satisfi experi repli toll free yes,0
ham,You lifted my hopes with the offer of money. I am in need. Especially when the end of the month approaches and it hurts my studying. Anyways have a gr8 weekend,159,lift hope offer money need especi end month approach hurt studi anyway weekend,0
ham,Lol no. U can trust me.,23,lol trust,0
ham,ok. I am a gentleman and will treat you with dignity and respect.,65,ok gentleman treat digniti respect,0
ham,"He will, you guys close?",24,guy close,0
ham,Going on nothing great.bye,26,go noth great bye,0
ham,Hello handsome ! Are you finding that job ? Not being lazy ? Working towards getting back that net for mummy ? Where's my boytoy now ? Does he miss me ?,152,hello handsom find job lazi work toward get back net mummi boytoy miss,0
ham,"Haha awesome, be there in a minute",34,haha awesom minut,0
spam,Please call our customer service representative on FREEPHONE 0808 145 4742 between 9am-11pm as you have WON a guaranteed å£1000 cash or å£5000 prize!,149,pleas call custom servic repres freephon guarante $$$ cash $$$ prize,1
ham,Have you got Xmas radio times. If not i will get it now,55,got xmas radio time get,0
ham,I jus reached home. I go bathe first. But my sis using net tell u when she finishes k...,88,jus reach home go bath first sis use net tell finish k,0
spam,Are you unique enough? Find out from 30th August. www.areyouunique.co.uk,72,uniqu enough find august http,1
ham,I'm sorry. I've joined the league of people that dont keep in touch. You mean a great deal to me. You have been a friend at all times even at great personal cost. Do have a great week.|,185,sorri join leagu peopl dont keep touch mean great deal friend time even great person cost great week,0
ham,Hi :)finally i completed the course:),37,hi final complet cours,0
ham,It will stop on itself. I however suggest she stays with someone that will be able to give ors for every stool.,111,stop howev suggest stay someon abl give or everi stool,0
ham,How are you doing? Hope you've settled in for the new school year. Just wishin you a gr8 day,92,hope settl new school year wishin day,0
ham,Gud mrng dear hav a nice day,28,gud mrng dear hav nice day,0
ham,Did u got that persons story,28,got person stori,0
ham,is your hamster dead? Hey so tmr i meet you at 1pm orchard mrt? ,64,hamster dead hey tmr meet orchard mrt,0
ham,Hi its Kate how is your evening? I hope i can see you tomorrow for a bit but i have to bloody babyjontet! Txt back if u can. :) xxx,131,hi kate even hope see tomorrow bit bloodi babyjontet txt back xxx,0
ham,"Found it, ENC  &lt;#&gt; , where you at?",40,found enc,0
ham,I sent you  &lt;#&gt;  bucks,28,sent buck,0
ham,Hello darlin ive finished college now so txt me when u finish if u can love Kate xxx,84,hello darlin ive finish colleg txt finish love kate xxx,0
ham,Your account has been refilled successfully by INR  &lt;DECIMAL&gt; . Your KeralaCircle prepaid account balance is Rs  &lt;DECIMAL&gt; . Your Transaction ID is KR &lt;#&gt; .,174,account refil success inr keralacircl prepaid account balanc rs transact id kr,0
ham,Goodmorning sleeping ga.,24,goodmorn sleep ga,0
ham,U call me alter at 11 ok.,25,call alter ok,0
ham,ÌÏ say until like dat i dun buy ericsson oso cannot oredi lar...,64,iï say like dat dun buy ericsson oso cannot oredi lar,0
ham,"Aight yo, dats straight dogg",28,aight yo dat straight dogg,0
ham,You please give us connection today itself before  &lt;DECIMAL&gt;  or refund the bill,86,pleas give us connect today refund bill,0
ham,Both :) i shoot big loads so get ready!,39,shoot big load get readi,0
ham,"What's up bruv, hope you had a great break. Do have a rewarding semester.",73,bruv hope great break reward semest,0
ham,Home so we can always chat,26,home alway chat,0
ham,K:)k:)good:)study well.,23,k k good studi well,0
ham,Yup... How Ì_ noe leh...,24,yup noe leh,0
ham,Sounds great! Are you home now?,31,sound great home,0
ham,Finally the match heading towards draw as your prediction.,58,final match head toward draw predict,0
ham,Tired. I haven't slept well the past few nights.,48,tire slept well past night,0
ham,Easy ah?sen got selected means its good..,41,easi ah sen got select mean good,0
ham,I have to take exam with march 3,32,take exam march,0
ham,Yeah you should. I think you can use your gt atm now to register. Not sure but if there's anyway i can help let me know. But when you do be sure you are ready.,159,yeah think use gt atm regist sure anyway help let know sure readi,0
ham,Ok no prob. Take ur time.,25,ok prob take ur time,0
ham,There is os called ubandu which will run without installing in hard disk...you can use that os to copy the important files in system and give it to repair shop..,161,os call ubandu run without instal hard disk use os copi import file system give repair shop,0
ham,U say leh... Of course nothing happen lar. Not say v romantic jus a bit only lor. I thk e nite scenery not so nice leh.,119,say leh cours noth happen lar say v romant jus bit lor thk e nite sceneri nice leh,0
spam,"500 New Mobiles from 2004, MUST GO! Txt: NOKIA to No: 89545 & collect yours today!From ONLY å£1 www.4-tc.biz 2optout 087187262701.50gbp/mtmsg18",143,new mobil must go txt nokia collect today $$$ http,1
ham,Would really appreciate if you call me. Just need someone to talk to.,69,would realli appreci call need someon talk,0
spam,"Will u meet ur dream partner soon? Is ur career off 2 a flyng start? 2 find out free, txt HORO followed by ur star sign, e. g. HORO ARIES",137,meet ur dream partner soon ur career flyng start find free txt horo follow ur star sign e g horo ari,1
ham,Hey company elama po mudyadhu.,30,hey compani elama po mudyadhu,0
ham,"Life is more strict than teacher... Bcoz Teacher teaches lesson &amp; then conducts exam, But Life first conducts Exam &amp; then teaches Lessons. Happy morning. . .",165,life strict teacher bcoz teacher teach lesson conduct exam life first conduct exam teach lesson happi morn,0
ham,Dear good morning now only i am up,34,dear good morn,0
ham,Get down in gandhipuram and walk to cross cut road. Right side &lt;#&gt; street road and turn at first right.,109,get gandhipuram walk cross cut road right side street road turn first right,0
ham,Dear we are going to our rubber place,37,dear go rubber place,0
ham,"Sorry battery died, yeah I'm here",33,sorri batteri die yeah,0
ham,Yes:)here tv is always available in work place..,48,yes tv alway avail work place,0
spam,Text & meet someone sexy today. U can find a date or even flirt its up to U. Join 4 just 10p. REPLY with NAME & AGE eg Sam 25. 18 -msg recd@thirtyeight pence,157,text meet someon sexi today find date even flirt join repli name age eg sam msg recd thirtyeight penc,1
ham,I have printed it oh. So  &lt;#&gt;  come upstairs,50,print oh come upstair,0
ham,Or ill be a little closer like at the bus stop on the same street,65,ill littl closer like bus stop street,0
ham,Where are you?when wil you reach here?,38,wil reach,0
ham,"New Theory: Argument wins d SITUATION, but loses the PERSON. So dont argue with ur friends just.. . . . kick them &amp; say, I'm always correct.!",145,new theori argument win situat lose person dont argu ur friend kick say alway correct,0
spam,U 447801259231 have a secret admirer who is looking 2 make contact with U-find out who they R*reveal who thinks UR so special-call on 09058094597,145,secret admir look make contact find r reveal think ur special call,1
ham,Tomarrow final hearing on my laptop case so i cant.,51,tomarrow final hear laptop case cant,0
ham,PLEASSSSSSSEEEEEE TEL ME V AVENT DONE SPORTSx,45,pleassssssseeeee tel v avent done sportsx,0
ham,"Okay. No no, just shining on. That was meant to be signing, but that sounds better.",83,okay shine meant sign sound better,0
ham,"Although i told u dat i'm into baig face watches now but i really like e watch u gave cos it's fr u. Thanx 4 everything dat u've done today, i'm touched...",155,although told dat baig face watch realli like e watch gave cos fr thanx everyth dat done today touch,0
ham,U don't remember that old commercial?,37,rememb old commerci,0
ham,Too late. I said i have the website. I didn't i have or dont have the slippers,78,late said websit dont slipper,0
ham,I asked you to call him now ok,30,ask call ok,0
ham,Kallis wont bat in 2nd innings.,31,kalli wont bat inning,0
ham,It didnt work again oh. Ok goodnight then. I.ll fix and have it ready by the time you wake up. You are very dearly missed have a good night sleep.,146,didnt work oh ok goodnight fix readi time wake dear miss good night sleep,0
spam,Congratulations ur awarded 500 of CD vouchers or 125gift guaranteed & Free entry 2 100 wkly draw txt MUSIC to 87066 TnCs www.Ldew.com1win150ppmx3age16,150,congratul ur award cd voucher guarante free entri wkli draw txt music tncs http,1
ham,Ranjith cal drpd Deeraj and deepak 5min hold,44,ranjith cal drpd deeraj deepak hold,0
ham,"Wen ur lovable bcums angry wid u, dnt take it seriously.. Coz being angry is d most childish n true way of showing deep affection, care n luv!.. kettoda manda... Have nice day da.",179,wen ur lovabl bcum angri wid dnt take serious coz angri childish n true way show deep affect care n luv kettoda manda nice day da,0
ham,What you doing?how are you?,27,,0
ham,"Ups which is 3days also, and the shipping company that takes 2wks. The other way is usps which takes a week but when it gets to lag you may have to bribe nipost to get your stuff.",179,up also ship compani take way usp take week get lag may bribe nipost get stuff,0
ham,"I'm back, lemme know when you're ready",38,back lemm know readi,0
ham,Don't necessarily expect it to be done before you get back though because I'm just now headin out,97,necessarili expect done get back though headin,0
ham,Mmm so yummy babe ... Nice jolt to the suzy,43,mmm yummi babe nice jolt suzi,0
ham,Where are you lover ? I need you ...,36,lover need,0
spam,We tried to contact you re your reply to our offer of a Video Handset? 750 anytime networks mins? UNLIMITED TEXT? Camcorder? Reply or call 08000930705 NOW,154,tri contact repli offer video handset anytim network min unlimit text camcord repli call,1
ham,IÛ÷m parked next to a MINI!!!! When are you coming in today do you think?,74,park next mini come today think,0
ham,Yup,3,yup,0
ham,Anyway i'm going shopping on my own now. Cos my sis not done yet. Dun disturb u liao.,85,anyway go shop cos sis done yet dun disturb liao,0
ham,MY NO. IN LUTON 0125698789 RING ME IF UR AROUND! H*,51,luton ring ur around h,0
spam,Hey I am really horny want to chat or see me naked text hot to 69698 text charged at 150pm to unsubscribe text stop 69698,121,hey realli horni want chat see nake text hot text charg unsubscrib text stop,1
ham,Why you Dint come with us.,26,dint come us,0
ham,Same. Wana plan a trip sometme then,35,wana plan trip sometm,0
ham,"Not sure yet, still trying to get a hold of him",47,sure yet still tri get hold,0
spam,Ur ringtone service has changed! 25 Free credits! Go to club4mobiles.com to choose content now! Stop? txt CLUB STOP to 87070. 150p/wk Club4 PO Box1146 MK45 2WT,159,ur rington servic chang free credit go http choos content stop txt club stop wk po,1
ham,The evo. I just had to download flash. Jealous?,47,evo download flash jealous,0
spam,Ringtone Club: Get the UK singles chart on your mobile each week and choose any top quality ringtone! This message is free of charge.,133,rington club get uk singl chart mobil week choos top qualiti rington messag free charg,1
ham,"Come to mu, we're sorting out our narcotics situation",53,come mu sort narcot situat,0
ham,"Night has ended for another day, morning has come in a special way. May you smile like the sunny rays and leaves your worries at the blue blue bay.",147,night end anoth day morn come special way may smile like sunni ray leav worri blue blue bay,0
spam,HMV BONUS SPECIAL 500 pounds of genuine HMV vouchers to be won. Just answer 4 easy questions. Play Now! Send HMV to 86688 More info:www.100percent-real.com,155,hmv bonus special pound genuin hmv voucher answer easi question play send hmv http,1
ham,"Usf I guess, might as well take 1 car",37,usf guess might well take car,0
ham,No objection. My bf not coming.,31,object bf come,0
ham,Thanx...,8,thanx,0
ham,Tell rob to mack his gf in the theater,38,tell rob mack gf theater,0
ham,"Awesome, I'll see you in a bit",30,awesom see bit,0
ham,Just sent it. So what type of food do you like?,47,sent type food like,0
ham,All done? All handed in? Celebrations in full swing yet?,56,done hand celebr full swing yet,0
ham,You got called a tool?,22,got call tool,0
ham,\Wen u miss someone,19,wen miss someon,0
ham,Ok. I asked for money how far,29,ok ask money far,0
ham,Okie...,7,oki,0
ham,"Yeah I think my usual guy's still passed out from last night, if you get ahold of anybody let me know and I'll throw down",121,yeah think usual guy still pass last night get ahold anybodi let know throw,0
ham,"K, I might come by tonight then if my class lets out early",58,k might come tonight class let earli,0
ham,Ok..,4,ok,0
ham,hi baby im cruisin with my girl friend what r u up 2? give me a call in and hour at home if thats alright or fone me on this fone now love jenny xxx,148,hi babi cruisin girl friend r give call hour home that alright fone fone love jenni xxx,0
ham,"My life Means a lot to me, Not because I love my life, But because I love the people in my life, The world calls them friends, I call them my World:-).. Ge:-)..",160,life mean lot love life love peopl life world call friend call world ge,0
ham,"Dear,shall mail tonite.busy in the street,shall update you tonite.things are looking ok.varunnathu edukkukayee raksha ollu.but a good one in real sense.",152,dear shall mail tonit busi street shall updat tonit thing look ok varunnathu edukkukaye raksha ollu good one real sens,0
ham,Hey you told your name to gautham ah?,37,hey told name gautham ah,0
ham,Haf u found him? I feel so stupid da v cam was working.,55,haf found feel stupid da v cam work,0
ham,Oops. 4 got that bit.,21,oop got bit,0
ham,Are you this much buzy,22,much buzi,0
ham,I accidentally deleted the message. Resend please.,50,accident delet messag resend pleas,0
spam,T-Mobile customer you may now claim your FREE CAMERA PHONE upgrade & a pay & go sim card for your loyalty. Call on 0845 021 3680.Offer ends 28thFeb.T&C's apply,159,mobil custom may claim free camera phone upgrad pay go sim card loyalti call offer end appli,1
ham,Unless it's a situation where YOU GO GURL would be more appropriate,67,unless situat go gurl would appropri,0
ham,Hurt me... Tease me... Make me cry... But in the end of my life when i die plz keep one rose on my grave and say STUPID I MISS U.. HAVE A NICE DAY BSLVYL,153,hurt teas make cri end life die plz keep one rose grave say stupid miss nice day bslvyl,0
ham,I cant pick the phone right now. Pls send a message,51,cant pick phone right pls send messag,0
ham,Need a coffee run tomo?Can't believe it's that time of week already,67,need coffe run tomo believ time week alreadi,0
ham,"Awesome, I remember the last time we got somebody high for the first time with diesel :V",88,awesom rememb last time got somebodi high first time diesel v,0
ham,"Shit that is really shocking and scary, cant imagine for a second. Def up for night out. Do u think there is somewhere i could crash for night, save on taxi?",157,shit realli shock scari cant imagin second def night think somewher could crash night save taxi,0
ham,Oh and by the way you do have more food in your fridge! Want to go out for a meal tonight? ,91,oh way food fridg want go meal tonight,0
ham,He is a womdarfull actor,24,womdarful actor,0
spam,"SMS. ac Blind Date 4U!: Rodds1 is 21/m from Aberdeen, United Kingdom. Check Him out http://img. sms. ac/W/icmb3cktz8r7!-4 no Blind Dates send HIDE",146,sms ac blind date aberdeen unit kingdom check http sms ac w blind date send hide,1
ham,Yup... From what i remb... I think should be can book... ,57,yup remb think book,0
ham,Jos ask if u wana meet up?,26,jos ask wana meet,0
ham,Lol yes. Our friendship is hanging on a thread cause u won't buy stuff.,71,lol yes friendship hang thread caus buy stuff,0
spam,"TheMob> Check out our newest selection of content, Games, Tones, Gossip, babes and sport, Keep your mobile fit and funky text WAP to 82468",138,themob check newest select content game tone gossip babe sport keep mobil fit funki text wap,1
ham,Where are the garage keys? They aren't on the bookshelf,55,garag key bookshelf,0
ham,Today is ACCEPT DAY..U Accept me as? Brother Sister Lover Dear1 Best1 Clos1 Lvblefrnd Jstfrnd Cutefrnd Lifpartnr Belovd Swtheart Bstfrnd No rply means enemy,156,today accept day accept brother sister lover lvblefrnd jstfrnd cutefrnd lifpartnr belovd swtheart bstfrnd rpli mean enemi,0
spam,"Think ur smart ? Win å£200 this week in our weekly quiz, text PLAY to 85222 now!T&Cs WinnersClub PO BOX 84, M26 3UZ. 16+. GBP1.50/week",134,think ur smart win $$$ week week quiz text play cs winnersclub po box week,1
ham,He says he'll give me a call when his friend's got the money but that he's definitely buying before the end of the week,119,say give call friend got money definit buy end week,0
ham,"Hi the way I was with u 2day, is the normal way&this is the real me. UR unique&I hope I know u 4 the rest of mylife. Hope u find wot was lost.",142,hi way normal way real ur uniqu hope know rest mylif hope find wot lost,0
ham,You made my day. Do have a great day too.,41,made day great day,0
ham,K.k:)advance happy pongal.,26,k k advanc happi pongal,0
ham,"Hmmm... Guess we can go 4 kb n power yoga... Haha, dunno we can tahan power yoga anot... Thk got lo oso, forgot liao...",119,hmmm guess go kb n power yoga haha dunno tahan power yoga anot thk got lo oso forgot liao,0
ham,"Not really dude, have no friends i'm afraid :(",46,realli dude friend afraid,0
spam,December only! Had your mobile 11mths+? You are entitled to update to the latest colour camera mobile for Free! Call The Mobile Update Co FREE on 08002986906,157,decemb mobil entitl updat latest colour camera mobil free call mobil updat co free,1
ham,"Coffee cake, i guess...",23,coffe cake guess,0
ham,"Merry Christmas to you too babe, i love ya *kisses*",51,merri christma babe love ya kiss,0
ham,Hey... Why dont we just go watch x men and have lunch... Haha ,62,hey dont go watch x men lunch haha,0
ham,cud u tell ppl im gona b a bit l8 cos 2 buses hav gon past cos they were full & im still waitin 4 1. Pete x,107,cud tell ppl gona b bit cos buse hav gon past cos full still waitin pete x,0
ham,That would be great. We'll be at the Guild. Could meet on Bristol road or somewhere - will get in touch over weekend. Our plans take flight! Have a good week,157,would great guild could meet bristol road somewher get touch weekend plan take flight good week,0
ham,No problem. How are you doing?,30,problem,0
ham,Hi da:)how is the todays class?,31,hi da today class,0
ham,"I'd say that's a good sign but, well, you know my track record at reading women",79,say good sign well know track record read women,0
ham,"Cool, text me when you're parked",32,cool text park,0
ham,I'm reading the text i just sent you. Its meant to be a joke. So read it in that light,86,read text sent meant joke read light,0
ham,K.k:)apo k.good movie.,22,k k apo k good movi,0
ham,Maybe i could get book out tomo then return it immediately ..? Or something.,76,mayb could get book tomo return immedi someth,0
spam,Call Germany for only 1 pence per minute! Call from a fixed line via access number 0844 861 85 85. No prepayment. Direct access!,128,call germani penc per minut call fix line via access number prepay direct access,1
ham,Any chance you might have had with me evaporated as soon as you violated my privacy by stealing my phone number from your employer's paperwork. Not cool at all. Please do not contact me again or I will report you to your supervisor.,232,chanc might evapor soon violat privaci steal phone number employ paperwork cool pleas contact report supervisor,0
spam,Valentines Day Special! Win over å£1000 in our quiz and take your partner on the trip of a lifetime! Send GO to 83600 now. 150p/msg rcvd. CustCare:08718720201.,159,valentin day special win $$$ quiz take partner trip lifetim send go msg rcvd custcar,1
ham,"Ta-Daaaaa! I am home babe, are you still up ?",45,ta daaaaa home babe still,0
ham,Cool. So how come you havent been wined and dined before?,57,cool come havent wine dine,0
ham,Just sleeping..and surfing,26,sleep surf,0
ham,U calling me right? Call my hand phone...,41,call right call hand phone,0
ham,Ok that's great thanx a lot.,28,ok great thanx lot,0
ham,I take it the post has come then! You must have 1000s of texts now! Happy reading. My one from wiv hello caroline at the end is my favourite. Bless him,151,take post come must text happi read one wiv hello carolin end favourit bless,0
ham,Where u been hiding stranger?,29,hide stranger,0
ham,Am not interested to do like that.,34,interest like,0
ham,My sister cleared two round in birla soft yesterday.,52,sister clear two round birla soft yesterday,0
ham,Gudnite....tc...practice going on,33,gudnit tc practic go,0
ham,Dis is yijue. I jus saw ur mail. In case huiming havent sent u my num. Dis is my num.,85,dis yiju jus saw ur mail case huim havent sent num dis num,0
ham,One small prestige problem now.,31,one small prestig problem,0
spam,Fancy a shag? I do.Interested? sextextuk.com txt XXUK SUZY to 69876. Txts cost 1.50 per msg. TnCs on website. X,111,fanci shag interest http txt xxuk suzi txts cost per msg tncs websit x,1
ham,Just checking in on you. Really do miss seeing Jeremiah. Do have a great month,78,check realli miss see jeremiah great month,0
ham,"Nah can't help you there, I've never had an iphone",50,nah help never iphon,0
ham,If you're not in my car in an hour and a half I'm going apeshit,63,car hour half go apeshit,0
ham,"TODAY is Sorry day.! If ever i was angry with you, if ever i misbehaved or hurt you? plz plz JUST SLAP URSELF Bcoz, Its ur fault, I'm basically GOOD",148,today sorri day ever angri ever misbehav hurt plz plz slap urself bcoz ur fault basic good,0
ham,Yo you guys ever figure out how much we need for alcohol? Jay and I are trying to figure out how much we can safely spend on weed,129,yo guy ever figur much need alcohol jay tri figur much safe spend weed,0
ham,&lt;#&gt; ISH MINUTES WAS 5 MINUTES AGO. WTF.,45,ish minut minut ago wtf,0
ham,"Thank You for calling.Forgot to say Happy Onam to you Sirji.I am fine here and remembered you when i met an insurance person.Meet You in Qatar Insha Allah.Rakhesh, ex Tata AIG who joined TISSCO,Tayseer.",202,thank call forgot say happi onam sirji fine rememb met insur person meet qatar insha allah rakhesh ex tata aig join tissco tayseer,0
spam,Ur cash-balance is currently 500 pounds - to maximize ur cash-in now send CASH to 86688 only 150p/msg. CC: 08708800282 HG/Suite342/2Lands Row/W1J6HL,148,ur cash balanc current pound maxim ur cash send cash msg cc hg row,1
ham,"I'm an actor. When i work, i work in the evening and sleep late. Since i'm unemployed at the moment, i ALWAYS sleep late. When you're unemployed, every day is saturday.",168,actor work work even sleep late sinc unemploy moment alway sleep late unemploy everi day saturday,0
ham,"Hello! Just got here, st andrews-boy its a long way! Its cold. I will keep you posted",85,hello got st andrew boy long way cold keep post,0
ham,Ha ha cool cool chikku chikku:-):-DB-),38,ha ha cool cool chikku chikku db,0
ham,Oh ok no prob..,15,oh ok prob,0
ham,Check audrey's status right now,31,check audrey status right,0
ham,Busy here. Trying to finish for new year. I am looking forward to finally meeting you...,88,busi tri finish new year look forward final meet,0
ham,"Good afternoon sunshine! How dawns that day ? Are we refreshed and happy to be alive? Do we breathe in the air and smile ? I think of you, my love ... As always",160,good afternoon sunshin dawn day refresh happi aliv breath air smile think love alway,0
ham,Well i know Z will take care of me. So no worries.,50,well know z take care worri,0
spam,"Update_Now - Xmas Offer! Latest Motorola, SonyEricsson & Nokia & FREE Bluetooth! Double Mins & 1000 Txt on Orange. Call MobileUpd8 on 08000839402 or call2optout/F4Q=",165,updat xmas offer latest motorola sonyericsson nokia free bluetooth doubl min txt orang call,1
spam,Here is your discount code RP176781. To stop further messages reply stop. www.regalportfolio.co.uk. Customer Services 08717205546,129,discount code stop messag repli stop http custom servic,1
ham,Wat uniform? In where get?,26,wat uniform get,0
ham,"Cool, text me when you're ready",31,cool text readi,0
ham,"Hello my boytoy ... Geeee I miss you already and I just woke up. I wish you were here in bed with me, cuddling me. I love you ...",129,hello boytoy geeee miss alreadi woke wish bed cuddl love,0
ham,I will spoil you in bed as well :),34,spoil bed well,0
ham,I'm going for bath will msg you next  &lt;#&gt;  min..,54,go bath msg next min,0
ham,I cant keep talking to people if am not sure i can pay them if they agree to price. So pls tell me what you want to really buy and how much you are willing to pay,162,cant keep talk peopl sure pay agre price pls tell want realli buy much will pay,0
spam,"Thanks for your Ringtone Order, Reference T91. You will be charged GBP 4 per week. You can unsubscribe at anytime by calling customer services on 09057039994",157,thank rington order refer charg gbp per week unsubscrib anytim call custom servic,1
ham,Can you say what happen,23,say happen,0
ham,You could have seen me..i did't recognise you Face.:),53,could seen recognis face,0
ham,Well there's not a lot of things happening in Lindsay on New years *sighs* Some bars in Ptbo and the blue heron has something going,131,well lot thing happen lindsay new year sigh bar ptbo blue heron someth go,0
ham,Keep my payasam there if rinu brings,36,keep payasam rinu bring,0
ham,I taught that Ranjith sir called me. So only i sms like that. Becaus hes verifying about project. Prabu told today so only pa dont mistake me..,143,taught ranjith sir call sms like becaus hes verifi project prabu told today pa dont mistak,0
ham,"I guess that's why you re worried. You must know that there's a way the body repairs itself. And i'm quite sure you shouldn't worry. We'll take it slow. First the tests, they will guide when your ovulation is then just relax. Nothing you've said is a reason to worry but i.ll keep on followin you up.",300,guess worri must know way bodi repair quit sure worri take slow first test guid ovul relax noth said reason worri keep followin,0
ham,"Yeah sure, give me a couple minutes to track down my wallet",59,yeah sure give coupl minut track wallet,0
ham,Hey leave it. not a big deal:-) take care.,42,hey leav big deal take care,0
ham,Hey i will be late ah... Meet you at 945+,41,hey late ah meet,0
spam,"Double mins and txts 4 6months FREE Bluetooth on Orange. Available on Sony, Nokia Motorola phones. Call MobileUpd8 on 08000839402 or call2optout/N9DX",149,doubl min txts free bluetooth orang avail soni nokia motorola phone call,1
ham,It took Mr owl 3 licks,22,took mr owl lick,0
ham,Customer place i will call you.,31,custom place call,0
ham,Mm that time you dont like fun,30,mm time dont like fun,0
spam,4mths half price Orange line rental & latest camera phones 4 FREE. Had your phone 11mths ? Call MobilesDirect free on 08000938767 to update now! or2stoptxt,155,half price orang line rental latest camera phone free phone call mobilesdirect free updat,1
ham,Yup having my lunch buffet now.. U eat already?,47,yup lunch buffet eat alreadi,0
ham,Huh so late... Fr dinner?,25,huh late fr dinner,0
ham,Hey so this sat are we going for the intro pilates only? Or the kickboxing too? ,80,hey sat go intro pilat kickbox,0
ham,Morning only i can ok.,22,morn ok,0
ham,Yes i think so. I am in office but my lap is in room i think thats on for the last few days. I didnt shut that down,115,yes think offic lap room think that last day didnt shut,0
ham,Pick you up bout 7.30ish? What time are  and that going?,56,pick bout time go,0
ham,From here after The performance award is calculated every two month.not for current one month period..,102,perform award calcul everi two month current one month period,0
ham,Was actually sleeping and still might when u call back. So a text is gr8. You rock sis. Will send u a text wen i wake.,118,actual sleep still might call back text rock sis send text wen wake,0
ham,"You are always putting your business out there. You put pictures of your ass on facebook. You are one of the most open people i've ever met. Why would i think a picture of your room would hurt you, make you feel violated.",221,alway put busi put pictur ass facebook one open peopl ever met would think pictur room would hurt make feel violat,0
ham,"Good evening Sir, Al Salam Wahleykkum.sharing a happy news.By the grace of God, i got an offer from Tayseer,TISSCO and i joined.Hope you are fine.Inshah Allah,meet you sometime.Rakhesh,visitor from India.",204,good even sir al salam wahleykkum share happi news grace god got offer tayseer tissco join hope fine inshah allah meet sometim rakhesh visitor india,0
ham,Hmmm...k...but i want to change the field quickly da:-)i wanna get system administrator or network administrator..,114,hmmm k want chang field quick da wanna get system administr network administr,0
spam,"FREE RINGTONE text FIRST to 87131 for a poly or text GET to 87131 for a true tone! Help? 0845 2814032 16 after 1st free, tones are 3xå£150pw to eå£nd txt stop",158,free rington text first poli text get true tone help free tone $$$ e $$$ nd txt stop,1
ham,Dear how is chechi. Did you talk to her,39,dear chechi talk,0
ham,The hair cream has not been shipped.,36,hair cream ship,0
ham,None of that's happening til you get here though,48,none happen til get though,0
ham,"Yep, the great loxahatchee xmas tree burning of  &lt;#&gt;  starts in an hour",77,yep great loxahatche xmas tree burn start hour,0
ham,"Haha get used to driving to usf man, I know a lot of stoners",60,haha get use drive usf man know lot stoner,0
ham,All was well until slightly disastrous class this pm with my fav darlings! Hope day off ok. Coffee wld be good as can't stay late tomorrow. Same time + place as always?,168,well slight disastr class pm fav darl hope day ok coffe wld good stay late tomorrow time place alway,0
ham,Hello! Good week? Fancy a drink or something later?,51,hello good week fanci drink someth later,0
ham,Headin towards busetop,22,headin toward busetop,0
ham,Message:some text missing* Sender:Name Missing* *Number Missing *Sent:Date missing *Missing U a lot thats y everything is missing sent via fullonsms.com,152,messag text miss sender name miss number miss sent date miss miss lot that everyth miss sent via http,0
ham,Come by our room at some point so we can iron out the plan for this weekend,75,come room point iron plan weekend,0
ham,Cos i want it to be your thing,30,cos want thing,0
ham,"Okies... I'll go yan jiu too... We can skip ard oso, go cine den go mrt one, blah blah blah... ",95,oki go yan jiu skip ard oso go cine den go mrt one blah blah blah,0
ham,Bring home some Wendy =D,24,bring home wendi,0
spam,100 dating service cal;l 09064012103 box334sk38ch,49,date servic cal l,1
ham,Whatsup there. Dont u want to sleep,35,whatsup dont want sleep,0
ham,Alright i have a new goal now,29,alright new goal,0
spam,FREE entry into our å£250 weekly competition just text the word WIN to 80086 NOW. 18 T&C www.txttowin.co.uk,107,free entri $$$ week competit text word win http,1
ham,"Alright, I'll head out in a few minutes, text me where to meet you",66,alright head minut text meet,0
spam,Send a logo 2 ur lover - 2 names joined by a heart. Txt LOVE NAME1 NAME2 MOBNO eg LOVE ADAM EVE 07123456789 to 87077 Yahoo! POBox36504W45WQ TxtNO 4 no ads 150p,159,send logo ur lover name join heart txt love mobno eg love adam eve yahoo txtno ad,1
ham,Yes:)from last week itself i'm taking live call.,48,yes last week take live call,0
spam,Someone has contacted our dating service and entered your phone because they fancy you! To find out who it is call from a landline 09111032124 . PoBox12n146tf150p,162,someon contact date servic enter phone fanci find call landlin,1
ham,Siva is in hostel aha:-.,24,siva hostel aha,0
spam,URGENT! Your Mobile number has been awarded with a å£2000 prize GUARANTEED. Call 09058094455 from land line. Claim 3030. Valid 12hrs only,137,urgent mobil number award $$$ prize guarante call land line claim valid,1
ham,Send this to ur friends and receive something about ur voice..... How is my speaking expression? 1.childish 2.naughty 3.Sentiment 4.rowdy 5.ful of attitude 6.romantic 7.shy 8.Attractive 9.funny  &lt;#&gt; .irritating  &lt;#&gt; .lovable. reply me..,248,send ur friend receiv someth ur voic speak express childish naughti sentiment rowdi ful attitud romant shi attract funni irrit lovabl repli,0
ham,Ok. She'll be ok. I guess,25,ok ok guess,0
ham,aathi..where are you dear..,27,aathi dear,0
ham,Any pain on urination any thing else?,37,pain urin thing els,0
ham,7 at esplanade.. Do Ì_ mind giving me a lift cos i got no car today..,69,esplanad mind give lift cos got car today,0
ham,I wnt to buy a BMW car urgently..its vry urgent.but hv a shortage of  &lt;#&gt; Lacs.there is no source to arng dis amt. &lt;#&gt; lacs..thats my prob,150,wnt buy bmw car urgent vri urgent hv shortag lac sourc arng dis amt lac that prob,0
ham,At home watching tv lor.,24,home watch tv lor,0
ham,Does she usually take fifteen fucking minutes to respond to a yes or no question,80,usual take fifteen fuck minut respond yes question,0
spam,Congrats! Nokia 3650 video camera phone is your Call 09066382422 Calls cost 150ppm Ave call 3mins vary from mobiles 16+ Close 300603 post BCM4284 Ldn WC1N3XX,157,congrat nokia video camera phone call call cost ave call vari mobil close post ldn,1
ham,Booked ticket for pongal?,25,book ticket pongal,0
ham,You available now? I'm like right around hillsborough &amp;  &lt;#&gt; th,73,avail like right around hillsborough th,0
ham,The message sent is askin for  &lt;#&gt; dollars. Shoul i pay  &lt;#&gt;  or  &lt;#&gt; ?,89,messag sent askin dollar shoul pay,0
ham,"Ask g or iouri, I've told the story like ten times already",58,ask g iouri told stori like ten time alreadi,0
ham,How long does applebees fucking take,36,long applebe fuck take,0
ham,"Hi hope u get this txt~journey hasnt been gd,now about 50 mins late I think.",76,hi hope get txt journey hasnt gd min late think,0
ham,But i have to. I like to have love and arrange.,47,like love arrang,0
ham,Yes..he is really great..bhaji told kallis best cricketer after sachin in world:).very tough to get out.,104,yes realli great bhaji told kalli best cricket sachin world tough get,0
ham,You were supposed to wake ME up &gt;:(,38,suppos wake,0
ham,Oic... I saw him too but i tot he din c me... I found a group liao...,69,oic saw tot din found group liao,0
ham,\HEY HEY WERETHE MONKEESPEOPLE SAY WE MONKEYAROUND! HOWDY GORGEOUS,66,hey hey wereth monkeespeopl say monkeyaround howdi gorgeous,0
ham,"Sorry, my battery died, I can come by but I'm only getting a gram for now, where's your place?",94,sorri batteri die come get gram place,0
ham,"Well done, blimey, exercise, yeah, i kinda remember wot that is, hmm. ",70,well done blimey exercis yeah kinda rememb wot hmm,0
ham,I wont get concentration dear you know you are my mind and everything :-),73,wont get concentr dear know mind everyth,0
ham,LOL ... Have you made plans for new years?,42,lol made plan new year,0
ham,10 min later k...,17,min later k,0
ham,hanks lotsly!,13,hank lotsli,0
ham,Thanks for this hope you had a good day today,45,thank hope good day today,0
ham,K:)k:)what are detail you want to transfer?acc no enough?,57,k k detail want transfer acc enough,0
ham,Ok i will tell her to stay out. Yeah its been tough but we are optimistic things will improve this month.,105,ok tell stay yeah tough optimist thing improv month,0
spam,"Loan for any purpose å£500 - å£75,000. Homeowners + Tenants welcome. Have you been previously refused? We can still help. Call Free 0800 1956669 or text back 'help'",164,loan purpos $$$ $$$ homeown tenant welcom previous refus still help call free text back help,1
ham,Si si. I think ill go make those oreo truffles.,47,si si think ill go make oreo truffl,0
ham,"LOOK AT AMY URE A BEAUTIFUL, INTELLIGENT WOMAN AND I LIKE U A LOT. I KNOW U DONåÕT LIKE ME LIKE THAT SO DONåÕT WORRY.",117,look ami ure beauti intellig woman like lot know like like worri,0
ham,I hope you that's the result of being consistently intelligent and kind. Start asking him about practicum links and keep your ears open and all the best. ttyl,158,hope result consist intellig kind start ask practicum link keep ear open best ttyl,0
ham,"1.20 that call cost. Which i guess isnt bad. Miss ya, need ya, want ya, love ya",79,call cost guess isnt bad miss ya need ya want ya love ya,0
ham,Going thru a very different feeling.wavering decisions and coping up with the same is the same individual.time will heal everything i believe.,142,go thru differ feel waver decis cope individu time heal everyth believ,0
ham,Where did u go? My phone is gonna die you have to stay in here,62,go phone gonna die stay,0
ham,Great. Never been better. Each day gives even more reasons to thank God,71,great never better day give even reason thank god,0
spam,"UpgrdCentre Orange customer, you may now claim your FREE CAMERA PHONE upgrade for your loyalty. Call now on 0207 153 9153. Offer ends 26th July. T&C's apply. Opt-out available",175,upgrdcentr orang custom may claim free camera phone upgrad loyalti call offer end juli appli opt avail,1
ham,"Sorry, I'll call later ok bye",29,sorri call later ok bye,0
ham,Ok i am on the way to railway,29,ok way railway,0
ham,great princess! I love giving and receiving oral. Doggy style is my fave position. How about you? I enjoy making love  &lt;#&gt;  times per night :),148,great princess love give receiv oral doggi style fave posit enjoy make love time per night,0
ham,They don't put that stuff on the roads to keep it from getting slippery over there?,83,put stuff road keep get slipperi,0
ham,When are you going to ride your bike?,37,go ride bike,0
ham,"Yup, no need. I'll jus wait 4 e rain 2 stop.",44,yup need jus wait e rain stop,0
ham,There are many company. Tell me the language.,45,mani compani tell languag,0
spam,okmail: Dear Dave this is your final notice to collect your 4* Tenerife Holiday or #5000 CASH award! Call 09061743806 from landline. TCs SAE Box326 CW25WX 150ppm,161,okmail dear dave final notic collect tenerif holiday cash award call landlin tcs sae,1
ham,"How long has it been since you screamed, princess?",50,long sinc scream princess,0
ham,"Nothing. I meant that once the money enters your account here, the bank will remove its flat rate. Someone transfered  &lt;#&gt;  to my account and  &lt;#&gt; dollars got removed. So the banks differ and charges also differ.be sure you trust the 9ja person you are sending account details to cos...",298,noth meant money enter account bank remov flat rate someon transfer account dollar got remov bank differ charg also differ sure trust person send account detail cos,0
spam,Want 2 get laid tonight? Want real Dogging locations sent direct 2 ur Mob? Join the UK's largest Dogging Network by txting MOAN to 69888Nyt. ec2a. 31p.msg@150p,159,want get laid tonight want real dog locat sent direct ur mob join uk largest dog network txting moan msg,1
ham,Nice line said by a broken heart- Plz don't cum 1 more times infront of me... Other wise once again I ll trust U... Good 9t:),125,nice line said broken heart plz cum time infront wise trust good,0
ham,Ok I'm gonna head up to usf in like fifteen minutes,51,ok gonna head usf like fifteen minut,0
ham,Love you aathi..love u lot..,28,love aathi love lot,0
ham,Tension ah?what machi?any problem?,34,tension ah machi problem,0
ham,"K, can I pick up another 8th when you're done?",46,k pick anoth done,0
ham,When're you guys getting back? G said you were thinking about not staying for mcr,81,guy get back g said think stay mcr,0
ham,"Almost there, see u in a sec",28,almost see sec,0
ham,"Yo carlos, a few friends are already asking me about you, you working at all this weekend?",90,yo carlo friend alreadi ask work weekend,0
ham,Watching tv lor...,18,watch tv lor,0
ham,Thank you baby! I cant wait to taste the real thing...,54,thank babi cant wait tast real thing,0
ham,You should change your fb to jaykwon thuglyfe falconerf,55,chang fb jaykwon thuglyf falconerf,0
ham,If we win its really no 1 side for long time.,45,win realli side long time,0
spam,"FREE MESSAGE Activate your 500 FREE Text Messages by replying to this message with the word FREE For terms & conditions, visit www.07781482378.com",146,free messag activ free text messag repli messag word free term condit visit http,1
ham,Dear reached railway. What happen to you,40,dear reach railway happen,0
ham,"Depends on quality. If you want the type i sent boye, faded glory, then about 6. If you want ralphs maybe 2",107,depend qualiti want type sent boy fade glori want ralph mayb,0
ham,I think i've fixed it can you send a test message?,50,think fix send test messag,0
ham,"Sorry man my account's dry or I would, if you want we could trade back half or I could buy some shit with my credit card",120,sorri man account dri would want could trade back half could buy shit credit card,0
spam,"Congrats! 1 year special cinema pass for 2 is yours. call 09061209465 now! C Suprman V, Matrix3, StarWars3, etc all 4 FREE! bx420-ip4-5we. 150pm. Dont miss out!",160,congrat year special cinema pass call suprman v etc free dont miss,1
ham,"Sorry,in meeting I'll call later",32,sorri meet call later,0
ham,What class of  &lt;#&gt;  reunion?,34,class reunion,0
ham,Are you free now?can i call now?,32,free call,0
ham,Got meh... When?,16,got meh,0
ham,Nope... Think i will go for it on monday... Sorry i replied so late,67,nope think go monday sorri repli late,0
ham,Some of them told accenture is not confirm. Is it true.,55,told accentur confirm true,0
ham,"Kate jackson rec center before 7ish, right?",43,kate jackson rec center right,0
ham,Dear i have reache room,23,dear reach room,0
ham,"Fighting with the world is easy, u either win or lose bt fightng with some1 who is close to u is dificult if u lose - u lose if u win - u still lose.",149,fight world easi either win lose bt fightng close dificult lose lose win still lose,0
ham,When can Ì_ come out?,21,come,0
ham,Check with nuerologist.,23,check nuerologist,0
ham,Lolnice. I went from a fish to ..water.?,40,lolnic went fish water,0
spam,+123 Congratulations - in this week's competition draw u have won the å£1450 prize to claim just call 09050002311 b4280703. T&Cs/stop SMS 08718727868. Over 18 only 150ppm,170,congratul week competit draw $$$ prize claim call cs stop sms,1
ham,No it's waiting in e car dat's bored wat. Cos wait outside got nothing 2 do. At home can do my stuff or watch tv wat.,117,wait e car dat bore wat cos wait outsid got noth home stuff watch tv wat,0
ham,"Maybe westshore or hyde park village, the place near my house?",62,mayb westshor hyde park villag place near hous,0
ham,You should know now. So how's anthony. Are you bringing money. I've school fees to pay and rent and stuff like that. Thats why i need your help. A friend in need....|,166,know anthoni bring money school fee pay rent stuff like that need help friend need,0
ham,What's the significance?,24,signific,0
ham,Your opinion about me? 1. Over 2. Jada 3. Kusruthi 4. Lovable 5. Silent 6. Spl character 7. Not matured 8. Stylish 9. Simple Pls reply..,136,opinion jada kusruthi lovabl silent spl charact matur stylish simpl pls repli,0
ham,"8 at the latest, g's still there if you can scrounge up some ammo and want to give the new ak a try",99,latest g still scroung ammo want give new ak tri,0
ham,Prabha..i'm soryda..realy..frm heart i'm sory,45,prabha soryda reali frm heart sori,0
ham,Lol ok your forgiven :),23,lol ok forgiven,0
ham,No..jst change tat only..,25,jst chang tat,0
spam,"You are guaranteed the latest Nokia Phone, a 40GB iPod MP3 player or a å£500 prize! Txt word: COLLECT to No: 83355! IBHltd LdnW15H 150p/Mtmsgrcvd18+",148,guarante latest nokia phone ipod player $$$ prize txt word collect ibhltd,1
ham,S:)no competition for him.,26,competit,0
spam,Boltblue tones for 150p Reply POLY# or MONO# eg POLY3 1. Cha Cha Slide 2. Yeah 3. Slow Jamz 6. Toxic 8. Come With Me or STOP 4 more tones txt MORE,146,boltblu tone repli poli mono eg cha cha slide yeah slow jamz toxic come stop tone txt,1
spam,Your credits have been topped up for http://www.bubbletext.com Your renewal Pin is tgxxrz,89,credit top http renew pin tgxxrz,1
ham,"That way transport is less problematic than on sat night. By the way, if u want to ask  n  to join my bday, feel free. But need to know definite nos as booking on fri. ",168,way transport less problemat sat night way want ask n join bday feel free need know definit nos book fri,0
ham,Usually the person is unconscious that's in children but in adults they may just behave abnormally. I.ll call you now,117,usual person unconsci children adult may behav abnorm call,0
ham,But that's on ebay it might be less elsewhere.,46,ebay might less elsewher,0
ham,Shall i come to get pickle,26,shall come get pickl,0
ham,Were gonna go get some tacos,28,gonna go get taco,0
ham,"That's very rude, you on campus?",32,rude campus,0
spam,"URGENT!: Your Mobile No. was awarded a å£2,000 Bonus Caller Prize on 02/09/03! This is our 2nd attempt to contact YOU! Call 0871-872-9755 BOX95QU",145,urgent mobil award $$$ bonus caller prize attempt contact call,1
ham,Hi i won't b ard 4 christmas. But do enjoy n merry x'mas.,57,hi b ard christma enjoy n merri x mas,0
spam,"Today's Offer! Claim ur å£150 worth of discount vouchers! Text YES to 85023 now! SavaMob, member offers mobile! T Cs 08717898035. å£3.00 Sub. 16 . Unsub reply X",160,today offer claim ur $$$ worth discount voucher text yes savamob member offer mobil cs $$$ sub unsub repli x,1
ham,Yes! How is a pretty lady like you single?,42,yes pretti ladi like singl,0
spam,You will recieve your tone within the next 24hrs. For Terms and conditions please see Channel U Teletext Pg 750,111,reciev tone within next term condit pleas see channel teletext pg,1
ham,Jay says that you're a double-faggot,36,jay say doubl faggot,0
spam,PRIVATE! Your 2003 Account Statement for 07815296484 shows 800 un-redeemed S.I.M. points. Call 08718738001 Identifier Code 41782 Expires 18/11/04 ,146,privat account statement show un redeem point call identifi code expir,1
ham,What Today-sunday..sunday is holiday..so no work..,50,today sunday sunday holiday work,0
ham,I'll be late...,15,late,0
ham,"I've not called you in a while. This is hoping it was l8r malaria and that you know that we miss you guys. I miss Bani big, so pls give her my love especially. Have a great day.",177,call hope malaria know miss guy miss bani big pls give love especi great day,0
ham,"Good afternoon, my love! How goes that day ? I hope maybe you got some leads on a job. I think of you, boytoy and send you a passionate kiss from across the sea",160,good afternoon love goe day hope mayb got lead job think boytoy send passion kiss across sea,0
ham,"Probably gonna be here for a while, see you later tonight &lt;)",63,probabl gonna see later tonight,0
ham,Or maybe my fat fingers just press all these buttons and it doesn't know what to do.,84,mayb fat finger press button know,0
ham,Ummmmmaah Many many happy returns of d day my dear sweet heart.. HAPPY BIRTHDAY dear,84,ummmmmaah mani mani happi return day dear sweet heart happi birthday dear,0
ham,"I am in tirupur da, once you started from office call me.",57,tirupur da start offic call,0
spam,from www.Applausestore.com MonthlySubscription@50p/msg max6/month T&CsC web age16 2stop txt stop,96,http monthlysubscript msg month csc web txt stop,1
ham,"A famous quote : when you develop the ability to listen to 'anything' unconditionally without losing your temper or self confidence, it means you are ......... 'MARRIED'",169,famous quot develop abil listen anyth uncondit without lose temper self confid mean marri,0
ham,But am going to college pa. What to do. are else ill come there it self. Pa.,76,go colleg pa els ill come self pa,0
ham,4 oclock at mine. Just to bash out a flat plan.,47,oclock mine bash flat plan,0
ham,This girl does not stay in bed. This girl doesn't need recovery time. Id rather pass out while having fun then be cooped up in bed,130,girl stay bed girl need recoveri time id rather pass fun coop bed,0
ham,Then any special there?,23,special,0
ham,I know but you need to get hotel now. I just got my invitation but i had to apologise. Cali is to sweet for me to come to some english bloke's weddin,149,know need get hotel got invit apologis cali sweet come english bloke weddin,0
ham,"Sorry that took so long, omw now",32,sorri took long omw,0
ham,Wait  &lt;#&gt;  min..,22,wait min,0
ham,Ok give me 5 minutes I think I see her. BTW you're my alibi. You were cutting my hair the whole time.,101,ok give minut think see btw alibi cut hair whole time,0
ham,"Imagine you finally get to sink into that bath after I have put you through your paces, maybe even having you eat me for a while before I left ... But also imagine the feel of that cage on your cock surrounded by the bath water, reminding you always who owns you ... Enjoy, my cuck",281,imagin final get sink bath put pace mayb even eat left also imagin feel cage cock surround bath water remind alway own enjoy cuck,0
ham,"Hurry up, I've been weed-deficient for like three days",54,hurri weed defici like three day,0
ham,"Sure, if I get an acknowledgement from you that it's astoundingly tactless and generally faggy to demand a blood oath fo",120,sure get acknowledg astound tactless general faggi demand blood oath fo,0
ham,Ok. Every night take a warm bath drink a cup of milk and you'll see a work of magic. You still need to loose weight. Just so that you know,138,ok everi night take warm bath drink cup milk see work magic still need loos weight know,0
ham,IÛ÷ll have a look at the frying pan in case itÛ÷s cheap or a book perhaps. No thatÛ÷s silly a frying pan isnÛ÷t likely to be a book,135,look fri pan case cheap book perhap silli fri pan like book,0
ham,O. Well uv causes mutations. Sunscreen is like essential thesedays,66,well uv caus mutat sunscreen like essenti theseday,0
ham,Having lunch:)you are not in online?why?,40,lunch onlin,0
ham,I know that my friend already told that.,40,know friend alreadi told,0
ham,Hi Princess! Thank you for the pics. You are very pretty. How are you?,70,hi princess thank pic pretti,0
ham,"Aiyo... U always c our ex one... I dunno abt mei, she haven reply... First time u reply so fast... Y so lucky not workin huh, got bao by ur sugardad ah...gee.. ",160,aiyo alway ex one dunno abt mei repli first time repli fast lucki workin huh got bao ur sugardad ah gee,0
ham,Hi msg me:)i'm in office..,26,hi msg offic,0
ham,Thanx 4 e brownie it's v nice...,32,thanx e browni v nice,0
ham,Geeeee ... I love you so much I can barely stand it,51,geeeee love much bare stand,0
spam,GENT! We are trying to contact you. Last weekends draw shows that you won a å£1000 prize GUARANTEED. Call 09064012160. Claim Code K52. Valid 12hrs only. 150ppm ,160,gent tri contact last weekend draw show $$$ prize guarante call claim code valid,1
ham,"Fuck babe ... I miss you already, you know ? Can't you let me send you some money towards your net ? I need you ... I want you ... I crave you ...",146,fuck babe miss alreadi know let send money toward net need want crave,0
ham,"Ill call u 2mrw at ninish, with my address that icky American freek wont stop callin me 2 bad Jen k eh?",103,ill call ninish address icki american freek wont stop callin bad jen k eh,0
ham,Oooh bed ridden ey? What are YOU thinking of?,45,oooh bed ridden ey think,0
ham,"So anyways, you can just go to your gym or whatever, my love *smiles* I hope your ok and having a good day babe ... I miss you so much already",142,anyway go gym whatev love smile hope ok good day babe miss much alreadi,0
ham,Love it! Daddy will make you scream with pleasure! I am going to slap your ass with my dick!,92,love daddi make scream pleasur go slap ass dick,0
ham,WOT U WANNA DO THEN MISSY?,26,wot wanna missi,0
ham,Yar lor wait 4 my mum 2 finish sch then have lunch lor... I whole morning stay at home clean my room now my room quite clean... Hee...,134,yar lor wait mum finish sch lunch lor whole morn stay home clean room room quit clean hee,0
ham,Do you know where my lab goggles went,37,know lab goggl went,0
ham,Can you open the door?,22,open door,0
ham,Waiting for your call.,22,wait call,0
ham,Nope i waiting in sch 4 daddy... ,33,nope wait sch daddi,0
spam,"You have won ?1,000 cash or a ?2,000 prize! To claim, call09050000327",69,cash prize claim,1
ham,"I'm tired of arguing with you about this week after week. Do what you want and from now on, i'll do the same.",109,tire argu week week want,0
ham,ÌÏ wait 4 me in sch i finish ard 5..,36,iï wait sch finish ard,0
spam,"our mobile number has won å£5000, to claim calls us back or ring the claims hot line on 09050005321.",100,mobil number $$$ claim call us back ring claim hot line,1
ham,"Arngd marriage is while u r walkin unfortuntly a snake bites u. bt love marriage is dancing in frnt of d snake &amp; sayin Bite me, bite me.",140,arngd marriag r walkin unfortunt snake bite bt love marriag danc frnt snake sayin bite bite,0
ham,Huh so early.. Then Ì_ having dinner outside izzit?,51,huh earli dinner outsid izzit,0
ham,Ok anyway no need to change with what you said,46,ok anyway need chang said,0
spam,We tried to contact you re your reply to our offer of 750 mins 150 textand a new video phone call 08002988890 now or reply for free delivery tomorrow,149,tri contact repli offer min textand new video phone call repli free deliveri tomorrow,1
ham,my ex-wife was not able to have kids. Do you want kids one day?,63,ex wife abl kid want kid one day,0
ham,So how's scotland. Hope you are not over showing your JJC tendencies. Take care. Live the dream,95,scotland hope show jjc tendenc take care live dream,0
ham,Tell them u have a headache and just want to use 1 hour of sick time.,69,tell headach want use hour sick time,0
ham,"I dun thk i'll quit yet... Hmmm, can go jazz ? Yogasana oso can... We can go meet em after our lessons den... ",110,dun thk quit yet hmmm go jazz yogasana oso go meet em lesson den,0
ham,"\Pete can you please ring meive hardly gotany credit\""""",55,pete pleas ring meiv hard gotani credit,0
ham,Ya srsly better than yi tho,27,ya srsli better yi tho,0
ham,"I'm in a meeting, call me later at",34,meet call later,0
spam,"For ur chance to win a å£250 wkly shopping spree TXT: SHOP to 80878. T's&C's www.txt-2-shop.com custcare 08715705022, 1x150p/wk",127,ur chanc win $$$ wkli shop spree txt shop http custcar wk,1
spam,You have been specially selected to receive a 2000 pound award! Call 08712402050 BEFORE the lines close. Cost 10ppm. 16+. T&Cs apply. AG Promo,142,special select receiv pound award call line close cost cs appli ag promo,1
spam,PRIVATE! Your 2003 Account Statement for 07753741225 shows 800 un-redeemed S. I. M. points. Call 08715203677 Identifier Code: 42478 Expires 24/10/04,148,privat account statement show un redeem point call identifi code expir,1
ham,You still at grand prix?,24,still grand prix,0
ham,"I met you as a stranger and choose you as my friend. As long as the world stands, our friendship never ends. Lets be Friends forever!!! Gud nitz...",147,met stranger choos friend long world stand friendship never end let friend forev gud nitz,0
ham,I am great! How are you?,24,great,0
ham,Gud mrng dear have a nice day,29,gud mrng dear nice day,0
spam,You have an important customer service announcement. Call FREEPHONE 0800 542 0825 now!,86,import custom servic announc call freephon,1
ham,Will do. Was exhausted on train this morning. Too much wine and pie. You sleep well too,87,exhaust train morn much wine pie sleep well,0
ham,I'm going out to buy mum's present ar.,38,go buy mum present ar,0
ham,Mind blastin.. No more Tsunamis will occur from now on.. Rajnikant stopped swimming in Indian Ocean..:-D,104,mind blastin tsunami occur rajnik stop swim indian ocean,0
ham,If u sending her home first it's ok lor. I'm not ready yet.,59,send home first ok lor readi yet,0
ham,Speaking of does he have any cash yet?,38,speak cash yet,0
ham,Be happy there. I will come after noon,38,happi come noon,0
ham,Meet after lunch la...,22,meet lunch la,0
ham,TaKe CaRE n gET WeLL sOOn,25,take care n get well soon,0
spam,XCLUSIVE@CLUBSAISAI 2MOROW 28/5 SOIREE SPECIALE ZOUK WITH NICHOLS FROM PARIS.FREE ROSES 2 ALL LADIES !!! info: 07946746291/07880867867 ,135,xclusiv clubsaisai soire special zouk nichol pari free rose ladi info,1
ham,what I meant to say is cant wait to see u again getting bored of this bridgwater banter,87,meant say cant wait see get bore bridgwat banter,0
ham,Neva mind it's ok..,19,neva mind ok,0
ham,"It's fine, imma get a drink or somethin. Want me to come find you?",66,fine imma get drink somethin want come find,0
spam,22 days to kick off! For Euro2004 U will be kept up to date with the latest news and results daily. To be removed send GET TXT STOP to 83222,140,day kick kept date latest news result daili remov send get txt stop,1
ham,Its a valentine game. . . Send dis msg to all ur friends. .. If 5 answers r d same then someone really loves u. Ques- which colour suits me the best?rply me,156,valentin game send dis msg ur friend answer r someon realli love que colour suit best rpli,0
ham,I have many dependents,22,mani depend,0
ham,THANX4 TODAY CER IT WAS NICE 2 CATCH UP BUT WE AVE 2 FIND MORE TIME MORE OFTEN OH WELL TAKE CARE C U SOON.C,107,today cer nice catch ave find time often oh well take care soon,0
ham,I called and said all to him:)then he have to choose this future.,65,call said choos futur,0
ham,"\Happy valentines day\"" I know its early but i have hundreds of handsomes and beauties to wish. So i thought to finish off aunties and uncles 1st...""",149,happi valentin day know earli hundr handsom beauti wish thought finish aunti uncl,0
ham,He like not v shock leh. Cos telling shuhui is like telling leona also. Like dat almost all know liao. He got ask me abt ur reaction lor.,137,like v shock leh cos tell shuhui like tell leona also like dat almost know liao got ask abt ur reaction lor,0
ham,For my family happiness..,25,famili happi,0
ham,I come n pick Ì_ up... Come out immediately aft ur lesson...,60,come n pick come immedi aft ur lesson,0
ham,Let there be snow. Let there be snow. This kind of weather brings ppl together so friendships can grow.,103,let snow let snow kind weather bring ppl togeth friendship grow,0
ham,Dear we got  &lt;#&gt;  dollars hi hi,37,dear got dollar hi hi,0
ham,Good words.... But words may leave u in dismay many times.,58,good word word may leav dismay mani time,0
ham,MAKE SURE ALEX KNOWS HIS BIRTHDAY IS OVER IN FIFTEEN MINUTES AS FAR AS YOU'RE CONCERNED,87,make sure alex know birthday fifteen minut far concern,0
ham,"sorry, no, have got few things to do. may be in pub later.",58,sorri got thing may pub later,0
ham,"Nah it's straight, if you can just bring bud or drinks or something that's actually a little more useful than straight cash",123,nah straight bring bud drink someth actual littl use straight cash,0
ham,"Haha good to hear, I'm officially paid and on the market for an 8th",67,haha good hear offici paid market,0
ham,How many licks does it take to get to the center of a tootsie pop?,66,mani lick take get center tootsi pop,0
ham,Yup i thk they r e teacher said that will make my face look longer. Darren ask me not 2 cut too short.,102,yup thk r e teacher said make face look longer darren ask cut short,0
spam,New TEXTBUDDY Chat 2 horny guys in ur area 4 just 25p Free 2 receive Search postcode or at gaytextbuddy.com. TXT ONE name to 89693,130,new textbuddi chat horni guy ur area free receiv search postcod http txt one name,1
spam,Todays Vodafone numbers ending with 4882 are selected to a receive a å£350 award. If your number matches call 09064019014 to receive your å£350 award.,150,today vodafon number end select receiv $$$ award number match call receiv $$$ award,1
ham,Please dont say like that. Hi hi hi,35,pleas dont say like hi hi hi,0
ham,Thank u!,8,thank,0
ham,Oh that was a forwarded message. I thought you send that to me,62,oh forward messag thought send,0
ham,Got it. Seventeen pounds for seven hundred ml ÛÒ hope ok.,58,got seventeen pound seven hundr ml hope ok,0
spam,"Dear Voucher Holder, 2 claim this weeks offer, at your PC go to http://www.e-tlp.co.uk/expressoffer Ts&Cs apply.2 stop texts txt STOP to 80062.",143,dear voucher holder claim week offer pc go http ts cs appli stop text txt stop,1
ham,Me n him so funny...,20,n funni,0
ham,"Sweetheart, hope you are not having that kind of day! Have one with loads of reasons to smile. Biola",100,sweetheart hope kind day one load reason smile biola,0
ham,When Ì_ login dat time... Dad fetching Ì_ home now?,51,login dat time dad fetch home,0
ham,"What will we do in the shower, baby?",36,shower babi,0
ham,I had askd u a question some hours before. Its answer,53,askd question hour answer,0
ham,"Well imma definitely need to restock before thanksgiving, I'll let you know when I'm out",88,well imma definit need restock thanksgiv let know,0
ham," said kiss, kiss, i can't do the sound effects! He is a gorgeous man isn't he! Kind of person who needs a smile to brighten his day! ",133,said kiss kiss sound effect gorgeous man kind person need smile brighten day,0
ham,Probably gonna swing by in a wee bit,36,probabl gonna swing wee bit,0
ham,Ya very nice. . .be ready on thursday,37,ya nice readi thursday,0
ham,Allo! We have braved the buses and taken on the trains and triumphed. I mean weÛ÷re in bÛ÷ham. Have a jolly good rest of week,127,allo brave buse taken train triumph mean b ham jolli good rest week,0
ham,"Watching cartoon, listening music &amp; at eve had to go temple &amp; church.. What about u?",92,watch cartoon listen music eve go templ church,0
ham,Do you mind if I ask what happened? You dont have to say if it is uncomfortable.,80,mind ask happen dont say uncomfort,0
spam,PRIVATE! Your 2003 Account Statement for shows 800 un-redeemed S. I. M. points. Call 08715203694 Identifier Code: 40533 Expires 31/10/04,136,privat account statement show un redeem point call identifi code expir,1
ham,No prob. I will send to your email.,35,prob send email,0
spam,"You have won ?1,000 cash or a ?2,000 prize! To claim, call09050000327. T&C: RSTM, SW7 3SS. 150ppm",97,cash prize claim rstm,1
ham,Thats cool! Sometimes slow and gentle. Sonetimes rough and hard :),66,that cool sometim slow gentl sonetim rough hard,0
ham,I'm gonna say no. Sorry. I would but as normal am starting to panic about time. Sorry again! Are you seeing on Tuesday?,119,gonna say sorri would normal start panic time sorri see tuesday,0
ham,"Wait, do you know if wesleys in town? I bet she does hella drugs!",65,wait know wesley town bet hella drug,0
ham,Fine i miss you very much.,26,fine miss much,0
ham,Tell them the drug dealer's getting impatient,45,tell drug dealer get impati,0
ham,"Sun cant come to earth but send luv as rays. cloud cant come to river but send luv as rain. I cant come to meet U, but can send my care as msg to U. Gud evng",157,sun cant come earth send luv ray cloud cant come river send luv rain cant come meet send care msg gud evng,0
ham,"It doesnt make sense to take it there unless its free. If you need to know more, wikipedia.com",94,doesnt make sens take unless free need know http,0
spam,88800 and 89034 are premium phone services call 08718711108,59,premium phone servic call,1
ham,"Under the sea, there lays a rock. In the rock, there is an envelope. In the envelope, there is a paper. On the paper, there are 3 words... '",140,sea lay rock rock envelop envelop paper paper word,0
ham,Then mum's repent how?,22,mum repent,0
ham,Sorry me going home first... Daddy come fetch Ì_ later...,57,sorri go home first daddi come fetch later,0
ham,Leave it de:-). Start Prepare for next:-)..,43,leav de start prepar next,0
ham,Yes baby! We can study all the positions of the kama sutra ;),61,yes babi studi posit kama sutra,0
ham,En chikku nange bakra msg kalstiya..then had tea/coffee?,56,en chikku nang bakra msg kalstiya tea coffe,0
ham,Carlos'll be here in a minute if you still need to buy,54,carlo minut still need buy,0
ham,This pay is  &lt;DECIMAL&gt;  lakhs:),37,pay lakh,0
ham,Have a good evening! Ttyl,25,good even ttyl,0
ham,Did u receive my msg?,21,receiv msg,0
ham,Ho ho - big belly laugh! See ya tomo,36,ho ho big belli laugh see ya tomo,0
spam,SMS. ac sun0819 posts HELLO:\You seem cool,42,sms ac post hello seem cool,1
spam,Get ur 1st RINGTONE FREE NOW! Reply to this msg with TONE. Gr8 TOP 20 tones to your phone every week just å£1.50 per wk 2 opt out send STOP 08452810071 16,154,get ur rington free repli msg tone top tone phone everi week $$$ per wk opt send stop,1
ham,"Ditto. And you won't have to worry about me saying ANYTHING to you anymore. Like i said last night, you do whatever you want and i'll do the same. Peace.",153,ditto worri say anyth anymor like said last night whatev want peac,0
ham,"I've got  &lt;#&gt; , any way I could pick up?",46,got way could pick,0
ham,"I dont knw pa, i just drink milk..",34,dont knw pa drink milk,0
ham,Maybe?! Say hi to  and find out if  got his card. Great escape or wetherspoons? ,80,mayb say hi find got card great escap wetherspoon,0
ham,"Piggy, r u awake? I bet u're still sleeping. I'm going 4 lunch now...",69,piggi r awak bet still sleep go lunch,0
ham,Cause I'm not freaky lol,24,caus freaki lol,0
ham,Missed your call cause I was yelling at scrappy. Miss u. Can't wait for u to come home. I'm so lonely today.,108,miss call caus yell scrappi miss wait come home lone today,0
ham,What is this 'hex' place you talk of? Explain!,46,hex place talk explain,0
ham,ÌÏ log off 4 wat. It's sdryb8i,30,iï log wat,0
ham,Is xy going 4 e lunch?,22,xy go e lunch,0
spam,Hi I'm sue. I am 20 years old and work as a lapdancer. I love sex. Text me live - I'm i my bedroom now. text SUE to 89555. By TextOperator G2 1DA 150ppmsg 18+,158,hi sue year old work lapdanc love sex text live bedroom text sue textoper,1
ham,I wanted to ask Ì_ to wait 4 me to finish lect. Cos my lect finishes in an hour anyway.,87,want ask wait finish lect cos lect finish hour anyway,0
ham,Have you finished work yet? :),30,finish work yet,0
ham,"Every King Was Once A Crying Baby And Every Great Building Was Once A Map.. Not Imprtant Where U r TODAY, BUT Where U Wil Reach TOMORW. Gud ni8",143,everi king cri babi everi great build map imprtant r today wil reach tomorw gud,0
ham,"Dear,Me at cherthala.in case u r coming cochin pls call bfore u start.i shall also reach accordingly.or tell me which day u r coming.tmorow i am engaged ans its holiday.",169,dear cherthala case r come cochin pls call bfore start shall also reach accord tell day r come tmorow engag an holiday,0
ham,Thanks love. But am i doing torch or bold.,42,thank love torch bold,0
spam,<Forwarded from 448712404000>Please CALL 08712404000 immediately as there is an urgent message waiting for you.,111,pleas call immedi urgent messag wait,1
ham,Was the farm open?,18,farm open,0
ham,"Sorry to trouble u again. Can buy 4d for my dad again? 1405, 1680, 1843. All 2 big 1 small, sat n sun. Thanx.",109,sorri troubl buy dad big small sat n sun thanx,0
ham,"My sister in law, hope you are having a great month. Just saying hey. Abiola",76,sister law hope great month say hey abiola,0
ham,Will purchase d stuff today and mail to you. Do you have a po box number?,73,purchas stuff today mail po box number,0
ham,Ah poop. Looks like ill prob have to send in my laptop to get fixed cuz it has a gpu problem,92,ah poop look like ill prob send laptop get fix cuz gpu problem,0
ham,Good. Good job. I like entrepreneurs,36,good good job like entrepreneur,0
ham,"Aight, you close by or still down around alex's place?",54,aight close still around alex place,0
ham,meet you in corporation st outside gap Û_ you can see how my mind is working!,78,meet corpor st outsid gap see mind work,0
ham,Mum ask Ì_ to buy food home...,30,mum ask buy food home,0
ham,K..u also dont msg or reply to his msg..,40,k also dont msg repli msg,0
ham,How much r Ì_ willing to pay?,29,much r will pay,0
ham,What is important is that you prevent dehydration by giving her enough fluids,77,import prevent dehydr give enough fluid,0
ham,"Thats a bit weird, even ?- where is the do supposed to be happening? But good idea, sure they will be in pub!",109,that bit weird even suppos happen good idea sure pub,0
ham,True dear..i sat to pray evening and felt so.so i sms'd you in some time...,75,true dear sat pray even felt sms time,0
ham,"I don't think I can get away for a trek that long with family in town, sorry",76,think get away trek long famili town sorri,0
ham,So when do you wanna gym harri,30,wanna gym harri,0
ham,Quite late lar... Ard 12 anyway i wun b drivin...,49,quit late lar ard anyway wun b drivin,0
spam,"To review and KEEP the fantastic Nokia N-Gage game deck with Club Nokia, go 2 www.cnupdates.com/newsletter. unsubscribe from alerts reply with the word OUT",155,review keep fantast nokia n gage game deck club nokia go http unsubscrib alert repli word,1
spam,4mths half price Orange line rental & latest camera phones 4 FREE. Had your phone 11mths+? Call MobilesDirect free on 08000938767 to update now! or2stoptxt T&Cs,160,half price orang line rental latest camera phone free phone call mobilesdirect free updat cs,1
ham,Height of Confidence: All the Aeronautics professors wer calld &amp; they wer askd 2 sit in an aeroplane. Aftr they sat they wer told dat the plane ws made by their students. Dey all hurried out of d plane.. Bt only 1 didnt move... He said:\if it is made by my students,269,height confid aeronaut professor wer calld wer askd sit aeroplan aftr sat wer told dat plane ws made student dey hurri plane bt didnt move said made student,0
ham,It just seems like weird timing that the night that all you and g want is for me to come smoke is the same day as when a shitstorm is attributed to me always coming over and making everyone smoke,195,seem like weird time night g want come smoke day shitstorm attribut alway come make everyon smoke,0
spam,08714712388 between 10am-7pm Cost 10p,37,cost,1
ham,"Save yourself the stress. If the person has a dorm account, just send your account details and the money will be sent to you.",125,save stress person dorm account send account detail money sent,0
ham,He also knows about lunch menu only da. . I know,48,also know lunch menu da know,0
ham,When i have stuff to sell i.ll tell you,39,stuff sell tell,0
spam,+449071512431 URGENT! This is the 2nd attempt to contact U!U have WON å£1250 CALL 09071512433 b4 050703 T&CsBCM4235WC1N3XX. callcost 150ppm mobilesvary. maxå£7. 50,163,urgent attempt contact $$$ call callcost mobilesvari max $$$,1
ham,Book which lesson? then you msg me... I will call up after work or sth... I'm going to get specs. My membership is PX3748,121,book lesson msg call work sth go get spec membership,0
spam,You have WON a guaranteed å£1000 cash or a å£2000 prize. To claim yr prize call our customer service representative on 08714712394 between 10am-7pm,147,guarante $$$ cash $$$ prize claim yr prize call custom servic repres,1
ham,Macha dont feel upset.i can assume your mindset.believe me one evening with me and i have some wonderful plans for both of us.LET LIFE BEGIN AGAIN.call me anytime,162,macha dont feel upset assum mindset believ one even wonder plan us let life begin call anytim,0
ham,Oh is it? Send me the address,29,oh send address,0
ham,S'fine. Anytime. All the best with it.,38,fine anytim best,0
ham,That is wondar full flim.,25,wondar full flim,0
ham,Ya even those cookies have jelly on them,40,ya even cooki jelli,0
ham,"The world is running and i am still.maybe all are feeling the same,so be it.or i have to admit,i am mad.then where is the correction?or let me call this is life.and keep running with the world,may be u r also running.lets run.",226,world run still mayb feel admit mad correct let call life keep run world may r also run let run,0
ham,Got it! It looks scrumptious... daddy wants to eat you all night long!,70,got look scrumptious daddi want eat night long,0
ham,Of cos can lar i'm not so ba dao ok... 1 pm lor... Y u never ask where we go ah... I said u would ask on fri but he said u will ask today...,140,cos lar ba dao ok pm lor never ask go ah said would ask fri said ask today,0
ham,"Alright omw, gotta change my order to a half8th",47,alright omw gotta chang order,0
ham,Exactly. Anyways how far. Is jide her to study or just visiting,63,exact anyway far jide studi visit,0
ham,Dunno y u ask me.,17,dunno ask,0
spam,Email AlertFrom: Jeri StewartSize: 2KBSubject: Low-cost prescripiton drvgsTo listen to email call 123,101,email alertfrom jeri stewarts low cost prescripiton drvgsto listen email call,1
ham,No he didn't. Spring is coming early yay!,41,spring come earli yay,0
ham,Lol you won't feel bad when I use her money to take you out to a steak dinner =D,80,lol feel bad use money take steak dinner,0
ham,Even u dont get in trouble while convincing..just tel him once or twice and just tel neglect his msgs dont c and read it..just dont reply,137,even dont get troubl convinc tel twice tel neglect msgs dont read dont repli,0
ham,Leaving to qatar tonite in search of an opportunity.all went fast.pls add me in ur prayers dear.Rakhesh,103,leav qatar tonit search opportun went fast pls add ur prayer dear rakhesh,0
ham,Then why no one talking to me,29,one talk,0
ham,Thanks for looking out for me. I really appreciate.,51,thank look realli appreci,0
spam,Hi. Customer Loyalty Offer:The NEW Nokia6650 Mobile from ONLY å£10 at TXTAUCTION! Txt word: START to No: 81151 & get yours Now! 4T&Ctxt TC 150p/MTmsg,149,hi custom loyalti offer new mobil $$$ txtauction txt word start get ctxt tc mtmsg,1
ham,Wish i were with you now!,25,wish,0
ham,Haha mayb u're rite... U know me well. Da feeling of being liked by someone is gd lor. U faster go find one then all gals in our group attached liao.,149,haha mayb rite know well da feel like someon gd lor faster go find one gal group attach liao,0
ham,Yes i will be there. Glad you made it.,38,yes glad made,0
ham,Do well :)all will for little time. Thing of good times ahead:,62,well littl time thing good time ahead,0
ham,Just got up. have to be out of the room very soon. Û_. i hadn't put the clocks back til at 8 i shouted at everyone to get up and then realised it was 7. wahay. another hour in bed.,181,got room soon put clock back til shout everyon get realis wahay anoth hour bed,0
ham,Ok. There may be a free gym about.,34,ok may free gym,0
ham,Men like shorter ladies. Gaze up into his eyes.,47,men like shorter ladi gaze eye,0
ham,Dunno he jus say go lido. Same time 930.,40,dunno jus say go lido time,0
ham,"I promise to take good care of you, princess. I have to run now. Please send pics when you get a chance. Ttyl!",110,promis take good care princess run pleas send pic get chanc ttyl,0
spam,U are subscribed to the best Mobile Content Service in the UK for å£3 per 10 days until you send STOP to 82324. Helpline 08706091795,132,subscrib best mobil content servic uk $$$ per day send stop helplin,1
ham,Is there a reason we've not spoken this year? Anyways have a great week and all the best in your exam,101,reason spoken year anyway great week best exam,0
ham,By monday next week. Give me the full gist,42,monday next week give full gist,0
spam,"Do you realize that in about 40 years, we'll have thousands of old ladies running around with tattoos?",102,realiz year thousand old ladi run around tattoo,1
spam,You have an important customer service announcement from PREMIER.,65,import custom servic announc premier,1
ham,Dont gimme that lip caveboy,27,dont gimm lip caveboy,0
ham,When did you get to the library,31,get librari,0
ham,Realy sorry-i don't recognise this number and am now confused :) who r u please?! ,82,reali sorri recognis number confus r pleas,0
ham,So why didnt you holla?,23,didnt holla,0
ham,Cant think of anyone with * spare room off * top of my head,59,cant think anyon spare room top head,0
ham,"Faith makes things possible,Hope makes things work,Love makes things beautiful,May you have all three this Christmas!Merry Christmas!",133,faith make thing possibl hope make thing work love make thing beauti may three christma merri christma,0
ham,U should have made an appointment,33,made appoint,0
ham,"Call me when you/carlos is/are here, my phone's vibrate is acting up and I might not hear texts",95,call carlo phone vibrat act might hear text,0
spam,"Romantic Paris. 2 nights, 2 flights from å£79 Book now 4 next year. Call 08704439680Ts&Cs apply.",96,romant pari night flight $$$ book next year call cs appli,1
ham,"We are at grandmas. Oh dear, u still ill? I felt Shit this morning but i think i am just hungover! Another night then. We leave on sat.",135,grandma oh dear still ill felt shit morn think hungov anoth night leav sat,0
spam,Urgent Ur å£500 guaranteed award is still unclaimed! Call 09066368327 NOW closingdate04/09/02 claimcode M39M51 å£1.50pmmorefrommobile2Bremoved-MobyPOBox734LS27YF,161,urgent ur $$$ guarante award still unclaim call claimcod $$$,1
ham,Nothing but we jus tot u would ask cos u ba gua... But we went mt faber yest... Yest jus went out already mah so today not going out... Jus call lor...,151,noth jus tot would ask cos ba gua went mt faber yest yest jus went alreadi mah today go jus call lor,0
ham,"Wishing you and your family Merry \X\"" mas and HAPPY NEW Year in advance..""",75,wish famili merri x mas happi new year advanc,0
spam,UR awarded a City Break and could WIN a å£200 Summer Shopping spree every WK. Txt STORE to 88039 . SkilGme. TsCs087147403231Winawk!Age16 å£1.50perWKsub,151,ur award citi break could win $$$ summer shop spree everi wk txt store skilgm $$$,1
ham,"I'm nt goin, got somethin on, unless they meetin 4 dinner lor... Haha, i wonder who will go tis time...",103,nt goin got somethin unless meetin dinner lor haha wonder go tis time,0
ham,Lol I know! They're so dramatic. Schools already closed for tomorrow. Apparently we can't drive in the inch of snow were supposed to get.,137,lol know dramat school alreadi close tomorrow appar drive inch snow suppos get,0
ham,Not getting anywhere with this damn job hunting over here!,58,get anywher damn job hunt,0
ham,Lol! U drunkard! Just doing my hair at d moment. Yeah still up 4 tonight. Wats the plan? ,89,lol drunkard hair moment yeah still tonight wat plan,0
ham,"idc get over here, you are not weaseling your way out of this shit twice in a row",81,idc get weasel way shit twice row,0
ham,I wil be there with in  &lt;#&gt;  minutes. Got any space,57,wil minut got space,0
ham,Thanks for picking up the trash.,32,thank pick trash,0
ham,Why don't you go tell your friend you're not sure you want to live with him because he smokes too much then spend hours begging him to come smoke,145,go tell friend sure want live smoke much spend hour beg come smoke,0
ham,"\Hi its Kate it was lovely to see you tonight and ill phone you tomorrow. I got to sing and a guy gave me his card! xxx\""""",122,hi kate love see tonight ill phone tomorrow got sing guy gave card xxx,0
ham,Happy New year my dear brother. I really do miss you. Just got your number and decided to send you this text wishing you only happiness. Abiola,143,happi new year dear brother realli miss got number decid send text wish happi abiola,0
ham,That means get the door,23,mean get door,0
ham,"Hmmm ... I thought we said 2 hours slave, not 3 ... You are late ... How should I punish you ?",94,hmmm thought said hour slave late punish,0
ham,Beerage?,8,beerag,0
spam,You have an important customer service announcement from PREMIER. Call FREEPHONE 0800 542 0578 now!,99,import custom servic announc premier call freephon,1
ham,Dont think so. It turns off like randomlly within 5min of opening,65,dont think turn like randomlli within open,0
ham,"She was supposed to be but couldn't make it, she's still in town though",71,suppos make still town though,0
ham,It does it on its own. Most of the time it fixes my spelling. But sometimes it gets a completely diff word. Go figure,117,time fix spell sometim get complet diff word go figur,0
spam,Ever thought about living a good life with a perfect partner? Just txt back NAME and AGE to join the mobile community. (100p/SMS),129,ever thought live good life perfect partner txt back name age join mobil communiti sms,1
spam,"5 Free Top Polyphonic Tones call 087018728737, National Rate. Get a toppoly tune sent every week, just text SUBPOLY to 81618, å£3 per pole. UnSub 08718727870.",158,free top polyphon tone call nation rate get toppoli tune sent everi week text subpoli $$$ per pole unsub,1
ham,This is hoping you enjoyed your game yesterday. Sorry i've not been in touch but pls know that you are fondly bein thot off. Have a great week. Abiola,150,hope enjoy game yesterday sorri touch pls know fond bein thot great week abiola,0
ham,All e best 4 ur driving tmr :-),31,e best ur drive tmr,0
ham,Y?WHERE U AT DOGBREATH? ITS JUST SOUNDING LIKE JAN C THATåÕS AL!!!!!!!!!,72,dogbreath sound like jan al,0
ham,Omg I want to scream. I weighed myself and I lost more weight! Woohoo!,70,omg want scream weigh lost weight woohoo,0
ham,There generally isn't one. It's an uncountable noun - u in the dictionary. pieces of research?,94,general one uncount noun dictionari piec research,0
ham,it's really getting me down just hanging around.,48,realli get hang around,0
spam,"Orange customer, you may now claim your FREE CAMERA PHONE upgrade for your loyalty. Call now on 0207 153 9996. Offer ends 14thMarch. T&C's apply. Opt-out availa",160,orang custom may claim free camera phone upgrad loyalti call offer end appli opt availa,1
ham,"\Petey boy whereare you me and all your friendsare in theKingshead come down if you canlove Nic\""""",98,petey boy wherear friendsar thekingshead come canlov nic,0
ham,Ok i msg u b4 i leave my house.,31,ok msg leav hous,0
ham,"\Gimme a few\"" was  &lt;#&gt;  minutes ago""",43,gimm minut ago,0
spam,"Last Chance! Claim ur å£150 worth of discount vouchers today! Text SHOP to 85023 now! SavaMob, offers mobile! T Cs SavaMob POBOX84, M263UZ. å£3.00 Sub. 16",154,last chanc claim ur $$$ worth discount voucher today text shop savamob offer mobil cs savamob $$$ sub,1
ham,Appt is at &lt;TIME&gt; am. Not my fault u don't listen. I told u twice,71,appt fault listen told twice,0
spam,FREE for 1st week! No1 Nokia tone 4 ur mobile every week just txt NOKIA to 8077 Get txting and tell ur mates. www.getzed.co.uk POBox 36504 W45WQ 16+ norm150p/tone,162,free week nokia tone ur mobil everi week txt nokia get txting tell ur mate http pobox tone,1
spam,You have won a guaranteed å£200 award or even å£1000 cashto claim UR award call free on 08000407165 (18+) 2 stop getstop on 88222 PHP. RG21 4JX,143,guarante $$$ award even $$$ cashto claim ur award call free stop getstop php,1
ham,K I'll be there before 4.,25,k,0
ham,I dled 3d its very imp,22,dled imp,0
ham,"sure, but make sure he knows we ain't smokin yet",48,sure make sure know smokin yet,0
ham,Boooo you always work. Just quit.,33,boooo alway work quit,0
ham,I am taking half day leave bec i am not well,44,take half day leav bec well,0
ham,Ugh I don't wanna get out of bed. It's so warm.,47,ugh wanna get bed warm,0
ham,S:)s.nervous  &lt;#&gt; :),26,nervous,0
ham,So there's a ring that comes with the guys costumes. It's there so they can gift their future yowifes. Hint hint,112,ring come guy costum gift futur yowif hint hint,0
spam,Congratulations ur awarded either å£500 of CD gift vouchers & Free entry 2 our å£100 weekly draw txt MUSIC to 87066 TnCs www.Ldew.com1win150ppmx3age16,150,congratul ur award either $$$ cd gift voucher free entri $$$ week draw txt music tncs http,1
ham,I borrow ur bag ok.,19,borrow ur bag ok,0
spam,"U were outbid by simonwatson5120 on the Shinco DVD Plyr. 2 bid again, visit sms. ac/smsrewards 2 end bid notifications, reply END OUT",133,outbid shinco dvd plyr bid visit sms ac smsreward end bid notif repli end,1
ham,Where's my boytoy? I miss you ... What happened?,48,boytoy miss happen,0
ham,"He has lots of used ones babe, but the model doesn't help. Youi have to bring it over and he'll match it up",107,lot use one babe model help youi bring match,0
ham,Also are you bringing galileo or dobby,38,also bring galileo dobbi,0
ham,Then why you not responding,27,respond,0
ham,"\BOO BABE! U ENJOYIN YOURJOB? U SEEMED 2 B GETTIN ON WELL HUNNY!HOPE URE OK?TAKE CARE & IåÕLLSPEAK 2U SOONLOTS OF LOVEME XXXX.\""""",129,boo babe enjoyin yourjob seem b gettin well hunni hope ure ok take care llspeak soonlot lovem xxxx,0
ham,Good afternoon starshine! How's my boytoy? Does he crave me yet? Ache to fuck me ? *sips cappuccino* I miss you babe *teasing kiss*,131,good afternoon starshin boytoy crave yet ach fuck sip cappuccino miss babe teas kiss,0
ham,On the road so cant txt,23,road cant txt,0
spam,"SMSSERVICES. for yourinclusive text credits, pls goto www.comuk.net login= 3qxj9 unsubscribe with STOP, no extra charge. help 08702840625.COMUK. 220-CM2 9AE",156,smsservic yourinclus text credit pls goto http login unsubscrib stop extra charg help http,1
spam,25p 4 alfie Moon's Children in need song on ur mob. Tell ur m8s. Txt Tone charity to 8007 for Nokias or Poly charity for polys: zed 08701417012 profit 2 charity.,161,alfi moon children need song ur mob tell ur txt tone chariti nokia poli chariti poli zed profit chariti,1
ham,Hmm .. Bits and pieces lol ... *sighs* ...,42,hmm bit piec lol sigh,0
ham,Hahaha..use your brain dear,27,hahaha use brain dear,0
ham,Hey. You got any mail?,22,hey got mail,0
ham,"Sorry light turned green, I meant another friend wanted  &lt;#&gt;  worth but he may not be around",98,sorri light turn green meant anoth friend want worth may around,0
ham,Thanks for yesterday sir. You have been wonderful. Hope you enjoyed the burial. MojiBiola,89,thank yesterday sir wonder hope enjoy burial mojibiola,0
spam,U have a secret admirer. REVEAL who thinks U R So special. Call 09065174042. To opt out Reply REVEAL STOP. 1.50 per msg recd. Cust care 07821230901,147,secret admir reveal think r special call opt repli reveal stop per msg recd cust care,1
ham,Hi mate its RV did u hav a nice hol just a message 3 say hello coz havenåÕt sent u 1 in ages started driving so stay off roads!RVx,130,hi mate rv hav nice hol messag say hello coz sent age start drive stay road rvx,0
spam,"Dear Voucher Holder, To claim this weeks offer, at you PC please go to http://www.e-tlp.co.uk/expressoffer Ts&Cs apply. To stop texts, txt STOP to 80062",152,dear voucher holder claim week offer pc pleas go http ts cs appli stop text txt stop,1
ham,"Thank you so much. When we skyped wit kz and sura, we didnt get the pleasure of your company. Hope you are good. We've given you ultimatum oh! We are countin down to aburo. Enjoy! This is the message i sent days ago",215,thank much skype wit kz sura didnt get pleasur compani hope good given ultimatum oh countin aburo enjoy messag sent day ago,0
ham,Surely result will offer:),26,sure result offer,0
ham,Good Morning my Dear........... Have a great &amp; successful day.,66,good morn dear great success day,0
spam,Do you want 750 anytime any network mins 150 text and a NEW VIDEO phone for only five pounds per week call 08002888812 or reply for delivery tomorrow,149,want anytim network min text new video phone five pound per week call repli deliveri tomorrow,1
ham,"Sir, I have been late in paying rent for the past few months and had to pay a $ &lt;#&gt;  charge. I felt it would be inconsiderate of me to nag about something you give at great cost to yourself and that's why i didnt speak up. I however am in a recession and wont be able to pay the charge this month hence my askin well ahead of month's end. Can you please help. Thanks",372,sir late pay rent past month pay $$$ charg felt would inconsider nag someth give great cost didnt speak howev recess wont abl pay charg month henc askin well ahead month end pleas help thank,0
spam,We tried to contact you re our offer of New Video Phone 750 anytime any network mins HALF PRICE Rental camcorder call 08000930705 or reply for delivery Wed,155,tri contact offer new video phone anytim network min half price rental camcord call repli deliveri wed,1
spam,Last chance 2 claim ur å£150 worth of discount vouchers-Text YES to 85023 now!SavaMob-member offers mobile T Cs 08717898035. å£3.00 Sub. 16 . Remove txt X or STOP,162,last chanc claim ur $$$ worth discount voucher text yes savamob member offer mobil cs $$$ sub remov txt x stop,1
ham,I luv u soo much u donåÕt understand how special u r 2 me ring u 2morrow luv u xxx,82,luv soo much understand special r ring luv xxx,0
ham,"Pls send me a comprehensive mail about who i'm paying, when and how much.",73,pls send comprehens mail pay much,0
ham,Our Prashanthettan's mother passed away last night. pray for her and family.,76,prashanthettan mother pass away last night pray famili,0
spam,"Urgent! call 09066350750 from your landline. Your complimentary 4* Ibiza Holiday or 10,000 cash await collection SAE T&Cs PO BOX 434 SK3 8WP 150 ppm 18+ ",153,urgent call landlin complimentari ibiza holiday cash await collect sae cs po box ppm,1
ham,K.k:)when are you going?,24,k k go,0
ham,Meanwhile in the shit suite: xavier decided to give us  &lt;#&gt;  seconds of warning that samantha was coming over and is playing jay's guitar to impress her or some shit. Also I don't think doug realizes I don't live here anymore,231,meanwhil shit suit xavier decid give us second warn samantha come play jay guitar impress shit also think doug realiz live anymor,0
ham,My stomach has been thru so much trauma I swear I just can't eat. I better lose weight.,87,stomach thru much trauma swear eat better lose weight,0
ham,I am in office:)whats the matter..msg me now.i will call you at break:).,72,offic what matter msg call break,0
ham,"Yeah there's barely enough room for the two of us, x has too many fucking shoes. Sorry man, see you later",105,yeah bare enough room two us x mani fuck shoe sorri man see later,0
ham,U reach orchard already? U wan 2 go buy tickets first?,54,reach orchard alreadi wan go buy ticket first,0
ham,"I am real, baby! I want to bring out your inner tigress...",58,real babi want bring inner tigress,0
ham,No da if you run that it activate the full version da.,54,da run activ full version da,0
ham,"\AH POOR BABY!HOPE URFEELING BETTERSN LUV! PROBTHAT OVERDOSE OF WORK HEY GO CAREFUL SPK 2 U SN LOTS OF LOVEJEN XXX.\""""",118,ah poor babi hope urfeel bettersn luv probthat overdos work hey go care spk sn lot lovejen xxx,0
ham,Stop the story. I've told him i've returned it and he's saying i should not re order it.,88,stop stori told return say order,0
spam,Talk sexy!! Make new friends or fall in love in the worlds most discreet text dating service. Just text VIP to 83110 and see who you could meet.,144,talk sexi make new friend fall love world discreet text date servic text vip see could meet,1
ham,Going to take your babe out ?,29,go take babe,0
ham,Hai ana tomarrow am coming on morning.  &lt;DECIMAL&gt;  ill be there in sathy then we ll go to RTO office. Reply me after came to home.,136,hai ana tomarrow come morn ill sathi go rto offic repli came home,0
ham,Spoons it is then okay?,23,spoon okay,0
ham,Did he just say somebody is named tampa,39,say somebodi name tampa,0
ham,In work now. Going have in few min.,35,work go min,0
ham,Your brother is a genius,24,brother genius,0
ham,"Sorry, I guess whenever I can get a hold of my connections, maybe an hour or two? I'll text you",95,sorri guess whenev get hold connect mayb hour two text,0
ham,Did u find out what time the bus is at coz i need to sort some stuff out.,73,find time bus coz need sort stuff,0
ham,Dude ive been seeing a lotta corvettes lately,45,dude ive see lotta corvett late,0
spam,Congratulations ur awarded either a yrs supply of CDs from Virgin Records or a Mystery Gift GUARANTEED Call 09061104283 Ts&Cs www.smsco.net å£1.50pm approx 3mins,161,congratul ur award either yrs suppli cds virgin record mysteri gift guarante call ts cs http $$$ approx,1
ham,"Same here, but I consider walls and bunkers and shit important just because I never play on peaceful but I guess your place is high enough that it don't matter",159,consid wall bunker shit import never play peac guess place high enough matter,0
spam,PRIVATE! Your 2003 Account Statement for 07808 XXXXXX shows 800 un-redeemed S. I. M. points. Call 08719899217 Identifier Code: 41685 Expires 07/11/04,149,privat account statement xxxxxx show un redeem point call identifi code expir,1
spam,Hello. We need some posh birds and chaps to user trial prods for champneys. Can i put you down? I need your address and dob asap. Ta r,134,hello need posh bird chap user trial prod champney put need address dob asap ta r,1
spam,What do U want for Xmas? How about 100 free text messages & a new video phone with half price line rental? Call free now on 0800 0721072 to find out more!,154,want xmas free text messag new video phone half price line rental call free find,1
ham,"Well am officially in a philosophical hole, so if u wanna call am at home ready to be saved!",92,well offici philosoph hole wanna call home readi save,0
ham,Its going good...no problem..but still need little experience to understand american customer voice...,102,go good problem still need littl experi understand american custom voic,0
ham,I'll text you when I drop x off,31,text drop x,0
ham,Ugh its been a long day. I'm exhausted. Just want to cuddle up and take a nap,77,ugh long day exhaust want cuddl take nap,0
ham,Talk With Yourself Atleast Once In A Day...!!! Otherwise You Will Miss Your Best FRIEND In This WORLD...!!! -Shakespeare- SHESIL  &lt;#&gt;,139,talk atleast day otherwis miss best friend world shakespear shesil,0
spam,"Shop till u Drop, IS IT YOU, either 10K, 5K, å£500 Cash or å£100 Travel voucher, Call now, 09064011000. NTT PO Box CR01327BT fixedline Cost 150ppm mobile vary",158,shop till drop either $$$ cash $$$ travel voucher call ntt po box fixedlin cost mobil vari,1
ham,Are you in castor? You need to see something,44,castor need see someth,0
spam,Sunshine Quiz Wkly Q! Win a top Sony DVD player if u know which country Liverpool played in mid week? Txt ansr to 82277. å£1.50 SP:Tyrone,137,sunshin quiz wkli q win top soni dvd player know countri liverpool play mid week txt ansr $$$ sp tyron,1
spam,U have a secret admirer who is looking 2 make contact with U-find out who they R*reveal who thinks UR so special-call on 09058094565,132,secret admir look make contact find r reveal think ur special call,1
spam,U have a Secret Admirer who is looking 2 make contact with U-find out who they R*reveal who thinks UR so special-call on 09065171142-stopsms-08,143,secret admir look make contact find r reveal think ur special call stopsm,1
spam,Reminder: You have not downloaded the content you have already paid for. Goto http://doit. mymoby. tv/ to collect your content.,127,remind download content alreadi paid goto http mymobi tv collect content,1
ham,"see, i knew giving you a break a few times woul lead to you always wanting to miss curfew. I was gonna gibe you 'til one, but a MIDNIGHT movie is not gonna get out til after 2. You need to come home. You need to getsleep and, if anything, you need to b studdying ear training.",276,see knew give break time woul lead alway want miss curfew gonna gibe til one midnight movi gonna get til need come home need getsleep anyth need b studdi ear train,0
ham,I love to give massages. I use lots of baby oil... What is your fave position?,78,love give massag use lot babi oil fave posit,0
ham,Dude we should go sup again,27,dude go sup,0
ham,Yoyyooo u know how to change permissions for a drive in mac. My usb flash drive,79,yoyyooo know chang permiss drive mac usb flash drive,0
ham,Gibbs unsold.mike hussey,24,gibb unsold mike hussey,0
ham,I like to talk pa but am not able to. I dont know y.,52,like talk pa abl dont know,0
ham,Y dun cut too short leh. U dun like ah? She failed. She's quite sad.,68,dun cut short leh dun like ah fail quit sad,0
ham,You unbelievable faglord,24,unbeliev faglord,0
ham,Wife.how she knew the time of murder exactly,44,wife knew time murder exact,0
ham,Why do you ask princess?,24,ask princess,0
ham,I am great princess! What are you thinking about me? :),55,great princess think,0
ham,Nutter. Cutter. Ctter. Cttergg. Cttargg. Ctargg. Ctagg. ie you,62,nutter cutter ctter cttergg cttargg ctargg ctagg ie,0
ham,It's ok i noe u're busy but i'm really too bored so i msg u. I oso dunno wat colour she choose 4 me one.,104,ok noe busi realli bore msg oso dunno wat colour choos one,0
ham,Doesn't g have class early tomorrow and thus shouldn't be trying to smoke at  &lt;#&gt;,87,g class earli tomorrow thus tri smoke,0
ham,"Superb Thought- \Be grateful that u dont have everything u want. That means u still have an opportunity to be happier tomorrow than u are today.\"":-)""",150,superb thought grate dont everyth want mean still opportun happier tomorrow today,0
ham,Hope you are having a good week. Just checking in,49,hope good week check,0
ham,"I'm used to it. I just hope my agents don't drop me since i've only booked a few things this year. This whole me in boston, them in nyc was an experiment.",154,use hope agent drop sinc book thing year whole boston nyc experi,0
ham,"Thursday night? Yeah, sure thing, we'll work it out then",56,thursday night yeah sure thing work,0
ham,Probably money worries. Things are coming due and i have several outstanding invoices for work i did two and three months ago.,126,probabl money worri thing come due sever outstand invoic work two three month ago,0
ham,How is it possible to teach you. And where.,43,possibl teach,0
ham,"I wonder if your phone battery went dead ? I had to tell you, I love you babe",77,wonder phone batteri went dead tell love babe,0
ham,Lovely smell on this bus and it ain't tobacco... ,49,love smell bus tobacco,0
ham,"We're all getting worried over here, derek and taylor have already assumed the worst",84,get worri derek taylor alreadi assum worst,0
ham,Hey what's up charles sorry about the late reply.,49,hey charl sorri late repli,0
spam,"all the lastest from Stereophonics, Marley, Dizzee Racal, Libertines and The Strokes! Win Nookii games with Flirt!! Click TheMob WAP Bookmark or text WAP to 82468",162,lastest stereophon marley dizze racal libertin stroke win nookii game flirt click themob wap bookmark text wap,1
ham,I.ll give her once i have it. Plus she said grinule greet you whenever we speak,79,give plus said grinul greet whenev speak,0
ham,WHITE FUDGE OREOS ARE IN STORES,31,white fudg oreo store,0
spam,"January Male Sale! Hot Gay chat now cheaper, call 08709222922. National rate from 1.5p/min cheap to 7.8p/min peak! To stop texts call 08712460324 (10p/min)",155,januari male sale hot gay chat cheaper call nation rate min cheap min peak stop text call min,1
ham,My love ! How come it took you so long to leave for Zaher's? I got your words on ym and was happy to see them but was sad you had left. I miss you,146,love come took long leav zaher got word ym happi see sad left miss,0
ham,I am sorry it hurt you.,23,sorri hurt,0
ham,Can't. I feel nauseous. I'm so pissed. I didn't eat any sweets all week cause today I was planning to pig out. I was dieting all week. And now I'm not hungry :/,160,feel nauseous piss eat sweet week caus today plan pig diet week hungri,0
ham,Ok lor but not too early. Me still having project meeting now.,62,ok lor earli still project meet,0
ham,"Call me da, i am waiting for your call.",39,call da wait call,0
ham,I could ask carlos if we could get more if anybody else can chip in,67,could ask carlo could get anybodi els chip,0
ham,Was actually about to send you a reminder today. Have a wonderful weekend,73,actual send remind today wonder weekend,0
ham,"When people see my msgs, They think Iam addicted to msging... They are wrong, Bcoz They don\'t know that Iam addicted to my sweet Friends..!! BSLVYL",148,peopl see msgs think iam addict msging wrong bcoz know iam addict sweet friend bslvyl,0
ham,Hey you gave them your photo when you registered for driving ah? Tmr wanna meet at yck? ,88,hey gave photo regist drive ah tmr wanna meet yck,0
ham,Dont talk to him ever ok its my word.,37,dont talk ever ok word,0
ham,When u wana see it then,23,wana see,0
ham,On ma way to school. Can you pls send me ashley's number,56,way school pls send ashley number,0
ham,It shall be fine. I have avalarr now. Will hollalater,53,shall fine avalarr hollalat,0
ham,She went to attend another two rounds today..but still did't reach home..,73,went attend anoth two round today still reach home,0
ham,Actually i deleted my old website..now i m blogging at magicalsongs.blogspot.com,80,actual delet old websit blog http,0
ham,"K, wait chikku..il send aftr  &lt;#&gt; mins",44,k wait chikku il send aftr min,0
ham,But I'm on a diet. And I ate 1 too many slices of pizza yesterday. Ugh I'm ALWAYS on a diet.,92,diet ate mani slice pizza yesterday ugh alway diet,0
ham,K:)i will give my kvb acc details:),35,k give kvb acc detail,0
ham,Oh all have to come ah?,23,oh come ah,0
spam,money!!! you r a lucky winner ! 2 claim your prize text money 2 88600 over å£1million to give away ! ppt150x3+normal text rate box403 w1t1jy,140,money r lucki winner claim prize text money $$$ give away normal text rate,1
ham,I'm really sorry i won't b able 2 do this friday.hope u can find an alternative.hope yr term's going ok:-),106,realli sorri b abl friday hope find altern hope yr term go ok,0
ham,Congratulations ore mo owo re wa. Enjoy it and i wish you many happy moments to and fro wherever you go,103,congratul ore mo owo wa enjoy wish mani happi moment fro wherev go,0
ham,So do you have samus shoulders yet,34,samus shoulder yet,0
ham,What time you think you'll have it? Need to know when I should be near campus,77,time think need know near campus,0
spam,"Dear Matthew please call 09063440451 from a landline, your complimentary 4*Lux Tenerife holiday or å£1000 CASH await collection. ppm150 SAE T&Cs Box334 SK38XH.",159,dear matthew pleas call landlin complimentari lux tenerif holiday $$$ cash await collect sae cs,1
ham,Then dun wear jeans lor...,26,dun wear jean lor,0
ham,"Since when, which side, any fever, any vomitin.",47,sinc side fever vomitin,0
ham,K:)k.are you in college?,24,k k colleg,0
spam,"Urgent! call 09061749602 from Landline. Your complimentary 4* Tenerife Holiday or å£10,000 cash await collection SAE T&Cs BOX 528 HP20 1YF 150ppm 18+",149,urgent call landlin complimentari tenerif holiday $$$ cash await collect sae cs box,1
ham,Better. Made up for Friday and stuffed myself like a pig yesterday. Now I feel bleh. But at least its not writhing pain kind of bleh.,133,better made friday stuf like pig yesterday feel bleh least writh pain kind bleh,0
ham,No we sell it all so we'll have tons if coins. Then sell our coins to someone thru paypal. Voila! Money back in life pockets:),126,sell ton coin sell coin someon thru paypal voila money back life pocket,0
ham,Theyre doing it to lots of places. Only hospitals and medical places are safe.,78,theyr lot place hospit medic place safe,0
spam,How about getting in touch with folks waiting for company? Just txt back your NAME and AGE to opt in! Enjoy the community (150p/SMS),132,get touch folk wait compani txt back name age opt enjoy communiti sms,1
ham,And also I've sorta blown him off a couple times recently so id rather not text him out of the blue looking for weed,116,also sorta blown coupl time recent id rather text blue look weed,0
ham,"I sent my scores to sophas and i had to do secondary application for a few schools. I think if you are thinking of applying, do a research on cost also. Contact joke ogunrinde, her school is one me the less expensive ones",221,sent score sopha secondari applic school think think appli research cost also contact joke ogunrind school one less expens one,0
ham,I cant wait to see you! How were the photos were useful? :),59,cant wait see photo use,0
spam,Ur cash-balance is currently 500 pounds - to maximize ur cash-in now send GO to 86688 only 150p/msg. CC: 08718720201 PO BOX 114/14 TCR/W1,137,ur cash balanc current pound maxim ur cash send go msg cc po box tcr,1
ham,Hey i booked the kb on sat already... what other lessons are we going for ah? Keep your sat night free we need to meet and confirm our lodging ,143,hey book kb sat alreadi lesson go ah keep sat night free need meet confirm lodg,0
ham,Chk in ur belovd ms dict,24,chk ur belovd ms dict,0
ham,Is that what time you want me to come?,38,time want come,0
ham,"Awesome, lemme know whenever you're around",42,awesom lemm know whenev around,0
ham,Shb b ok lor... Thanx...,24,shb b ok lor thanx,0
ham,"Beautiful Truth against Gravity.. Read carefully: \Our heart feels light when someone is in it.. But it feels very heavy when someone leaves it..\"" GOOD NIGHT""",159,beauti truth graviti read care heart feel light someon feel heavi someon leav good night,0
ham,Also remember to get dobby's bowl from your car,47,also rememb get dobbi bowl car,0
spam,Filthy stories and GIRLS waiting for your,41,filthi stori girl wait,1
ham,Sorry i now then c ur msg... Yar lor so poor thing... But only 4 one night... Tmr u'll have a brand new room 2 sleep in...,122,sorri ur msg yar lor poor thing one night tmr brand new room sleep,0
ham,"Love isn't a decision, it's a feeling. If we could decide who to love, then, life would be much simpler, but then less magical",126,love decis feel could decid love life would much simpler less magic,0
ham,Welp apparently he retired,26,welp appar retir,0
ham,My sort code is  and acc no is . The bank is natwest. Can you reply to confirm i've sent this to the right person!,114,sort code acc bank natwest repli confirm sent right person,0
ham,Where @,7,,0
ham,U sure u can't take any sick time?,34,sure take sick time,0
spam,URGENT! We are trying to contact U. Todays draw shows that you have won a å£800 prize GUARANTEED. Call 09050001808 from land line. Claim M95. Valid12hrs only,157,urgent tri contact today draw show $$$ prize guarante call land line claim,1
ham,Yo chad which gymnastics class do you wanna take? The site says Christians class is full..,90,yo chad gymnast class wanna take site say christian class full,0
ham,Or better still can you catch her and let ask her if she can sell  &lt;#&gt;  for me.,85,better still catch let ask sell,0
ham,I am not sure about night menu. . . I know only about noon menu,63,sure night menu know noon menu,0
ham,What do u want when i come back?.a beautiful necklace as a token of my heart for you.thats what i will give but ONLY to MY WIFE OF MY LIKING.BE THAT AND SEE..NO ONE can give you that.dont call me.i will wait till i come.,220,want come back beauti necklac token heart that give wife like see one give dont call wait till come,0
ham,Are you willing to go for aptitude class.,41,will go aptitud class,0
ham,"It wont b until 2.15 as trying 2 sort house out, is that ok?",60,wont b tri sort hous ok,0
ham,"Yar lor he wan 2 go c horse racing today mah, so eat earlier lor. I ate chicken rice. U?",88,yar lor wan go hors race today mah eat earlier lor ate chicken rice,0
ham,"Haha awesome, omw back now then",31,haha awesom omw back,0
ham,Yup i thk so until e shop closes lor.,37,yup thk e shop close lor,0
ham,what is your account number?,28,account number,0
ham,Eh u send wrongly lar...,24,eh send wrong lar,0
ham,Hey no I ad a crap nite was borin without ya 2 boggy with me u boring biatch! Thanx but u wait til nxt time il ave ya ,118,hey ad crap nite borin without ya boggi bore biatch thanx wait til nxt time il ave ya,0
ham,Ok i shall talk to him,22,ok shall talk,0
ham,Dont hesitate. You know this is the second time she has had weakness like that. So keep i notebook of what she eat and did the day before or if anything changed the day before so that we can be sure its nothing,210,dont hesit know second time weak like keep notebook eat day anyth chang day sure noth,0
ham,Hey you can pay. With salary de. Only  &lt;#&gt; .,50,hey pay salari de,0
ham,Another month. I need chocolate weed and alcohol.,49,anoth month need chocol weed alcohol,0
ham,If he started searching he will get job in few days.he have great potential and talent.,87,start search get job day great potenti talent,0
ham,Reckon need to be in town by eightish to walk from * carpark.,61,reckon need town eightish walk carpark,0
spam,"Congrats! 2 mobile 3G Videophones R yours. call 09063458130 now! videochat wid your mates, play java games, Dload polyPH music, noline rentl.",141,congrat mobil videophon r call videochat wid mate play java game dload polyph music nolin rentl,1
ham,LOOK AT THE FUCKIN TIME. WHAT THE FUCK YOU THINK IS UP,54,look fuckin time fuck think,0
ham,Yo guess what I just dropped,28,yo guess drop,0
ham,Carlos says he'll be at mu in  &lt;#&gt;  minutes,49,carlo say mu minut,0
ham,I'm in office now . I will call you  &lt;#&gt;  min:),53,offic call min,0
ham,"Geeee ... I miss you already, you know ? Your all I can think about. Fuck, I can't wait till next year when we will be together ... *loving kiss*",145,geeee miss alreadi know think fuck wait till next year togeth love kiss,0
ham,"Yun ah.the ubi one say if Ì_ wan call by tomorrow.call 67441233 look for irene.ere only got bus8,22,65,61,66,382. Ubi cres,ubi tech park.6ph for 1st 5wkg days.Ì¬n",162,yun ah ubi one say wan call tomorrow call look iren ere got ubi cres ubi tech park day i¬n,0
ham,Ugh. Gotta drive back to sd from la. My butt is sore.,53,ugh gotta drive back sd la butt sore,0
ham,26th OF JULY,12,juli,0
ham,Hi im having the most relaxing time ever! we have to get up at 7am every day! was the party good the other night? I get home tomorrow at 5ish.,142,hi relax time ever get everi day parti good night get home tomorrow,0
ham,Up to Ì_... ÌÏ wan come then come lor... But i din c any stripes skirt...,73,iï wan come come lor din stripe skirt,0
ham,The Xmas story is peace.. The Xmas msg is love.. The Xmas miracle is jesus.. Hav a blessed month ahead &amp; wish U Merry Xmas...,129,xmas stori peac xmas msg love xmas miracl jesus hav bless month ahead wish merri xmas,0
ham,"I can't, I don't have her number!",33,number,0
ham,Change again... It's e one next to escalator...,47,chang e one next escal,0
ham,Yetunde i'm in class can you not run water on it to make it ok. Pls now.,72,yetund class run water make ok pls,0
ham,Not a lot has happened here. Feels very quiet. Beth is at her aunts and charlie is working lots. Just me and helen in at the mo. How have you been? ,148,lot happen feel quiet beth aunt charli work lot helen mo,0
ham,Then Ì_ wait 4 me at bus stop aft ur lect lar. If i dun c Ì_ then i go get my car then come back n pick Ì_.,107,wait bus stop aft ur lect lar dun go get car come back n pick,0
ham,"Aight will do, thanks again for comin out",41,aight thank comin,0
ham,No..but heard abt tat..,23,heard abt tat,0
ham,&lt;#&gt;  am I think? Should say on syllabus,45,think say syllabus,0
ham,Umma. Did she say anything,26,umma say anyth,0
ham,Give me a sec to think think about it,37,give sec think think,0
spam,Panasonic & BluetoothHdset FREE. Nokia FREE. Motorola FREE & DoubleMins & DoubleTxt on Orange contract. Call MobileUpd8 on 08000839402 or call 2optout,150,panason bluetoothhdset free nokia free motorola free doublemin doubletxt orang contract call call,1
ham,I don't quite know what to do. I still can't get hold of anyone. I cud pick you up bout 7.30pm and we can see if they're in the pub?,132,quit know still get hold anyon cud pick bout see pub,0
ham,"Poyyarikatur,kolathupalayam,unjalur post,erode dis, &lt;#&gt; .",63,poyyarikatur kolathupalayam unjalur post erod dis,0
ham,"Dear Hero,i am leaving to qatar tonite for an apt opportunity.pls do keep in touch at  &lt;EMAIL&gt; ,kerala",108,dear hero leav qatar tonit apt opportun pls keep touch kerala,0
ham,Lol I would but my mom would have a fit and tell the whole family how crazy and terrible I am,93,lol would mom would fit tell whole famili crazi terribl,0
ham,"I just got home babe, are you still awake ?",43,got home babe still awak,0
ham,I dunno they close oredi not... ÌÏ v ma fan...,46,dunno close oredi iï v fan,0
ham,Just buy a pizza. Meat lovers or supreme. U get to pick.,56,buy pizza meat lover suprem get pick,0
ham,"Ya, told..she was asking wats matter?",37,ya told ask wat matter,0
ham,"Dear,regret i cudnt pick call.drove down frm ctla now at cochin home.left mobile in car..ente style ishtamayoo?happy bakrid!",124,dear regret cudnt pick call drove frm ctla cochin home left mobil car ent style ishtamayoo happi bakrid,0
spam,FREE for 1st week! No1 Nokia tone 4 ur mob every week just txt NOKIA to 8007 Get txting and tell ur mates www.getzed.co.uk POBox 36504 W45WQ norm150p/tone 16+,158,free week nokia tone ur mob everi week txt nokia get txting tell ur mate http pobox tone,1
ham,Shall i send that exe to your mail id.,38,shall send exe mail id,0
ham,Nope watching tv at home... Not going out. V bored...,53,nope watch tv home go v bore,0
ham,Don know..wait i will check it.,31,know wait check,0
ham,"Good afternoon on this glorious anniversary day, my sweet J !! I hope this finds you happy and content, my Prey. I think of you and send a teasing kiss from across the sea coaxing images of fond souveniers ... You Cougar-Pen",224,good afternoon glorious anniversari day sweet j hope find happi content prey think send teas kiss across sea coax imag fond souveni cougar pen,0
spam,Guess what! Somebody you know secretly fancies you! Wanna find out who it is? Give us a call on 09065394514 From Landline DATEBox1282EssexCM61XN 150p/min 18,156,guess somebodi know secret fanci wanna find give us call landlin min,1
ham,We still on for tonight?,24,still tonight,0
ham,May i call You later Pls,24,may call later pls,0
ham,Hasn't that been the pattern recently crap weekends?,52,pattern recent crap weekend,0
ham,I have a sore throat. It's scratches when I talk,48,sore throat scratch talk,0
ham,Yes da. Any plm at ur office,28,yes da plm ur offic,0
ham,Are you not around or just still asleep? :V,43,around still asleep v,0
ham,"Lol you forgot it eh ? Yes, I'll bring it in babe",49,lol forgot eh yes bring babe,0
ham,"Its good, we'll find a way",26,good find way,0
ham,Can not use foreign stamps in this country. Good lecture .,58,use foreign stamp countri good lectur,0
ham,Yup bathe liao...,17,yup bath liao,0
ham,HAPPY NEW YEAR MY NO.1 MAN,26,happi new year man,0
ham,"OH MR SHEFFIELD! You wanna play THAT game, okay. You're the boss and I'm the nanny. You give me a raise and I'll give YOU one!!",127,oh mr sheffield wanna play game okay boss nanni give rais give one,0
ham,ZOE IT JUST HIT ME 2 IM FUCKING SHITIN MYSELF IL DEFO TRY MY HARDEST 2 CUM 2MOROW LUV U MILLIONS LEKDOG,103,zoe hit fuck shitin il defo tri hardest cum luv million lekdog,0
ham,"Hello baby, did you get back to your mom's ? Are you setting up the computer now ? Filling your belly ? How goes it loverboy ? I miss you already ... *sighs*",157,hello babi get back mom set comput fill belli goe loverboy miss alreadi sigh,0
ham,"No my blankets are sufficient, thx",34,blanket suffici thx,0
ham,"naughty little thought: 'its better to flirt, flirt n flirt, rather than loving someone n gettin hurt, hurt n hurt...:-) Gud nyt",128,naughti littl thought better flirt flirt n flirt rather love someon n gettin hurt hurt n hurt gud nyt,0
ham,"Edison has rightly said, \A fool can ask more questions than a wise man can answer\"" Now you know why all of us are speechless during ViVa.. GM",143,edison right said fool ask question wise man answer know us speechless viva gm,0
ham,They just talking thats it de. They wont any other.,51,talk that de wont,0
ham,Today am going to college so am not able to atten the class.,60,today go colleg abl atten class,0
ham,I'm in class. Will holla later,30,class holla later,0
ham,Mmm thats better now i got a roast down me! iåÕd b better if i had a few drinks down me 2! Good indian?,103,mmm that better got roast b better drink good indian,0
spam,"We know someone who you know that fancies you. Call 09058097218 to find out who. POBox 6, LS15HB 150p",101,know someon know fanci call find pobox,1
ham,"Come round, it's . ",19,come round,0
ham,"Do 1 thing! Change that sentence into: \Because i want 2 concentrate in my educational career im leaving here..\""""",114,thing chang sentenc want concentr educ career leav,0
spam,"1000's flirting NOW! Txt GIRL or BLOKE & ur NAME & AGE, eg GIRL ZOE 18 to 8007 to join and get chatting!",104,flirt txt girl bloke ur name age eg girl zoe join get chat,1
ham,I walked an hour 2 c u! doesnåÕt that show I care y wont u believe im serious?,78,walk hour show care wont believ serious,0
spam,18 days to Euro2004 kickoff! U will be kept informed of all the latest news and results daily. Unsubscribe send GET EURO STOP to 83222.,135,day kickoff kept inform latest news result daili unsubscrib send get euro stop,1
ham,Are you available for soiree on June 3rd?,41,avail soire june,0
ham,Do u noe wat time e place dat sells 4d closes?,46,noe wat time e place dat sell close,0
ham,"I got another job! The one at the hospital doing data analysis or something, starts on monday! Not sure when my thesis will got finished",136,got anoth job one hospit data analysi someth start monday sure thesi got finish,0
ham,Jay's getting really impatient and belligerent,46,jay get realli impati belliger,0
ham,HIYA COMIN 2 BRISTOL 1 ST WEEK IN APRIL. LES GOT OFF + RUDI ON NEW YRS EVE BUT I WAS SNORING.THEY WERE DRUNK! U BAK AT COLLEGE YET? MY WORK SENDS INK 2 BATH.,157,hiya comin bristol st week april les got rudi new yrs eve snore drunk bak colleg yet work send ink bath,0
ham,I'm at work. Please call,24,work pleas call,0
ham,Then u drive lor.,17,drive lor,0
ham,Ard 515 like dat. Y?,20,ard like dat,0
ham,Tell me they're female :V how're you throwing in? We're deciding what all to get now,84,tell femal v throw decid get,0
spam,EASTENDERS TV Quiz. What FLOWER does DOT compare herself to? D= VIOLET E= TULIP F= LILY txt D E or F to 84025 NOW 4 chance 2 WIN å£100 Cash WKENT/150P16+,153,eastend tv quiz flower dot compar violet e tulip f lili txt e f chanc win $$$ cash wkent,1
ham,I'm working technical support :)voice process.networking field.,63,work technic support voic process network field,0
ham,I might come to kerala for 2 days.so you can be prepared to take a leave once i finalise .dont plan any travel during my visit.need to finish urgent works.,155,might come kerala day prepar take leav finalis dont plan travel visit need finish urgent work,0
ham,Ok. Not sure what time tho as not sure if can get to library before class. Will try. See you at some point! Have good eve.,122,ok sure time tho sure get librari class tri see point good eve,0
spam,We have new local dates in your area - Lots of new people registered in YOUR AREA. Reply DATE to start now! 18 only www.flirtparty.us REPLYS150,143,new local date area lot new peopl regist area repli date start http,1
ham,"That's fine, I'll bitch at you about it later then",50,fine bitch later,0
ham,No my mum went 2 dentist.,25,mum went dentist,0
ham,Once free call me sir. I am waiting for you.,44,free call sir wait,0
ham,Meeting u is my work. . . Tel me when shall i do my work tomorrow,65,meet work tel shall work tomorrow,0
spam,Someone U know has asked our dating service 2 contact you! Cant Guess who? CALL 09058091854 NOW all will be revealed. PO BOX385 M6 6WU,134,someon know ask date servic contact cant guess call reveal po,1
ham,Jus finish bathing...,21,jus finish bath,0
ham,"alright, I'll make sure the car is back tonight",47,alright make sure car back tonight,0
spam,URGENT! We are trying to contact U. Todays draw shows that you have won a å£800 prize GUARANTEED. Call 09050003091 from land line. Claim C52. Valid12hrs only,157,urgent tri contact today draw show $$$ prize guarante call land line claim,1
spam,Dear U've been invited to XCHAT. This is our final attempt to contact u! Txt CHAT to 86688,90,dear invit xchat final attempt contact txt chat,1
ham,Lul im gettin some juicy gossip at the hospital. Two nurses are talking about how fat they are gettin. And one thinks shes obese. Oyea.,135,lul gettin juici gossip hospit two nurs talk fat gettin one think shes obes oyea,0
ham,Aight ill get on fb in a couple minutes,39,aight ill get fb coupl minut,0
ham,Oi. Ami parchi na re. Kicchu kaaj korte iccha korche na. Phone ta tul na. Plz. Plz.,83,oi ami parchi na kicchu kaaj kort iccha korch na phone ta tul na plz plz,0
ham,Where can download clear movies. Dvd copies.,44,download clear movi dvd copi,0
ham,"Yep, by the pretty sculpture",28,yep pretti sculptur,0
ham,Convey my regards to him,24,convey regard,0
ham,Me too watching surya movie only. . .after 6 pm vijay movie POKKIRI,67,watch surya movi pm vijay movi pokkiri,0
ham,You tell what happen dont behave like this to me. Ok no need to say,67,tell happen dont behav like ok need say,0
ham,Can u get pic msgs to your phone?,33,get pic msgs phone,0
ham,Send to someone else :-),24,send someon els,0
ham,Wat makes some people dearer is not just de happiness dat u feel when u meet them but de pain u feel when u miss dem!!!,119,wat make peopl dearer de happi dat feel meet de pain feel miss dem,0
ham,For me the love should start with attraction.i should feel that I need her every time around me.she should be the first thing which comes in my thoughts.I would start the day and end it with her.she should be there every time I dream.love will be then when my every breath has her name.my life should happen around her.my life will be named to her.I would cry for her.will give all my happiness and take all her sorrows.I will be ready to fight with anyone for her.I will be in love when I will be doing the craziest things for her.love will be when I don't have to proove anyone that my girl is the most beautiful lady on the whole planet.I will always be singing praises for her.love will be when I start up making chicken curry and end up makiing sambar.life will be the most beautiful then.will get every morning and thank god for the day because she is with me.I would like to say a lot..will tell later..,910,love start attract feel need everi time around first thing come thought would start day end everi time dream love everi breath name life happen around life name would cri give happi take sorrow readi fight anyon love craziest thing love proov anyon girl beauti ladi whole planet alway sing prais love start make chicken curri end maki sambar life beauti get everi morn thank god day would like say lot tell later,0
ham,"FR'NDSHIP is like a needle of a clock. Though V r in d same clock, V r nt able 2 met. Evn if V meet,itz only 4few seconds. Bt V alwys stay conected. Gud 9t;-)",158,fr ndship like needl clock though v r clock v r nt abl met evn v meet itz second bt v alwi stay conect gud,0
ham,I don't think he has spatula hands!,35,think spatula hand,0
ham,You can never do NOTHING,24,never noth,0
spam,You are awarded a SiPix Digital Camera! call 09061221061 from landline. Delivery within 28days. T Cs Box177. M221BP. 2yr warranty. 150ppm. 16 . p på£3.99,153,award sipix digit camera call landlin deliveri within cs warranti p p $$$,1
ham,Goodmorning today i am late for  &lt;DECIMAL&gt; min.,53,goodmorn today late min,0
spam,WIN URGENT! Your mobile number has been awarded with a å£2000 prize GUARANTEED call 09061790121 from land line. claim 3030 valid 12hrs only 150ppm ,147,win urgent mobil number award $$$ prize guarante call land line claim valid,1
ham,Please da call me any mistake from my side sorry da. Pls da goto doctor.,72,pleas da call mistak side sorri da pls da goto doctor,0
ham,Where r we meeting?,19,r meet,0
ham,"Well the weather in cali's great. But its complexities are great. You need a car to move freely, its taxes are outrageous. But all in all its a great place. The sad part is i missing home.",188,well weather cali great complex great need car move freeli tax outrag great place sad part miss home,0
ham,Now only i reached home. . . I am very tired now. . I will come tomorro,71,reach home tire come tomorro,0
ham,Ryder unsold.now gibbs.,23,ryder unsold gibb,0
spam,Dear Subscriber ur draw 4 å£100 gift voucher will b entered on receipt of a correct ans. When was Elvis Presleys Birthday? TXT answer to 80062,142,dear subscrib ur draw $$$ gift voucher b enter receipt correct an elvi presley birthday txt answer,1
ham,Don't fret. I'll buy the ovulation test strips and send them to you. You wont get them til like march. Can you send me your postal address.u'll be alright.Okay.,160,fret buy ovul test strip send wont get til like march send postal address alright okay,0
ham,NO GIFTS!! You trying to get me to throw myself off a cliff or something?,73,gift tri get throw cliff someth,0
ham,Been up to ne thing interesting. Did you have a good birthday? When are u wrking nxt? I started uni today.,106,ne thing interest good birthday wrking nxt start uni today,0
ham,You busy or can I come by at some point and figure out what we're doing tomorrow,80,busi come point figur tomorrow,0
ham,"Yeah go on then, bored and depressed sittin waitin for phone to ring... Hope the wind drops though, scary",105,yeah go bore depress sittin waitin phone ring hope wind drop though scari,0
ham,Black shirt n blue jeans... I thk i c Ì_...,43,black shirt n blue jean thk,0
ham,Aiyah sorry lor... I watch tv watch until i forgot 2 check my phone.,68,aiyah sorri lor watch tv watch forgot check phone,0
spam,Message Important information for O2 user. Today is your lucky day! 2 find out why log onto http://www.urawinner.com there is a fantastic surprise awaiting you,159,messag import inform user today lucki day find log onto http fantast surpris await,1
ham,on hen night. Going with a swing,32,hen night go swing,0
ham,"Good afternoon, my love. How goes your day ? What are you up to ? I woke early and am online waiting for you ... Hmmm ... Italian boy is online I see . *grins*",159,good afternoon love goe day woke earli onlin wait hmmm italian boy onlin see grin,0
ham,From someone not to smoke when every time I've smoked in the last two weeks is because of you calling or texting me that you wanted to smoke,140,someon smoke everi time smoke last two week call text want smoke,0
ham,No you'll just get a headache trying to figure it out. U can trust me to do the math. I promise. O:-),101,get headach tri figur trust math promis,0
ham,S s..first time..dhoni rocks...,31,first time dhoni rock,0
ham,Ok ill tell the company,23,ok ill tell compani,0
ham,"Awesome, think we can get an 8th at usf some time tonight?",58,awesom think get usf time tonight,0
ham,So that means you still think of teju,37,mean still think teju,0
ham,"No I'm good for the movie, is it ok if I leave in an hourish?",61,good movi ok leav hourish,0
ham,No no:)this is kallis home ground.amla home town is durban:),60,kalli home ground amla home town durban,0
ham,So lets make it saturday or monday as per convenience.,54,let make saturday monday per conveni,0
ham,Hey... What time is your driving on fri? We go for evaluation on fri?,69,hey time drive fri go evalu fri,0
spam,"449050000301 You have won a å£2,000 price! To claim, call 09050000301.",70,$$$ price claim call,1
ham,I'm going 4 lunch now wif my family then aft dat i go str 2 orchard lor.,72,go lunch wif famili aft dat go str orchard lor,0
spam,"Bored of speed dating? Try SPEEDCHAT, txt SPEEDCHAT to 80155, if you don't like em txt SWAP and get a new chatter! Chat80155 POBox36504W45WQ 150p/msg rcd 16",156,bore speed date tri speedchat txt speedchat like em txt swap get new chatter msg rcd,1
ham,Cancel cheyyamo?and get some money back?,40,cancel cheyyamo get money back,0
spam,Do you want 750 anytime any network mins 150 text and a NEW video phone for only five pounds per week call 08000776320 now or reply for delivery Tomorrow,153,want anytim network min text new video phone five pound per week call repli deliveri tomorrow,1
ham,Ok.ok ok..then..whats ur todays plan,36,ok ok ok what ur today plan,0
ham,Good morning princess! How are you?,35,good morn princess,0
ham,Aiyar sorry lor forgot 2 tell u...,34,aiyar sorri lor forgot tell,0
spam,For taking part in our mobile survey yesterday! You can now have 500 texts 2 use however you wish. 2 get txts just send TXT to 80160 T&C www.txt43.com 1.50p,156,take part mobil survey yesterday text use howev wish get txts send txt http,1
ham,Not tonight mate. Catching up on some sleep. This is my new number by the way. ,79,tonight mate catch sleep new number way,0
ham,"Height of \Oh shit....!!\"" situation: A guy throws a luv letter on a gal but falls on her brothers head whos a gay",114,height oh shit situat guy throw luv letter gal fall brother head whos gay,0
spam,Ur HMV Quiz cash-balance is currently å£500 - to maximize ur cash-in now send HMV1 to 86688 only 150p/msg,105,ur hmv quiz cash balanc current $$$ maxim ur cash send msg,1
ham,"So check your errors and if you had difficulties, do correction.",64,check error difficulti correct,0
ham,Howz pain?hope u r fine..,25,howz pain hope r fine,0
ham,U wake up already? Thanx 4 e tau sar piah it's quite nice.,58,wake alreadi thanx e tau sar piah quit nice,0
ham,K do I need a login or anything,31,k need login anyth,0
spam,Dont forget you can place as many FREE Requests with 1stchoice.co.uk as you wish. For more Information call 08707808226.,120,dont forget place mani free request co uk wish inform call,1
ham,LOL ... No just was busy,24,lol busi,0
ham,What * u wearing?,17,wear,0
ham,Oh:)as usual vijay film or its different?,41,oh usual vijay film differ,0
spam,I don't know u and u don't know me. Send CHAT to 86688 now and let's find each other! Only 150p/Msg rcvd. HG/Suite342/2Lands/Row/W1J6HL LDN. 18 years or over.,158,know know send chat let find msg rcvd hg row ldn year,1
ham,Have you had a good day? Mine was really busy are you up to much tomorrow night?,80,good day mine realli busi much tomorrow night,0
ham,And is there a way you can send shade's stuff to her. And she has been wonderful too.,85,way send shade stuff wonder,0
ham,Really... I tot ur paper ended long ago... But wat u copied jus now got use? U happy lar... I still haf 2 study :-(,115,realli tot ur paper end long ago wat copi jus got use happi lar still haf studi,0
spam,"Thank you, winner notified by sms. Good Luck! No future marketing reply STOP to 84122 customer services 08450542832",115,thank winner notifi sms good luck futur market repli stop custom servic,1
ham,Babe ? I lost you ... :-(,25,babe lost,0
ham,Ok... Help me ask if she's working tmr a not?,45,ok help ask work tmr,0
ham,I'm not driving... Raining! Then i'll get caught at e mrt station lor.,70,drive rain get caught e mrt station lor,0
ham,Not a drop in the tank,22,drop tank,0
ham,(That said can you text him one more time?),43,said text one time,0
ham,Ok i go change also...,22,ok go chang also,0
spam,1000's of girls many local 2 u who r virgins 2 this & r ready 2 4fil ur every sexual need. Can u 4fil theirs? text CUTE to 69911(å£1.50p. m),140,girl mani local r virgin r readi ur everi sexual need text cute $$$,1
ham,Did u find a sitter for kaitlyn? I was sick and slept all day yesterday.,72,find sitter kaitlyn sick slept day yesterday,0
ham,"Sorry man, accidentally left my phone on silent last night and didn't check it til I got up",91,sorri man accident left phone silent last night check til got,0
ham,Hey.. Something came up last min.. Think i wun be signing up tmr.. Hee,70,hey someth came last min think wun sign tmr hee,0
ham,He's an adult and would learn from the experience. There's no real danger. I just dont like peeps using drugs they dont need. But no comment,140,adult would learn experi real danger dont like peep use drug dont need comment,0
ham,Hey! There's veggie pizza... :/,31,hey veggi pizza,0
ham,Yun buying... But school got offer 2000 plus only...,52,yun buy school got offer plus,0
ham,You sure your neighbors didnt pick it up,40,sure neighbor didnt pick,0
ham,K. I will sent it again,23,k sent,0
ham,Well. Im computerless. Time to make some oreo truffles,54,well computerless time make oreo truffl,0
ham,"Haha yeah I see that now, be there in a sec",43,haha yeah see sec,0
ham,I am not having her number sir,30,number sir,0
ham,Lol now I'm after that hot air balloon!,39,lol hot air balloon,0
ham,Ok . . now i am in bus. . If i come soon i will come otherwise tomorrow,71,ok bus come soon come otherwis tomorrow,0
ham,Msgs r not time pass.They silently say that I am thinking of U right now and also making U think of me at least 4 a moment. Gd nt.swt drms @Shesil,146,msgs r time pass silent say think right also make think least moment gd nt swt drms shesil,0
ham,"Yeah, we can probably swing by once my roommate finishes up with his girl",73,yeah probabl swing roommat finish girl,0
spam,"Got what it takes 2 take part in the WRC Rally in Oz? U can with Lucozade Energy! Text RALLY LE to 61200 (25p), see packs or lucozade.co.uk/wrc & itcould be u!",159,got take take part wrc ralli oz lucozad energi text ralli le see pack lucozad co uk wrc itcould,1
ham,Happy new years melody!,23,happi new year melodi,0
ham,ÌÏ dun need to pick ur gf?,26,iï dun need pick ur gf,0
ham,Yay! You better not have told that to 5 other girls either.,59,yay better told girl either,0
ham,Horrible u eat macs eat until u forgot abt me already rite... U take so long 2 reply. I thk it's more toot than b4 so b prepared. Now wat shall i eat?,150,horribl eat mac eat forgot abt alreadi rite take long repli thk toot b prepar wat shall eat,0
ham,"Did he say how fantastic I am by any chance, or anything need a bigger life lift as losing the will 2 live, do you think I would be the first person 2 die from N V Q? ",167,say fantast chanc anyth need bigger life lift lose live think would first person die n v q,0
ham,Just nw i came to hme da..,26,nw came hme da,0
ham,"I'm outside islands, head towards hard rock and you'll run into me",66,outsid island head toward hard rock run,0
ham,To day class is there are no class.,35,day class class,0
ham,I'm in chennai velachery:),26,chennai velacheri,0
ham,You flippin your shit yet?,26,flippin shit yet,0
ham,"K give me a sec, breaking a  &lt;#&gt;  at cstore",49,k give sec break cstore,0
ham,Am i that much bad to avoid like this?,38,much bad avoid like,0
ham,"Yo, you around? Just got my car back",36,yo around got car back,0
ham,Annoying isn't it.,18,annoy,0
ham,"Goodmorning, Today i am late for  &lt;#&gt; min.",48,goodmorn today late min,0
ham,There's no point hangin on to mr not right if he's not makin u happy,68,point hangin mr right makin happi,0
ham,All will come alive.better correct any good looking figure there itself..,73,come aliv better correct good look figur,0
ham,In that case I guess I'll see you at campus lodge,49,case guess see campus lodg,0
ham,We're done...,13,done,0
ham,Come to my home for one last time i wont do anything. Trust me.,63,come home one last time wont anyth trust,0
ham,I was up all night too worrying about this appt. It's a shame we missed a girls night out with quizzes popcorn and you doing my hair.,133,night worri appt shame miss girl night quizz popcorn hair,0
spam,Sex up ur mobile with a FREE sexy pic of Jordan! Just text BABE to 88600. Then every wk get a sexy celeb! PocketBabe.co.uk 4 more pics. 16 å£3/wk 087016248,155,sex ur mobil free sexi pic jordan text babe everi wk get sexi celeb pocketbab co uk pic $$$ wk,1
ham,Ok... C ya...,13,ok ya,0
spam,You have 1 new voicemail. Please call 08719181503,49,new voicemail pleas call,1
ham,What he said is not the matter. My mind saying some other matter is there.,74,said matter mind say matter,0
ham,"Al he does is moan at me if n e thin goes wrong its my fault&al de arguments r my fault&fed up of him of himso y bother? Hav 2go, thanx.xx",138,al moan n e thin goe wrong fault al de argument r fault fed himso bother hav thanx xx,0
ham,NEFT Transaction with reference number  &lt;#&gt;  for Rs. &lt;DECIMAL&gt;  has been credited to the beneficiary account on  &lt;#&gt;  at  &lt;TIME&gt; : &lt;#&gt;,164,neft transact refer number rs credit beneficiari account,0
ham,Otherwise had part time job na-tuition..,40,otherwis part time job na tuition,0
ham,I know she called me,20,know call,0
ham,"Me also da, i feel yesterday night  wait til 2day night dear.",61,also da feel yesterday night wait til night dear,0
ham,Thanks for understanding. I've been trying to tell sura that.,61,thank understand tri tell sura,0
spam,WIN a year supply of CDs 4 a store of ur choice worth å£500 & enter our å£100 Weekly draw txt MUSIC to 87066 Ts&Cs www.Ldew.com.subs16+1win150ppmx3,147,win year suppli cds store ur choic worth $$$ enter $$$ week draw txt music ts cs http,1
ham,The whole car appreciated the last two! Dad and are having a map reading semi argument but apart from that things are going ok. P.,130,whole car appreci last two dad map read semi argument apart thing go ok p,0
spam,"As a SIM subscriber, you are selected to receive a Bonus! Get it delivered to your door, Txt the word OK to No: 88600 to claim. 150p/msg, EXP. 30Apr",148,sim subscrib select receiv bonus get deliv door txt word ok claim msg exp,1
ham,I need you to be in my strong arms...,37,need strong arm,0
ham,Also maaaan are you missing out,31,also maaaan miss,0
ham,His bday real is in april .,27,bday real april,0
ham,Guessin you ain't gonna be here before 9?,41,guessin gonna,0
ham,Ok then i will come to ur home after half an hour,49,ok come ur home half hour,0
ham,"Yo, the game almost over? Want to go to walmart soon",52,yo game almost want go walmart soon,0
ham,"Yeah, probably but not sure. Ilol let u know, but personally I wuldnt bother, then again if ur goin to then I mite as well!!",124,yeah probabl sure ilol let know person wuldnt bother ur goin mite well,0
ham,I'll text now! All creepy like so he won't think that we forgot,63,text creepi like think forgot,0
ham,"that would be good Û_ I'll phone you tomo lunchtime, shall I, to organise something?",85,would good phone tomo lunchtim shall organis someth,0
spam,You have 1 new voicemail. Please call 08719181513.,50,new voicemail pleas call,1
ham,"Damn, can you make it tonight or do you want to just wait til tomorrow",70,damn make tonight want wait til tomorrow,0
ham,K..k..i'm also fine:)when will you complete the course?,55,k k also fine complet cours,0
ham,"True. It is passable. And if you get a high score and apply for phd, you get 5years of salary. So it makes life easier.",119,true passabl get high score appli phd get salari make life easier,0
spam,No. 1 Nokia Tone 4 ur mob every week! Just txt NOK to 87021. 1st Tone FREE ! so get txtin now and tell ur friends. 150p/tone. 16 reply HL 4info,143,nokia tone ur mob everi week txt nok tone free get txtin tell ur friend tone repli hl,1
ham,Prakesh is there know.,22,prakesh know,0
ham,Teach me apps da. When you come to college.,43,teach app da come colleg,0
ham,Rofl betta invest in some  anti aging products,46,rofl betta invest anti age product,0
ham,"sir, you will receive the account no another 1hr time. Sorry for the delay.",75,sir receiv account anoth time sorri delay,0
spam,Reply with your name and address and YOU WILL RECEIVE BY POST a weeks completely free accommodation at various global locations www.phb1.com ph:08700435505150p,159,repli name address receiv post week complet free accommod various global locat http ph,1
ham,So Ì_'ll be submitting da project tmr rite?,43,submit da project tmr rite,0
spam,FREE entry into our å£250 weekly comp just send the word ENTER to 84128 NOW. 18 T&C www.textcomp.com cust care 08712405020.,123,free entri $$$ week comp send word enter http cust care,1
ham,Jus ans me lar. U'll noe later.,31,jus an lar noe later,0
ham,I want to send something that can sell fast.  &lt;#&gt; k is not easy money.,76,want send someth sell fast k easi money,0
ham,have got * few things to do. may be in * pub later.,51,got thing may pub later,0
ham,1's finish meeting call me.,27,finish meet call,0
ham,Lol ok. I'll snatch her purse too.,34,lol ok snatch purs,0
ham,"\Hello-/@drivby-:0quit edrunk sorry iff pthis makes no senrd-dnot no how ^ dancce 2 drum n basq!ihave fun 2nhite x ros xxxxxxx\""""",129,hello drivbi edrunk sorri iff pthis make senrd dnot dancc drum n basq ihav fun x ros xxxxxxx,0
ham,How much are we getting?,24,much get,0
ham,Is ur paper in e morn or aft tmr?,33,ur paper e morn aft tmr,0
ham,"Dear relieved of westonzoyland, all going to plan this end too!",63,dear reliev westonzoyland go plan end,0
ham,Hope you are having a great new semester. Do wish you the very best. You are made for greatness.,96,hope great new semest wish best made great,0
ham,Oh yes I can speak txt 2 u no! Hmm. Did u get  email?,53,oh yes speak txt hmm get email,0
ham,"I want to show you the world, princess :) how about europe?",59,want show world princess europ,0
ham,Nobody can decide where to eat and dad wants Chinese,52,nobodi decid eat dad want chines,0
ham,No shoot me. I'm in the docs waiting room. :/,45,shoot doc wait room,0
ham,Now? I'm going out 4 dinner soon..,34,go dinner soon,0
ham,Hello which the site to download songs its urgent pls,53,hello site download song urgent pls,0
ham,"I do know what u mean,  is the king of not havin credit! I'm goin2bed now. Night night sweet! Only1more sleep! ",111,know mean king havin credit night night sweet sleep,0
ham,Horrible gal. Me in sch doing some stuff. How come u got mc?,60,horribl gal sch stuff come got mc,0
ham,"HI HUN! IM NOT COMIN 2NITE-TELL EVERY1 IM SORRY 4 ME, HOPE U AVA GOODTIME!OLI RANG MELNITE IFINK IT MITE B SORTED,BUT IL EXPLAIN EVERYTHIN ON MON.L8RS.x",152,hi hun comin tell sorri hope ava goodtim oli rang melnit ifink mite b sort il explain everythin mon x,0
spam,Please CALL 08712402779 immediately as there is an urgent message waiting for you,81,pleas call immedi urgent messag wait,1
ham,Yeah like if it goes like it did with my friends imma flip my shit in like half an hour,87,yeah like goe like friend imma flip shit like half hour,0
ham,Mum say we wan to go then go... Then she can shun bian watch da glass exhibition... ,84,mum say wan go go shun bian watch da glass exhibit,0
ham,What your plan for pongal?,26,plan pongal,0
ham,Just wait till end of march when el nino gets himself. Oh.,58,wait till end march el nino get oh,0
ham,"Not yet chikku..going to room nw, i'm in bus..",46,yet chikku go room nw bus,0
ham,Am also doing in cbe only. But have to pay.,43,also cbe pay,0
ham,Honey boo I'm missing u.,24,honey boo miss,0
ham,"We have sent JD for Customer Service cum Accounts Executive to ur mail id, For details contact us",97,sent jd custom servic cum account execut ur mail id detail contact us,0
ham,"Yo, I'm at my parents' gettin cash. Good news: we picked up a downstem",70,yo parent gettin cash good news pick downstem,0
ham,"Thank you so much. When we skyped wit kz and sura, we didnt get the pleasure of your company. Hope you are good. We've given you ultimatum oh! We are countin down to aburo. Enjoy!",179,thank much skype wit kz sura didnt get pleasur compani hope good given ultimatum oh countin aburo enjoy,0
spam,"Hungry gay guys feeling hungry and up 4 it, now. Call 08718730555 just 10p/min. To stop texts call 08712460324 (10p/min)",120,hungri gay guy feel hungri call min stop text call min,1
ham,Ok. No wahala. Just remember that a friend in need ...,54,ok wahala rememb friend need,0
ham,I will see in half an hour,26,see half hour,0
ham,"Im in inperialmusic listening2the weirdest track ever byåÓleafcutter johnåÓ-sounds like insects being molested&someone plumbing,remixed by evil men on acid!",156,inperialmus weirdest track ever byåóleafcutt johnåó sound like insect molest someon plumb remix evil men acid,0
ham,\Hey sorry I didntgive ya a a bellearlier hunny,47,hey sorri didntgiv ya bellearli hunni,0
ham,SERIOUSLY. TELL HER THOSE EXACT WORDS RIGHT NOW.,48,serious tell exact word right,0
spam,Can U get 2 phone NOW? I wanna chat 2 set up meet Call me NOW on 09096102316 U can cum here 2moro Luv JANE xx Callså£1/minmoremobsEMSPOBox45PO139WA,147,get phone wanna chat set meet call cum luv jane xx call $$$,1
ham,"Tee hee. Off to lecture, cheery bye bye.",40,tee hee lectur cheeri bye bye,0
ham,"Sorry chikku, my cell got some problem thts y i was nt able to reply u or msg u..",81,sorri chikku cell got problem thts nt abl repli msg,0
ham,If you still havent collected the dough pls let me know so i can go to the place i sent it to get the control number,116,still havent collect dough pls let know go place sent get control number,0
ham,Ok...,5,ok,0
spam,network operator. The service is free. For T & C's visit 80488.biz,66,network oper servic free visit biz,1
ham,Let me know how to contact you. I've you settled in a room. Lets know you are ok.,81,let know contact settl room let know ok,0
ham,Wot u up 2 u weirdo?,20,wot weirdo,0
ham,Can do lor...,13,lor,0
ham,Dont put your phone on silent mode ok,37,dont put phone silent mode ok,0
ham,Can i meet Ì_ at 5.. As 4 where depends on where Ì_ wan 2 in lor..,66,meet depend wan lor,0
ham,Waiting 4 my tv show 2 start lor... U leh still busy doing ur report?,69,wait tv show start lor leh still busi ur report,0
ham,Oh ho. Is this the first time u use these type of words,55,oh ho first time use type word,0
ham,Am I the only one who doesn't stalk profiles?,45,one stalk profil,0
ham,"Ever green quote ever told by Jerry in cartoon \A Person Who Irritates u Always Is the one Who Loves u Vry Much But Fails to Express It...!..!! :-) :-) gud nyt""",160,ever green quot ever told jerri cartoon person irrit alway one love vri much fail express gud nyt,0
ham,Yes i thought so. Thanks.,25,yes thought thank,0
ham,But if she.s drinkin i'm ok.,28,drinkin ok,0
ham,"Just wondering, the others just took off",40,wonder other took,0
ham,"Night has ended for another day, morning has come in a special way. May you smile like the sunny rays and leaves your worries at the blue blue bay. Gud mrng",156,night end anoth day morn come special way may smile like sunni ray leav worri blue blue bay gud mrng,0
ham,"What do you do, my dog ? Must I always wait till the end of your day to have word from you ? Did you run out of time on your cell already?",138,dog must alway wait till end day word run time cell alreadi,0
ham,Happy new year to u too!,24,happi new year,0
ham,"Hey...Great deal...Farm tour 9am to 5pm $95/pax, $50 deposit by 16 May",70,hey great deal farm tour $$$ pax $$$ deposit may,0
ham,Eat jap done oso aft ur lect wat... ÌÏ got lect at 12 rite... ,62,eat jap done oso aft ur lect wat iï got lect rite,0
ham,"Hey babe! I saw you came online for a second and then you disappeared, what happened ?",86,hey babe saw came onlin second disappear happen,0
ham,Da my birthdate in certificate is in april but real date is today. But dont publish it. I shall give you a special treat if you keep the secret. Any way thanks for the wishes,174,da birthdat certif april real date today dont publish shall give special treat keep secret way thank wish,0
ham,Happy birthday... May all ur dreams come true...,48,happi birthday may ur dream come true,0
ham,Aiyah u did ok already lar. E nydc at wheellock?,48,aiyah ok alreadi lar e nydc wheellock,0
ham,TELL HER I SAID EAT SHIT.,25,tell said eat shit,0
ham,Sure! I am driving but will reach my destination soon.,54,sure drive reach destin soon,0
ham,"K so am I, how much for an 8th? Fifty?",38,k much fifti,0
ham,Your daily text from me ÛÒ a favour this time,46,daili text favour time,0
ham,Great to hear you are settling well. So what's happenin wit ola?,64,great hear settl well happenin wit ola,0
ham,Those cocksuckers. If it makes you feel better ipads are worthless garbage novelty items and you should feel bad for even wanting one,133,cocksuck make feel better ipad worthless garbag novelti item feel bad even want one,0
ham,I tot u reach liao. He said t-shirt.,36,tot reach liao said shirt,0
ham,"FRAN I DECIDED 2 GO N E WAY IM COMPLETELY BROKE AN KNACKERED I GOT UP BOUT 3 C U 2MRW LOVE JANX P.S THIS IS MY DADS FONE, -NO CREDIT",132,fran decid go n e way complet broke knacker got bout love janx p dad fone credit,0
ham,Your right! I'll make the appointment right now.,48,right make appoint right,0
ham,Designation is software developer and may be she get chennai:),62,design softwar develop may get chennai,0
spam,Enjoy the jamster videosound gold club with your credits for 2 new videosounds+2 logos+musicnews! get more fun from jamster.co.uk! 16+only Help? call: 09701213186 ,163,enjoy jamster videosound gold club credit new videosound logo musicnew get fun jamster co uk help call,1
spam,"Get 3 Lions England tone, reply lionm 4 mono or lionp 4 poly. 4 more go 2 www.ringtones.co.uk, the original n best. Tones 3GBP network operator rates apply",155,get lion england tone repli lionm mono lionp poli go http origin n best tone network oper rate appli,1
ham,I jokin oni lar.. ÌÏ busy then i wun disturb Ì_.,48,jokin oni lar iï busi wun disturb,0
ham,"Ok, be careful ! Don't text and drive !",39,ok care text drive,0
ham,"I.ll always be there, even if its just in spirit. I.ll get a bb soon. Just trying to be sure i need it.",103,alway even spirit get bb soon tri sure need,0
ham,U r too much close to my heart. If u go away i will be shattered. Plz stay with me.,83,r much close heart go away shatter plz stay,0
ham,I love u 2 babe! R u sure everything is alrite. Is he being an idiot? Txt bak girlie,84,love babe r sure everyth alrit idiot txt bak girli,0
ham,How abt making some of the pics bigger?,39,abt make pic bigger,0
ham,Got but got 2 colours lor. One colour is quite light n e other is darker lor. Actually i'm done she's styling my hair now.,122,got got colour lor one colour quit light n e darker lor actual done style hair,0
ham,"Whenevr ur sad, Whenevr ur gray, Remembr im here 2 listn 2 watevr u wanna say, Jus walk wid me a little while,&amp; I promise I'll bring back ur smile.:-)",154,whenevr ur sad whenevr ur gray remembr listn watevr wanna say jus walk wid littl promis bring back ur smile,0
ham,Why nothing. Ok anyway give me treat,36,noth ok anyway give treat,0
spam,"Win the newest ÛÏHarry Potter and the Order of the Phoenix (Book 5) reply HARRY, answer 5 questions - chance to be the first among readers!",140,win newest ïharri potter order phoenix book repli harri answer question chanc first among reader,1
ham,Correct. So how was work today,30,correct work today,0
ham,"Just sent again. Do you scream and moan in bed, princess?",57,sent scream moan bed princess,0
ham,"I wake up long ago already... Dunno, what other thing?",54,wake long ago alreadi dunno thing,0
ham,Oh just getting even with u.... u?,34,oh get even,0
ham,I thk 50 shd be ok he said plus minus 10.. Did Ì_ leave a line in between paragraphs?,85,thk shd ok said plus minus leav line paragraph,0
ham,Can you call me plz. Your number shows out of coveragd area. I have urgnt call in vasai &amp; have to reach before 4'o clock so call me plz,139,call plz number show coveragd area urgnt call vasai reach clock call plz,0
ham,Yeah jay's sort of a fucking retard,35,yeah jay sort fuck retard,0
ham,"Sorry, was in the bathroom, sup",31,sorri bathroom sup,0
spam,Ur balance is now å£500. Ur next question is: Who sang 'Uptown Girl' in the 80's ? 2 answer txt ur ANSWER to 83600. Good luck!,126,ur balanc $$$ ur next question sang uptown girl answer txt ur answer good luck,1
ham,My exam is for february 4. Wish you a great day.,48,exam februari wish great day,0
ham,I dont know what to do to come out of this so only am ask questions like this dont mistake me.,94,dont know come ask question like dont mistak,0
ham,"Aight no rush, I'll ask jay",27,aight rush ask jay,0
ham,Good Morning plz call me sir,28,good morn plz call sir,0
ham,It's ok lar. U sleep early too... Nite...,41,ok lar sleep earli nite,0
ham,"Oh... Icic... K lor, den meet other day...",42,oh icic k lor den meet day,0
ham,"Oh ! A half hour is much longer in Syria than Canada, eh ? Wow you must get SO much more work done in a day than us with all that extra time ! *grins*",150,oh half hour much longer syria canada eh wow must get much work done day us extra time grin,0
ham,"Sometimes we put walls around our hearts,not just to be safe from getting hurt.. But to find out who cares enough to break the walls &amp; get closer.. GOODNOON:)",162,sometim put wall around heart safe get hurt find care enough break wall get closer goodnoon,0
ham,"Sweet, we may or may not go to 4U to meet carlos so gauge patty's interest in that",82,sweet may may go meet carlo gaug patti interest,0
ham,Then she buying today? ÌÏ no need to c meh...,45,buy today iï need meh,0
ham,Aight sorry I take ten years to shower. What's the plan?,56,aight sorri take ten year shower plan,0
ham,Every monday..nxt week vl be completing..,41,everi monday nxt week vl complet,0
ham,Might ax well im there.,23,might ax well,0
ham,Just chill for another 6hrs. If you could sleep the pain is not a surgical emergency so see how it unfolds. Okay,112,chill anoth could sleep pain surgic emerg see unfold okay,0
ham,Yeah I'll try to scrounge something up,38,yeah tri scroung someth,0
ham,Crazy ar he's married. ÌÏ like gd looking guys not me. My frens like say he's korean leona's fave but i dun thk he is. Aft some thinking mayb most prob i'll go.,160,crazi ar marri iï like gd look guy fren like say korean leona fave dun thk aft think mayb prob go,0
ham,Were somewhere on Fredericksburg,32,somewher fredericksburg,0
ham,Que pases un buen tiempo or something like that,47,que pase un buen tiempo someth like,0
ham,Is it ok if I stay the night here? Xavier has a sleeping bag and I'm getting tired,82,ok stay night xavier sleep bag get tire,0
ham,She doesnt need any test.,25,doesnt need test,0
ham,"Nothing much, chillin at home. Any super bowl plan?",51,noth much chillin home super bowl plan,0
spam,"FREE2DAY sexy St George's Day pic of Jordan!Txt PIC to 89080 dont miss out, then every wk a saucy celeb!4 more pics c PocketBabe.co.uk 0870241182716 å£3/wk",155,sexi st georg day pic jordan txt pic dont miss everi wk sauci celeb pic pocketbab co uk $$$ wk,1
ham,Bugis oso near wat... ,22,bugi oso near wat,0
ham,Yo theres no class tmrw right?,30,yo there class tmrw right,0
ham,Let Ur Heart Be Ur Compass Ur Mind Ur Map Ur Soul Ur Guide And U Will Never loose in world....gnun - Sent via WAY2SMS.COM,121,let ur heart ur compass ur mind ur map ur soul ur guid never loos world gnun sent via http,0
ham,"Goodnight, sleep well da please take care pa. Please.",53,goodnight sleep well da pleas take care pa pleas,0
ham,Baaaaabe! I misss youuuuu ! Where are you ? I have to go and teach my class at 5 ...,84,baaaaab misss youuuuu go teach class,0
ham,U ned to convince him tht its not possible witot hurting his feeling its the main,81,ned convinc tht possibl witot hurt feel main,0
ham,"Good afternoon loverboy ! How goes you day ? Any luck come your way? I think of you, sweetie and send my love across the sea to make you smile and happy",152,good afternoon loverboy goe day luck come way think sweeti send love across sea make smile happi,0
ham,If i start sending blackberry torch to nigeria will you find buyer for me?like 4a month. And tell dad not to buy bb from anyone oh.,131,start send blackberri torch nigeria find buyer like month tell dad buy bb anyon oh,0
ham,"&lt;#&gt; %of pple marry with their lovers... becz they hav gud undrstndng dat avoids problems. i sent dis 2 u, u wil get gud news on friday by d person you like. And tomorrow will be the best day of your life. Dont break this chain. If you break you will suffer. send this to  &lt;#&gt;  frnds in &lt;#&gt;  mins whn u read...",327,pple marri lover becz hav gud undrstndng dat avoid problem sent dis wil get gud news friday person like tomorrow best day life dont break chain break suffer send frnds min whn read,0
ham,Yo dude guess who just got arrested the other day,49,yo dude guess got arrest day,0
ham,Shuhui say change 2 suntec steamboat? U noe where? Where r u now?,65,shuhui say chang suntec steamboat noe r,0
ham,What does the dance river do?,29,danc river,0
ham,"Yetunde, i'm sorry but moji and i seem too busy to be able to go shopping. Can you just please find some other way to get what you wanted us to get. Please forgive me. You can reply free via yahoo messenger.",207,yetund sorri moji seem busi abl go shop pleas find way get want us get pleas forgiv repli free via yahoo messeng,0
ham,Hey i will be really pretty late... You want to go for the lesson first? I will join you. I'm only reaching tp mrt,114,hey realli pretti late want go lesson first join reach tp mrt,0
spam,"HOT LIVE FANTASIES call now 08707509020 Just 20p per min NTT Ltd, PO Box 1327 Croydon CR9 5WB 0870..k",101,hot live fantasi call per min ntt ltd po box croydon k,1
ham,Bbq this sat at mine from 6ish. Ur welcome 2 come,49,bbq sat mine ur welcom come,0
ham,"I don't know, same thing that's wrong everyso often, he panicks starts goin on bout not bein good enough Û_",108,know thing wrong everyso often panick start goin bout bein good enough,0
ham,Alright. I'm out--have a good night!,36,alright good night,0
ham,Did you try making another butt.,32,tri make anoth butt,0
ham,Hope you are feeling great. Pls fill me in. Abiola,50,hope feel great pls fill abiola,0
ham,I though we shd go out n have some fun so bar in town or something ÛÒ sound ok?,80,though shd go n fun bar town someth sound ok,0
ham,"1) Go to write msg 2) Put on Dictionary mode 3)Cover the screen with hand, 4)Press  &lt;#&gt; . 5)Gently remove Ur hand.. Its interesting..:)",141,go write msg put dictionari mode cover screen hand press gentl remov ur hand interest,0
spam,"Bears Pic Nick, and Tom, Pete and ... Dick. In fact, all types try gay chat with photo upload call 08718730666 (10p/min). 2 stop texts call 08712460324",151,bear pic nick tom pete dick fact type tri gay chat photo upload call min stop text call,1
spam,"500 New Mobiles from 2004, MUST GO! Txt: NOKIA to No: 89545 & collect yours today!From ONLY å£1 www.4-tc.biz 2optout 087187262701.50gbp/mtmsg18 TXTAUCTION",154,new mobil must go txt nokia collect today $$$ http txtauction,1
ham,We're finally ready fyi,23,final readi fyi,0
ham,Auntie huai juan never pick up her phone,40,aunti huai juan never pick phone,0
spam,Double Mins & Double Txt & 1/2 price Linerental on Latest Orange Bluetooth mobiles. Call MobileUpd8 for the very latest offers. 08000839402 or call2optout/LF56,159,doubl min doubl txt price linerent latest orang bluetooth mobil call latest offer,1
ham,"Ya tel, wats ur problem..",25,ya tel wat ur problem,0
ham,i dnt wnt to tlk wid u,22,dnt wnt tlk wid,0
ham,"We spend our days waiting for the ideal path to appear in front of us.. But what we forget is.. \paths are made by walking.. not by waiting..\"" Goodnight!""",155,spend day wait ideal path appear front us forget path made walk wait goodnight,0
ham,Its ok my arm is feeling weak cuz i got a shot so we can go another time,72,ok arm feel weak cuz got shot go anoth time,0
ham,Please reserve ticket on saturday eve from chennai to thirunelvali and again from tirunelvali to chennai on sunday eve...i already see in net..no ticket available..i want to book ticket through tackle ..,203,pleas reserv ticket saturday eve chennai thirunelvali tirunelvali chennai sunday eve alreadi see net ticket avail want book ticket tackl,0
ham,"Storming msg: Wen u lift d phne, u say \HELLO\"" Do u knw wt is d real meaning of HELLO?? . . . It's d name of a girl..! . . . Yes.. And u knw who is dat girl?? \""Margaret Hello\"" She is d girlfrnd f Grahmbell who invnted telphone... . . . . Moral:One can 4get d name of a person",278,storm msg wen lift phne say hello knw wt real mean hello name girl yes knw dat girl margaret hello girlfrnd f grahmbel invnt telphon moral one name person,0
ham,That's ok. I popped in to ask bout something and she said you'd been in. Are you around tonght wen this girl comes?,115,ok pop ask bout someth said around tonght wen girl come,0
ham,All e best 4 ur exam later.,27,e best ur exam later,0
ham,Hope ur head doesn't hurt 2 much ! Am ploughing my way through a pile of ironing ! Staying in with a chinky tonight come round if you like.,139,hope ur head hurt much plough way pile iron stay chinki tonight come round like,0
ham,Oh k.i think most of wi and nz players unsold.,46,oh k think wi nz player unsold,0
ham,"Haha... Where got so fast lose weight, thk muz go 4 a month den got effect... Gee,later we go aust put bk e weight.",115,haha got fast lose weight thk muz go month den got effect gee later go aust put bk e weight,0
ham,"I wonder how you got online, my love ? Had you gone to the net cafe ? Did you get your phone recharged ? Were you on a friends net ? I think of you, boytoy",155,wonder got onlin love gone net cafe get phone recharg friend net think boytoy,0
ham,"Haha just kidding, papa needs drugs",35,haha kid papa need drug,0
ham,"Thk shld b can... Ya, i wana go 4 lessons... Haha, can go for one whole stretch...",82,thk shld b ya wana go lesson haha go one whole stretch,0
ham,Oh ok..,7,oh ok,0
ham,R we still meeting 4 dinner tonight?,36,r still meet dinner tonight,0
ham,Thats cool! I am a gentleman and will treat you with dignity and respect.,73,that cool gentleman treat digniti respect,0
ham,Shall i start from hear.,24,shall start hear,0
ham,Then we wait 4 u lor... No need 2 feel bad lar...,49,wait lor need feel bad lar,0
ham,No did you check? I got his detailed message now,48,check got detail messag,0
ham,You have registered Sinco as Payee. Log in at icicibank.com and enter URN  &lt;#&gt;  to confirm. Beware of frauds. Do NOT share or disclose URN to anyone.,155,regist sinco paye log http enter urn confirm bewar fraud share disclos urn anyon,0
ham,"No, I decided that only people who care about stuff vote and caring about stuff is for losers",93,decid peopl care stuff vote care stuff loser,0
ham,Kaiez... Enjoy ur tuition... Gee... Thk e second option sounds beta... I'll go yan jiu den msg u...,99,kaiez enjoy ur tuition gee thk e second option sound beta go yan jiu den msg,0
ham,cool. We will have fun practicing making babies!,48,cool fun practic make babi,0
ham,Actually getting ready to leave the house.,42,actual get readi leav hous,0
ham,K..k..any special today?,24,k k special today,0
spam,"URGENT, IMPORTANT INFORMATION FOR O2 USER. TODAY IS YOUR LUCKY DAY! 2 FIND OUT WHY LOG ONTO HTTP://WWW.URAWINNER.COM THERE IS A FANTASTIC SURPRISE AWAITING FOR YOU",163,urgent import inform user today lucki day find log onto http fantast surpris await,1
ham,Then we gotta do it after that,30,gotta,0
ham,"I've got ten bucks, jay is being noncomittal",44,got ten buck jay noncomitt,0
ham,Where at were hungry too,24,hungri,0
ham,Pls speak to that customer machan.,34,pls speak custom machan,0
ham,somewhere out there beneath the pale moon light someone think in of u some where out there where dreams come true... goodnite &amp; sweet dreams,144,somewher beneath pale moon light someon think dream come true goodnit sweet dream,0
spam,Dear U've been invited to XCHAT. This is our final attempt to contact u! Txt CHAT to 86688 150p/MsgrcvdHG/Suite342/2Lands/Row/W1J6HL LDN 18 yrs,143,dear invit xchat final attempt contact txt chat msgrcvdhg row ldn yrs,1
ham,So wats ur opinion abt him and how abt is character?,52,wat ur opinion abt abt charact,0
ham,Jay is snickering and tells me that x is totally fucking up the chords as we speak,82,jay snicker tell x total fuck chord speak,0
ham,No..few hours before.went to hair cut .,39,hour went hair cut,0
ham,No wonder... Cos i dun rem seeing a silver car... But i thk i saw a black one...,80,wonder cos dun rem see silver car thk saw black one,0
ham,Lmao. Take a pic and send it to me.,35,lmao take pic send,0
ham,"\Speak only when you feel your words are better than the silence...\"" Gud mrng:-)""",82,speak feel word better silenc gud mrng,0
ham,No. She's currently in scotland for that.,41,current scotland,0
ham,Do you work all this week ?,27,work week,0
spam,Congratulations ur awarded either å£500 of CD gift vouchers & Free entry 2 our å£100 weekly draw txt MUSIC to 87066 TnCs www.Ldew.com 1 win150ppmx3age16,152,congratul ur award either $$$ cd gift voucher free entri $$$ week draw txt music tncs http,1
ham,Lol great now im getting hungry.,32,lol great get hungri,0
ham,Yes.. now only saw your message..,33,yes saw messag,0
ham,I'll be at mu in like  &lt;#&gt;  seconds,41,mu like second,0
ham,THING R GOOD THANX GOT EXAMS IN MARCH IVE DONE NO REVISION? IS FRAN STILL WITH BOYF? IVE GOTTA INTERVIW 4 EXETER BIT WORRIED!x,126,thing r good thanx got exam march ive done revis fran still boyf ive gotta interviw exet bit worri x,0
ham,"Tell you what, if you make a little spreadsheet and track whose idea it was to smoke to determine who \smokes too much\"" for the entire month of february",153,tell make littl spreadsheet track whose idea smoke determin smoke much entir month februari,0
spam,For sale - arsenal dartboard. Good condition but no doubles or trebles!,71,sale arsenal dartboard good condit doubl trebl,1
ham,Don't look back at the building because you have no coat and i don't want you to get more sick. Just hurry home and wear a coat to the gym!!!,141,look back build coat want get sick hurri home wear coat gym,0
ham,"My painful personal thought- \I always try to keep everybody happy all the time. But nobody recognises me when i am alone\""""",124,pain person thought alway tri keep everybodi happi time nobodi recognis alon,0
ham,Thanks for ve lovely wisheds. You rock,38,thank love wish rock,0
ham,You intrepid duo you! Have a great time and see you both soon. ,63,intrepid duo great time see soon,0
ham,I asked sen to come chennai and search for job.,47,ask sen come chennai search job,0
ham,Dad went out oredi... ,22,dad went oredi,0
ham,"I jus hope its true that  missin me cos i'm really missin him! You haven't done anything to feel guilty about, yet.",115,jus hope true missin cos realli missin done anyth feel guilti yet,0
ham,Wat so late still early mah. Or we juz go 4 dinner lor. Aiya i dunno...,71,wat late still earli mah juz go dinner lor aiya dunno,0
ham,"Arms fine, how's Cardiff and uni? ",34,arm fine cardiff uni,0
ham,In fact when do you leave? I think addie goes back to school tues or wed,72,fact leav think addi goe back school tue wed,0
ham,"Cool breeze... Bright sun... Fresh flower... Twittering birds... All these waiting to wish u: \GOODMORNING &amp; HAVE A NICE DAY\"" :)""",134,cool breez bright sun fresh flower twitter bird wait wish goodmorn nice day,0
ham,Ya:)going for restaurant..,26,ya go restaur,0
ham,"Its ok., i just askd did u knw tht no?",38,ok askd knw tht,0
spam,Free 1st week entry 2 TEXTPOD 4 a chance 2 win 40GB iPod or å£250 cash every wk. Txt POD to 84128 Ts&Cs www.textpod.net custcare 08712405020.,141,free week entri textpod chanc win ipod $$$ cash everi wk txt pod ts cs http custcar,1
ham,Those ducking chinchillas,25,duck chinchilla,0
ham,I am in a marriage function,27,marriag function,0
ham,Looks like u wil b getting a headstart im leaving here bout 2.30ish but if u r desperate for my company I could head in earlier-we were goin to meet in rummer.,159,look like wil b get headstart leav bout r desper compani could head earlier goin meet rummer,0
ham,DonÛ÷t give a flying monkeys wot they think and I certainly donÛ÷t mind. Any friend of mine and all that!,107,give fli monkey wot think certain mind friend mine,0
spam,As a registered optin subscriber ur draw 4 å£100 gift voucher will be entered on receipt of a correct ans to 80062 Whats No1 in the BBC charts,142,regist optin subscrib ur draw $$$ gift voucher enter receipt correct an what bbc chart,1
ham,say thanks2. ,13,say,0
ham,Msg me when rajini comes.,25,msg rajini come,0
ham,Ya! when are Ì_ taking ure practical lessons? I start in june..  ,65,ya take ure practic lesson start june,0
ham,"That's good, because I need drugs",33,good need drug,0
ham,Stupid.its not possible,23,stupid possibl,0
ham,Can Ì_ all decide faster cos my sis going home liao..,53,decid faster cos sis go home liao,0
spam,Summers finally here! Fancy a chat or flirt with sexy singles in yr area? To get MATCHED up just reply SUMMER now. Free 2 Join. OptOut txt STOP Help08714742804,159,summer final fanci chat flirt sexi singl yr area get match repli summer free join optout txt stop,1
ham,U sleeping now.. Or you going to take? Haha.. I got spys wat.. Me online checking n replying mails lor..,104,sleep go take haha got spys wat onlin check n repli mail lor,0
spam,CLAIRE here am havin borin time & am now alone U wanna cum over 2nite? Chat now 09099725823 hope 2 C U Luv CLAIRE xx Callså£1/minmoremobsEMSPOBox45PO139WA,154,clair havin borin time alon wanna cum chat hope luv clair xx call $$$,1
spam,Bought one ringtone and now getting texts costing 3 pound offering more tones etc,81,bought one rington get text cost pound offer tone etc,1
ham,"Yalru lyfu astne chikku.. Bt innu mundhe lyf ali halla ke bilo (marriage)program edhae, so lyf is nt yet ovr chikku..ali vargu lyfu meow meow:-D",144,yalru lyfu astn chikku bt innu mundh lyf ali halla ke bilo marriag program edha lyf nt yet ovr chikku ali vargu lyfu meow meow,0
ham,Kinda. First one gets in at twelve! Aah. Speak tomo,51,kinda first one get twelv aah speak tomo,0
spam,"09066362231 URGENT! Your mobile No 07xxxxxxxxx won a å£2,000 bonus caller prize on 02/06/03! this is the 2nd attempt to reach YOU! call 09066362231 ASAP!",153,urgent mobil $$$ bonus caller prize attempt reach call asap,1
ham,Ok good then i later come find Ì_... C lucky i told Ì_ to go earlier... Later pple take finish Ì_ no more again...,114,ok good later come find lucki told go earlier later pple take finish,0
ham,Wat makes u thk i'll fall down. But actually i thk i'm quite prone 2 falls. Lucky my dad at home i ask him come n fetch me already.,131,wat make thk fall actual thk quit prone fall lucki dad home ask come n fetch alreadi,0
spam,"YOU 07801543489 are guaranteed the latests Nokia Phone, a 40GB iPod MP3 player or a å£500 prize! Txt word:COLLECT to No:83355! TC-LLC NY-USA 150p/Mt msgrcvd18+",159,guarante latest nokia phone ipod player $$$ prize txt word collect tc llc ny usa mt,1
ham,I wont touch you with out your permission.,42,wont touch permiss,0
spam,Hi its LUCY Hubby at meetins all day Fri & I will B alone at hotel U fancy cumin over? Pls leave msg 2day 09099726395 Lucy x Callså£1/minMobsmoreLKPOBOX177HP51FL,161,hi luci hubbi meetin day fri b alon hotel fanci cumin pls leav msg luci x call $$$,1
ham,"7 wonders in My WORLD 7th You 6th Ur style 5th Ur smile 4th Ur Personality 3rd Ur Nature 2nd Ur SMS and 1st \Ur Lovely Friendship\""... good morning dear""",153,wonder world ur style ur smile ur person ur natur ur sms ur love friendship good morn dear,0
ham,Take some small dose tablet for fever,37,take small dose tablet fever,0
ham,Oh. U must have taken your REAL Valentine out shopping first.,61,oh must taken real valentin shop first,0
ham,"Just sent you an email ÛÒ to an address with incomm in it, is that right?",74,sent email address incomm right,0
ham,"Will do, you gonna be at blake's all night? I might be able to get out of here a little early",93,gonna blake night might abl get littl earli,0
ham,"Friendship is not a game to play, It is not a word to say, It doesn\'t start on March and ends on May, It is tomorrow, yesterday, today and e",141,friendship game play word say start march end may tomorrow yesterday today e,0
ham,"Nice. Wait...should you be texting right now? I'm not gonna pay your ticket, ya know!",85,nice wait text right gonna pay ticket ya know,0
ham,I'm watching lotr w my sis dis aft. So u wan 2 meet me 4 dinner at nite a not?,78,watch lotr w sis dis aft wan meet dinner nite,0
ham,Why you keeping me away like this,33,keep away like,0
ham,I think its far more than that but find out. Check google maps for a place from your dorm.,90,think far find check googl map place dorm,0
ham,My trip was ok but quite tiring lor. Uni starts today but it's ok 4 me cos i'm not taking any modules but jus concentrating on my final yr project.,147,trip ok quit tire lor uni start today ok cos take modul jus concentr final yr project,0
ham,Have you always been saying welp?,33,alway say welp,0
ham,"I'm a guy, browsin is compulsory",32,guy browsin compulsori,0
ham,Purity of friendship between two is not about smiling after reading the forwarded message..Its about smiling just by seeing the name. Gud evng musthu,149,puriti friendship two smile read forward messag smile see name gud evng musthu,0
ham,"(I should add that I don't really care and if you can't I can at least get this dude to fuck off but hey, your money if you want it)",132,add realli care least get dude fuck hey money want,0
ham,"Hello lover! How goes that new job? Are you there now? Are you happy? Do you think of me? I wake, my slave and send you a teasing kiss from across the sea",154,hello lover goe new job happi think wake slave send teas kiss across sea,0
ham,I told your number to gautham..,31,told number gautham,0
ham,Tell them no need to investigate about me anywhere.,51,tell need investig anywher,0
ham,Ok i juz receive..,18,ok juz receiv,0
ham,"Cant believe i said so many things to you this morning when all i really wanted to say was good morning, i love you! Have a beautiful morning. See you in the library later.",172,cant believ said mani thing morn realli want say good morn love beauti morn see librari later,0
spam,"Your account has been credited with 500 FREE Text Messages. To activate, just txt the word: CREDIT to No: 80488 T&Cs www.80488.biz",130,account credit free text messag activ txt word credit cs http,1
ham,In the end she might still vomit but its okay. Not everything will come out.,76,end might still vomit okay everyth come,0
ham,How are you with moneY...as in to you...money aint a thing....how are you sha!,78,money money aint thing sha,0
ham,It has everything to do with the weather. Keep extra warm. Its a cold but nothing serious. Pls lots of vitamin c,112,everyth weather keep extra warm cold noth serious pls lot vitamin,0
ham,Hey gals.. Anyone of u going down to e driving centre tmr?,58,hey gal anyon go e drive centr tmr,0
ham,I'm always on yahoo messenger now. Just send the message to me and i.ll get it you may have to send it in the mobile mode sha but i.ll get it. And will reply.,158,alway yahoo messeng send messag get may send mobil mode sha get repli,0
ham,I'm putting it on now. It should be ready for  &lt;TIME&gt; ,60,put readi,0
ham,"Time n Smile r the two crucial things in our life. Sometimes time makes us to forget smile, and sometimes someone's smile makes us to forget time gud noon",154,time n smile r two crucial thing life sometim time make us forget smile sometim someon smile make us forget time gud noon,0
spam,"SMS. ac JSco: Energy is high, but u may not know where 2channel it. 2day ur leadership skills r strong. Psychic? Reply ANS w/question. End? Reply END JSCO",154,sms ac jsco energi high may know ur leadership skill r strong psychic repli an w question end repli end jsco,1
ham,Host-based IDPS for linux systems.,34,host base idp linux system,0
spam,"HOT LIVE FANTASIES call now 08707509020 Just 20p per min NTT Ltd, PO Box 1327 Croydon CR9 5WB 0870 is a national rate call",122,hot live fantasi call per min ntt ltd po box croydon nation rate call,1
ham,Don no da:)whats you plan?,26,da what plan,0
ham,Ill be there on  &lt;#&gt;  ok.,31,ill ok,0
ham,Oh my God. I'm almost home,26,oh god almost home,0
ham,Total video converter free download type this in google search:),64,total video convert free download type googl search,0
spam,Thanks for the Vote. Now sing along with the stars with Karaoke on your mobile. For a FREE link just reply with SING now.,121,thank vote sing along star karaok mobil free link repli sing,1
ham,Sounds like something that someone testing me would sayy,56,sound like someth someon test would sayi,0
ham,When u love someone Dont make them to love u as much as u do. But Love them so much that they dont want to be loved by anyone except you... Gud nit.,148,love someon dont make love much love much dont want love anyon except gud nit,0
ham,"Pete,is this your phone still? Its Jenny from college and Leanne.what are you up to now?:)",90,pete phone still jenni colleg leann,0
ham,Oops sorry. Just to check that you don't mind picking me up tomo at half eight from station. Would that be ok?,110,oop sorri check mind pick tomo half eight station would ok,0
ham,"Hey sweet, I was wondering when you had a moment if you might come to me ? I want to send a file to someone but it won't go over yahoo for them because their connection sucks, remember when you set up that page for me to go to and download the format disc ? Could you tell me how to do that ? Or do you know some other way to download big files ? Because they can download stuff directly from the internet. Any help would be great, my prey ... *teasing kiss*",458,hey sweet wonder moment might come want send file someon go yahoo connect suck rememb set page go download format disc could tell know way download big file download stuff direct internet help would great prey teas kiss,0
ham,Hows the champ just leaving glasgow!,36,how champ leav glasgow,0
ham,K:)all the best:)congrats...,28,k best congrat,0
ham,I wonder if you'll get this text?,33,wonder get text,0
ham,I need to come home and give you some good lovin...,51,need come home give good lovin,0
spam,Our brand new mobile music service is now live. The free music player will arrive shortly. Just install on your phone to browse content from the top artists.,157,brand new mobil music servic live free music player arriv short instal phone brows content top artist,1
ham,Shall i ask one thing if you dont mistake me.,45,shall ask one thing dont mistak,0
ham,Check wid corect speling i.e. Sarcasm,37,check wid corect spele e sarcasm,0
spam,"URGENT! Your Mobile No was awarded a å£2,000 Bonus Caller Prize on 1/08/03! This is our 2nd attempt to contact YOU! Call 0871-4719-523 BOX95QU BT National Rate",159,urgent mobil award $$$ bonus caller prize attempt contact call bt nation rate,1
ham,Are you angry with me. What happen dear,39,angri happen dear,0
ham,I thk u dun haf 2 hint in e forum already lor... Cos i told ron n darren is going 2 tell shuhui.,96,thk dun haf hint e forum alreadi lor cos told ron n darren go tell shuhui,0
ham,Yup ok thanx...,15,yup ok thanx,0
ham,Hi:)cts employee how are you?,29,hi cts employe,0
ham,Pls pls find out from aunt nike.,32,pls pls find aunt nike,0
ham,"Wow ... I love you sooo much, you know ? I can barely stand it ! I wonder how your day goes and if you are well, my love ... I think of you and miss you",152,wow love sooo much know bare stand wonder day goe well love think miss,0
ham,No screaming means shouting..,29,scream mean shout,0
ham,Hey what happen de. Are you alright.,36,hey happen de alright,0
ham,Should I have picked up a receipt or something earlier,54,pick receipt someth earlier,0
ham,I think chennai well settled?,29,think chennai well settl,0
ham,Oh dang! I didn't mean o send that to you! Lol!,47,oh dang mean send lol,0
ham,Unfortunately i've just found out that we have to pick my sister up from the airport that evening so don't think i'll be going out at all. We should try to go out one of th,172,unfortun found pick sister airport even think go tri go one th,0
ham,Horrible bf... I now v hungry...,32,horribl bf v hungri,0
ham,Remember on that day..,22,rememb day,0
spam,You have won a Nokia 7250i. This is what you get when you win our FREE auction. To take part send Nokia to 86021 now. HG/Suite342/2Lands Row/W1JHL 16+,150,nokia get win free auction take part send nokia hg row,1
ham,How's it feel? Mr. Your not my real Valentine just my yo Valentine even tho u hardly play!!,91,feel mr real valentin yo valentin even tho hard play,0
ham,All sounds good. Fingers . Makes it difficult to type,53,sound good finger make difficult type,0
ham,Midnight at the earliest,24,midnight earliest,0
ham,You're not sure that I'm not trying to make xavier smoke because I don't want to smoke after being told I smoke too much?,121,sure tri make xavier smoke want smoke told smoke much,0
ham,K come to nordstrom when you're done,36,k come nordstrom done,0
ham,Do u konw waht is rael FRIENDSHIP Im gving yuo an exmpel: Jsut ese tihs msg.. Evrey splleing of tihs msg is wrnog.. Bt sitll yuo can raed it wihtuot ayn mitsake.. GOODNIGHT &amp; HAVE A NICE SLEEP..SWEET DREAMS..,212,konw waht rael friendship gving yuo exmpel jsut ese tih msg evrey splle tih msg wrnog bt sitll yuo ra wihtuot ayn mitsak goodnight nice sleep sweet dream,0
ham,Now press conference da:),25,press confer da,0
spam,"Hello from Orange. For 1 month's free access to games, news and sport, plus 10 free texts and 20 photo messages, reply YES. Terms apply: www.orange.co.uk/ow",156,hello orang month free access game news sport plus free text photo messag repli yes term appli http,1
ham,After completed degree. There is no use in joining finance.,59,complet degre use join financ,0
ham,"Good afternoon, my love ! Any job prospects ? Are you missing me ? What do you do ? Are you being lazy and bleak, hmmm ? Or happy and filled with my love ?",155,good afternoon love job prospect miss lazi bleak hmmm happi fill love,0
ham,Shant disturb u anymore... Jia you...,37,shant disturb anymor jia,0
ham,Bishan lar nearer... No need buy so early cos if buy now i gotta park my car...,79,bishan lar nearer need buy earli cos buy gotta park car,0
ham,"Me, i dont know again oh",24,dont know oh,0
ham,Dude sux for snake. He got old and raiden got buff,50,dude sux snake got old raiden got buff,0
ham,He says hi and to get your ass back to south tampa (preferably at a kegger),75,say hi get ass back south tampa prefer kegger,0
ham,In e msg jus now. U said thanks for gift.,41,e msg jus said thank gift,0
ham,U too...,8,,0
ham,Ok how you dear. Did you call chechi,36,ok dear call chechi,0
ham,Yeah we do totes. When u wanna?,31,yeah tote wanna,0
ham,Ok i found dis pierre cardin one which looks normal costs 20 its on sale.,73,ok found dis pierr cardin one look normal cost sale,0
ham,Good sleep is about rhythm. The person has to establish a rhythm that the body will learn and use. If you want to know more :-),127,good sleep rhythm person establish rhythm bodi learn use want know,0
ham,Wat r u doing?,14,wat r,0
ham,Message from . I am at Truro Hospital on ext. You can phone me here. as I have a phone by my side,97,messag truro hospit ext phone phone side,0
ham,"Single line with a big meaning::::: \Miss anything 4 ur \""Best Life\"" but",73,singl line big mean miss anyth ur best life,0
ham,"Just got some gas money, any chance you and the gang want to go on a grand nature adventure?",92,got gas money chanc gang want go grand natur adventur,0
ham,Dnt worry...use ice pieces in a cloth pack.also take 2 tablets.,63,dnt worri use ice piec cloth pack also take tablet,0
ham,Dude just saw a parked car with its sunroof popped up. Sux,58,dude saw park car sunroof pop sux,0
ham,Get ready to put on your excellent sub face :),46,get readi put excel sub face,0
ham,Tmrw. Im finishing 9 doors,26,tmrw finish door,0
ham,"The  &lt;#&gt; g that i saw a few days ago, the guy wants sell wifi only for  &lt;#&gt;  and with 3g for  &lt;#&gt; . That's why i blanked him.",143,g saw day ago guy want sell wifi blank,0
ham,I am late. I will be there at,29,late,0
ham,"whatever, im pretty pissed off.",31,whatev pretti piss,0
ham,I dont have that much image in class.,37,dont much imag class,0
ham,No:-)i got rumour that you going to buy apartment in chennai:-),63,got rumour go buy apart chennai,0
ham,Near kalainar tv office.thenampet,33,near kalainar tv offic thenampet,0
spam,Ur cash-balance is currently 500 pounds - to maximize ur cash-in now send GO to 86688 only 150p/msg. CC 08718720201 HG/Suite342/2Lands Row/W1J6HL,145,ur cash balanc current pound maxim ur cash send go msg cc hg row,1
spam,SMS AUCTION - A BRAND NEW Nokia 7250 is up 4 auction today! Auction is FREE 2 join & take part! Txt NOKIA to 86021 now! HG/Suite342/2Lands Row/W1J6HL,149,sms auction brand new nokia auction today auction free join take part txt nokia hg row,1
ham,My sis is catching e show in e afternoon so i'm not watching w her. So c u wan 2 watch today or tmr lor.,104,sis catch e show e afternoon watch w wan watch today tmr lor,0
ham,"Sounds gd... Haha... Can... Wah, u yan jiu so fast liao...",58,sound gd haha wah yan jiu fast liao,0
ham,No. To be nosy I guess. Idk am I over reacting if I'm freaked?,62,nosi guess idk react freak,0
ham,"Remember all those whom i hurt during days of satanic imposter in me.need to pay a price,so be it.may destiny keep me going and as u said pray that i get the mind to get over the same.",184,rememb hurt day satan impost need pay price may destini keep go said pray get mind get,0
ham,How to Make a girl Happy? It's not at all difficult to make girls happy. U only need to be... 1. A friend 2. Companion 3. Lover 4. Chef . . .  &lt;#&gt; . Good listener  &lt;#&gt; . Organizer  &lt;#&gt; . Good boyfriend  &lt;#&gt; . Very clean  &lt;#&gt; . Sympathetic  &lt;#&gt; . Athletic  &lt;#&gt; . Warm . . .  &lt;#&gt; . Courageous  &lt;#&gt; . Determined  &lt;#&gt; . True  &lt;#&gt; . Dependable  &lt;#&gt; . Intelligent . . .  &lt;#&gt; . Psychologist  &lt;#&gt; . Pest exterminator  &lt;#&gt; . Psychiatrist  &lt;#&gt; . Healer . .  &lt;#&gt; . Stylist  &lt;#&gt; . Driver . . Aaniye pudunga venaam..,611,make girl happi difficult make girl happi need friend companion lover chef good listen organ good boyfriend clean sympathet athlet warm courag determin true depend intellig psychologist pest extermin psychiatrist healer stylist driver aaniy pudunga venaam,0
ham,"Why is that, princess? I bet the brothas are all chasing you!",61,princess bet brotha chase,0
ham,"I shall book chez jules for half eight, if that's ok with you?",62,shall book chez jule half eight ok,0
ham,Hhahhaahahah rofl wtf nig was leonardo in your room or something,64,hhahhaahahah rofl wtf nig leonardo room someth,0
ham,"Yep, at derek's house now, see you Sunday &lt;3",47,yep derek hous see sunday,0
ham,"It's cool, let me know before it kicks off around  &lt;#&gt; , I'll be out and about all day",92,cool let know kick around day,0
ham,I was wondering if it would be okay for you to call uncle john and let him know that things are not the same in nigeria as they r here. That  &lt;#&gt;  dollars is 2years sent and that you know its a strain but i plan to pay back every dime he gives. Every dime so for me to expect anything from you is not practical. Something like that.,338,wonder would okay call uncl john let know thing nigeria r dollar sent know strain plan pay back everi dime give everi dime expect anyth practic someth like,0
ham,There are no other charges after transfer charges and you can withdraw anyhow you like,86,charg transfer charg withdraw anyhow like,0
ham,"Dont search love, let love find U. Thats why its called falling in love, bcoz U dont force yourself, U just fall and U know there is smeone to hold U... BSLVYL",159,dont search love let love find that call fall love bcoz dont forc fall know smeon hold bslvyl,0
ham,At 4. Let's go to bill millers,30,let go bill miller,0
ham,I love you. You set my soul on fire. It is not just a spark. But it is a flame. A big rawring flame. XoXo,105,love set soul fire spark flame big rawr flame xoxo,0
ham,"Somewhr someone is surely made 4 u. And God has decided a perfect time to make u meet dat person. . . . till den, . . . . . Enjoy ur crushes..!!!;-)",148,somewhr someon sure made god decid perfect time make meet dat person till den enjoy ur crush,0
ham,That's my honeymoon outfit. :),30,honeymoon outfit,0
ham,Will it help if we propose going back again tomorrow,52,help propos go back tomorrow,0
spam,PRIVATE! Your 2003 Account Statement for shows 800 un-redeemed S. I. M. points. Call 08719899230 Identifier Code: 41685 Expires 07/11/04,136,privat account statement show un redeem point call identifi code expir,1
ham,Never blame a day in ur life. Good days give u happiness. Bad days give u experience. Both are essential in life! All are Gods blessings! good morning.:,152,never blame day ur life good day give happi bad day give experi essenti life god bless good morn,0
ham,Pls confirm the time to collect the cheque.,43,pls confirm time collect chequ,0
spam,As a Registered Subscriber yr draw 4 a å£100 gift voucher will b entered on receipt of a correct ans. When are the next olympics. Txt ans to 80062,146,regist subscrib yr draw $$$ gift voucher b enter receipt correct an next olymp txt an,1
spam,URGENT! Your Mobile number has been awarded with a å£2000 prize GUARANTEED. Call 09061790121 from land line. Claim 3030. Valid 12hrs only 150ppm,144,urgent mobil number award $$$ prize guarante call land line claim valid,1
ham,Daddy will take good care of you :),35,daddi take good care,0
ham,"Yeah probably, I still gotta check out with leo",47,yeah probabl still gotta check leo,0
ham,K.then any other special?,25,k special,0
ham,Carlos is taking his sweet time as usual so let me know when you and patty are done/want to smoke and I'll tell him to haul ass,127,carlo take sweet time usual let know patti done want smoke tell haul ass,0
ham,Ok pa. Nothing problem:-),25,ok pa noth problem,0
ham,Have you heard about that job? I'm going to that wildlife talk again tonight if u want2come. Its that2worzels and a wizzle or whatever it is?! ,143,heard job go wildlif talk tonight wizzl whatev,0
ham,"God picked up a flower and dippeditinaDEW, lovingly touched itwhichturnedinto u, and the he gifted tomeandsaid,THIS FRIEND IS 4U",128,god pick flower dippeditinadew love touch itwhichturnedinto gift tomeandsaid friend,0
ham,When you came to hostel.,24,came hostel,0
ham,Ok no prob... I'll come after lunch then...,43,ok prob come lunch,0
ham,Jus telling u dat i'll b leaving 4 shanghai on 21st instead so we'll haf more time 2 meet up cya...,99,jus tell dat b leav shanghai instead haf time meet cya,0
ham,Are your freezing ? Are you home yet ? Will you remember to kiss your mom in the morning? Do you love me ? Do you think of me ? Are you missing me yet ?,152,freez home yet rememb kiss mom morn love think miss yet,0
ham,You all ready for * big day tomorrow?,37,readi big day tomorrow,0
ham,I'll probably be around mu a lot,32,probabl around mu lot,0
ham,645,3,,0
spam,RT-KIng Pro Video Club>> Need help? info@ringtoneking.co.uk or call 08701237397 You must be 16+ Club credits redeemable at www.ringtoneking.co.uk! Enjoy!,153,rt king pro video club need help info ringtonek co uk call must club credit redeem http enjoy,1
ham,Thnx dude. u guys out 2nite?,28,thnx dude guy,0
ham,Me sef dey laugh you. Meanwhile how's my darling anjie!,55,sef dey laugh meanwhil darl anji,0
ham,Mm i had my food da from out,28,mm food da,0
ham,"K, makes sense, btw carlos is being difficult so you guys are gonna smoke while I go pick up the second batch and get gas",121,k make sens btw carlo difficult guy gonna smoke go pick second batch get gas,0
ham,Did u download the fring app?,29,download fring app,0
ham,The 2 oz guy is being kinda flaky but one friend is interested in picking up $ &lt;#&gt;  worth tonight if possible,115,oz guy kinda flaki one friend interest pick $$$ worth tonight possibl,0
ham,Friends that u can stay on fb chat with,39,friend stay fb chat,0
ham,"Fuck babe, I miss you sooooo much !! I wish you were here to sleep with me ... My bed is so lonely ... I go now, to sleep ... To dream of you, my love ...",154,fuck babe miss sooooo much wish sleep bed lone go sleep dream love,0
ham,"Living is very simple.. Loving is also simple.. Laughing is too simple.. Winning is tooo simple.. But, being 'SIMPLE' is very difficult.. Gud nte.:-",148,live simpl love also simpl laugh simpl win tooo simpl simpl difficult gud nte,0
spam,U have a secret admirer who is looking 2 make contact with U-find out who they R*reveal who thinks UR so special-call on 09058094599,132,secret admir look make contact find r reveal think ur special call,1
ham,"Ah, well that confuses things, doesnÛ÷t it?",44,ah well confus thing,0
spam,500 free text msgs. Just text ok to 80488 and we'll credit your account,71,free text msgs text ok credit account,1
ham,Hi Dear Call me its urgnt. I don't know whats your problem. You don't want to work or if you have any other problem at least tell me. Wating for your reply.,156,hi dear call urgnt know what problem want work problem least tell wate repli,0
ham,Dear how you. Are you ok?,25,dear ok,0
spam,"You have been selected to stay in 1 of 250 top British hotels - FOR NOTHING! Holiday Worth å£350! To Claim, Call London 02072069400. Bx 526, SW73SS",147,select stay top british hotel noth holiday worth $$$ claim call london bx,1
ham,Yes princess! I want to make you happy...,41,yes princess want make happi,0
ham,Sounds like you have many talents! would you like to go on a dinner date next week?,83,sound like mani talent would like go dinner date next week,0
ham,I am going to film 2day da. At 6pm. Sorry da.,45,go film da sorri da,0
ham,We not watching movie already. Xy wants 2 shop so i'm shopping w her now.,73,watch movi alreadi xy want shop shop w,0
ham,Hello my little party animal! I just thought I'd buzz you as you were with your friends ...*grins*... Reminding you were loved and send a naughty adoring kiss,158,hello littl parti anim thought buzz friend grin remind love send naughti ador kiss,0
ham,Yesterday its with me only . Now am going home.,47,yesterday go home,0
spam,"Eerie Nokia tones 4u, rply TONE TITLE to 8007 eg TONE DRACULA to 8007 Titles: GHOST, ADDAMSFA, MUNSTERS, EXORCIST, TWILIGHT www.getzed.co.uk POBox36504W45WQ 150p",161,eeri nokia tone rpli tone titl eg tone dracula titl ghost addamsfa munster exorcist twilight http,1
ham,"You have come into my life and brought the sun ..Shiny down on me, warming my heart. Putting a constant smile on my face ... Making me feel loved and cared for",159,come life brought sun shini warm heart put constant smile face make feel love care,0
ham,"No shit, but I wasn't that surprised, so I went and spent the evening with that french guy I met in town here and we fooled around a bit but I didn't let him fuck me",165,shit surpris went spent even french guy met town fool around bit let fuck,0
spam,"0A$NETWORKS allow companies to bill for SMS, so they are responsible for their \suppliers\""",91,$$$ network allow compani bill sms respons supplier,1
ham,Great comedy..cant stop laughing da:),37,great comedi cant stop laugh da,0
spam,FreeMsg:Feelin kinda lnly hope u like 2 keep me company! Jst got a cam moby wanna c my pic?Txt or reply DATE to 82242 Msg150p 2rcv Hlp 08712317606 stop to 82242,160,freemsg feelin kinda lnli hope like keep compani jst got cam mobi wanna pic txt repli date hlp stop,1
ham,"Alright, we're all set here, text the man",41,alright set text man,0
ham,"Hi , where are you? We're at  and they're not keen to go out i kind of am but feel i shouldn't so can we go out tomo, don't mind do you?",136,hi keen go kind feel go tomo mind,0
ham,Sleeping nt feeling well,24,sleep nt feel well,0
ham,U WILL SWITCH YOUR FONE ON DAMMIT!!,35,switch fone dammit,0
ham,India have to take lead:),25,india take lead,0
ham,I.ll post her out l8r. In class,31,post class,0
ham,Thts wat Wright Brother did to fly..,36,thts wat wright brother fli,0
ham,"Evening * v good if somewhat event laden. Will fill you in, don't you worry Û_ Head * ok but throat * wrecked. See you at six then!",132,even v good somewhat event laden fill worri head ok throat wreck see six,0
ham,If u laugh really loud.. If u talk spontaneously.. If u dont care what others feel.. U are probably with your dear &amp; best friends.. GOODEVENING Dear..:),156,laugh realli loud talk spontan dont care other feel probabl dear best friend goodeven dear,0
ham,ITS A LAPTOP TAKE IT WITH YOU.,30,laptop take,0
ham,I dont have any of your file in my bag..i was in work when you called me.i 'll tell you if i find anything in my room.,118,dont file bag work call tell find anyth room,0
ham,I wan but too early lei... Me outside now wun b home so early... Neva mind then...,82,wan earli lei outsid wun b home earli neva mind,0
spam,"For ur chance to win a å£250 cash every wk TXT: ACTION to 80608. T's&C's www.movietrivia.tv custcare 08712405022, 1x150p/wk",123,ur chanc win $$$ cash everi wk txt action http custcar wk,1
ham,I was at bugis juz now wat... But now i'm walking home oredi... ÌÏ so late then reply... I oso saw a top dat i like but din buy... Where r Ì_ now? ,147,bugi juz wat walk home oredi iï late repli oso saw top dat like din buy r,0
ham,At 7 we will go ok na.,22,go ok na,0
ham,Yes I posted a couple of pics on fb. There's still snow outside too. I'm just waking up :),90,yes post coupl pic fb still snow outsid wake,0
ham,S:-)if we have one good partnership going we will take lead:),61,one good partnership go take lead,0
spam,RGENT! This is the 2nd attempt to contact U!U have WON å£1250 CALL 09071512433 b4 050703 T&CsBCM4235WC1N3XX. callcost 150ppm mobilesvary. maxå£7. 50,148,rgent attempt contact $$$ call callcost mobilesvari max $$$,1
ham,"Yeah, where's your class at?",28,yeah class,0
ham,No just send to you. Bec you in temple na.,42,send bec templ na,0
ham,"You aren't coming home between class, right? I need to work out and shower!",75,come home class right need work shower,0
spam,Hi if ur lookin 4 saucy daytime fun wiv busty married woman Am free all next week Chat now 2 sort time 09099726429 JANINExx Callså£1/minMobsmoreLKPOBOX177HP51FL,160,hi ur lookin sauci daytim fun wiv busti marri woman free next week chat sort time janinexx call $$$,1
ham,S but mostly not like that.,27,most like,0
ham,ÌÏ v ma fan...,14,iï v fan,0
ham,Dunno cos i was v late n when i reach they inside already... But we ate spageddies lor... It's e gals who r laughing at me lor...,129,dunno cos v late n reach insid alreadi ate spageddi lor e gal r laugh lor,0
ham,Guess who spent all last night phasing in and out of the fourth dimension,73,guess spent last night phase fourth dimens,0
ham,So now my dad is gonna call after he gets out of work and ask all these crazy questions.,88,dad gonna call get work ask crazi question,0
ham,"Yes..but they said its IT.,",27,yes said,0
ham,Very hurting n meaningful lines ever: \I compromised everything for my love,75,hurt n meaning line ever compromis everyth love,0
ham,Lmao!nice 1,11,lmao nice,0
ham,Glad to see your reply.,23,glad see repli,0
spam,URGENT! We are trying to contact U. Todays draw shows that you have won a å£800 prize GUARANTEED. Call 09050001295 from land line. Claim A21. Valid 12hrs only,158,urgent tri contact today draw show $$$ prize guarante call land line claim valid,1
spam,Monthly password for wap. mobsi.com is 391784. Use your wap phone not PC.,73,month password wap http use wap phone pc,1
ham,Nah dub but je still buff,25,nah dub je still buff,0
ham,Painful words- \I thought being Happy was the most toughest thing on Earth... But,81,pain word thought happi toughest thing earth,0
ham,"Yeah, that's fine! It's å£6 to get in, is that ok? ",51,yeah fine $$$ get ok,0
ham,Lol where do u come up with these ideas?,40,lol come idea,0
ham,"So many people seems to be special at first sight, But only very few will remain special to you till your last sight.. Maintain them till life ends.. Sh!jas",156,mani peopl seem special first sight remain special till last sight maintain till life end sh jas,0
ham,Okay... We wait ah,18,okay wait ah,0
ham,Y lei?,6,lei,0
ham,HI BABE U R MOST LIKELY TO BE IN BED BUT IM SO SORRY ABOUT TONIGHT! I REALLY WANNA SEE U TOMORROW SO CALL ME AT 9. LOVE ME XXX,126,hi babe r like bed sorri tonight realli wanna see tomorrow call love xxx,0
ham,Already am squatting is the new way of walking,46,alreadi squat new way walk,0
ham,Do you want bold 2 or bb torch,30,want bold bb torch,0
ham,Cramps stopped. Going back to sleep,35,cramp stop go back sleep,0
spam,todays vodafone numbers ending with 0089(my last four digits) are selected to received a å£350 award. If your number matches please call 09063442151 to claim your å£350 award,174,today vodafon number end last four digit select receiv $$$ award number match pleas call claim $$$ award,1
spam,Free Top ringtone -sub to weekly ringtone-get 1st week free-send SUBPOLY to 81618-?3 per week-stop sms-08718727870,114,free top rington sub week rington get week free send subpoli per week stop sms,1
ham,Nan sonathaya soladha. Why boss?,32,nan sonathaya soladha boss,0
ham,Bring tat cd don forget,23,bring tat cd forget,0
ham,I don't know but I'm raping dudes at poker,42,know rape dude poker,0
ham,Weightloss! No more girl friends. Make loads of money on ebay or something. And give thanks to God.,99,weightloss girl friend make load money ebay someth give thank god,0
ham,Was gr8 to see that message. So when r u leaving? Congrats dear. What school and wat r ur plans.,96,see messag r leav congrat dear school wat r ur plan,0
ham,ÌÏ eatin later but i'm eatin wif my frens now lei... ÌÏ going home first? ,74,iï eatin later eatin wif fren lei iï go home first,0
ham,Finish already... Yar they keep saying i mushy... I so embarrassed ok...,72,finish alreadi yar keep say mushi embarrass ok,0
ham,"Sorry man, my stash ran dry last night and I can't pick up more until sunday",76,sorri man stash ran dri last night pick sunday,0
ham,Hai priya are you right. What doctor said pa. Where are you.,60,hai priya right doctor said pa,0
spam,"Free msg. Sorry, a service you ordered from 81303 could not be delivered as you do not have sufficient credit. Please top up to receive the service.",148,free msg sorri servic order could deliv suffici credit pleas top receiv servic,1
ham,Please ask mummy to call father,31,pleas ask mummi call father,0
ham,Can come my room but cannot come my house cos my house still messy... Haha...,77,come room cannot come hous cos hous still messi haha,0
ham,I have lost 10 kilos as of today!,33,lost kilo today,0
ham,Just taste fish curry :-P,25,tast fish curri p,0
ham,What can i do? Might accidant tookplace between somewhere ghodbandar rd. Traffic moves slovely. So plz slip &amp; don't worry.,126,might accid tookplac somewher ghodbandar rd traffic move slove plz slip worri,0
ham,Yun ah.now Ì_ wkg where?btw if Ì_ go nus sc. ÌÏ wana specialise in wad?,71,yun ah wkg btw go nus sc iï wana specialis wad,0
ham,Yes! I am a one woman man! Please tell me your likes and dislikes in bed...,75,yes one woman man pleas tell like dislik bed,0
ham,Was doing my test earlier. I appreciate you. Will call you tomorrow.,68,test earlier appreci call tomorrow,0
ham,"How's my loverboy doing ? What does he do that keeps him from coming to his Queen, hmmm ? Doesn't he ache to speak to me ? Miss me desparately ?",144,loverboy keep come queen hmmm ach speak miss despar,0
ham,U meet other fren dun wan meet me ah... Muz b a guy rite...,59,meet fren dun wan meet ah muz b guy rite,0
ham,"(No promises on when though, haven't even gotten dinner yet)",60,promis though even gotten dinner yet,0
ham,I got your back! Do you have any dislikes in bed?,49,got back dislik bed,0
ham,o turns out i had stereo love on mi phone under the unknown album.,66,turn stereo love mi phone unknown album,0
spam,Hard LIVE 121 chat just 60p/min. Choose your girl and connect LIVE. Call 09094646899 now! Cheap Chat UK's biggest live service. VU BCM1896WC1N3XX,145,hard live chat min choos girl connect live call cheap chat uk biggest live servic vu,1
ham,Yeah I don't see why not,24,yeah see,0
ham,Asking do u knw them or nt? May be ur frnds or classmates?,58,ask knw nt may ur frnds classmat,0
ham,"Sorry about earlier. Putting out fires.Are you around to talk after 9? Or do you actually have a life, lol!",107,sorri earlier put fire around talk actual life lol,0
spam,WOW! The Boys R Back. TAKE THAT 2007 UK Tour. Win VIP Tickets & pre-book with VIP Club. Txt CLUB to 81303. Trackmarque Ltd info@vipclub4u.,138,wow boy r back take uk tour win vip ticket pre book vip club txt club trackmarqu ltd info,1
ham,"As in missionary hook up, doggy hook up, standing...|",53,missionari hook doggi hook stand,0
ham,Then u better go sleep.. Dun disturb u liao.. U wake up then msg me lor..,73,better go sleep dun disturb liao wake msg lor,0
ham,Am watching house ÛÒ very entertaining ÛÒ am getting the whole hugh laurie thing ÛÒ even with the stick ÛÒ indeed especially with the stick.,144,watch hous entertain get whole hugh lauri thing even stick inde especi stick,0
ham,Thought praps you meant another one. Goodo! I'll look tomorrow ,63,thought prap meant anoth one goodo look tomorrow,0
ham,"Hi Jon, Pete here, Ive bin 2 Spain recently & hav sum dinero left, Bill said u or ur åÔrents mayb interested in it, I hav 12,000pes, so around å£48, tb, James.",159,hi jon pete ive bin spain recent hav sum dinero left bill said ur åôrent mayb interest hav around $$$ tb jame,0
ham,There bold 2  &lt;#&gt; . Is that yours,39,bold,0
ham,You know there is. I shall speak to you in  &lt;#&gt;  minutes then,67,know shall speak minut,0
ham,"\ALRITE HUNNY!WOT U UP 2 2NITE? DIDNT END UP GOIN DOWN TOWN JUS DA PUB INSTEAD! JUS CHILLIN AT DA MO IN ME BEDROOM!LOVE JEN XXX.\""""",131,alrit hunni wot didnt end goin town jus da pub instead jus chillin da mo bedroom love jen xxx,0
ham,I went to project centre,24,went project centr,0
ham,As per your request 'Maangalyam (Alaipayuthe)' has been set as your callertune for all Callers. Press *9 to copy your friends Callertune,136,per request maangalyam alaipayuth set callertun caller press copi friend callertun,0
ham,Lol yeah at this point I guess not,34,lol yeah point guess,0
ham,Doing project w frens lor. ,27,project w fren lor,0
ham,Lol. Well quality aint bad at all so i aint complaining,55,lol well qualiti aint bad aint complain,0
ham,"K, can that happen tonight?",27,k happen tonight,0
spam,"Hi, this is Mandy Sullivan calling from HOTMIX FM...you are chosen to receive å£5000.00 in our Easter Prize draw.....Please telephone 09041940223 to claim before 29/03/05 or your prize will be transferred to someone else....",224,hi mandi sullivan call hotmix fm chosen receiv $$$ easter prize draw pleas telephon claim prize transfer someon els,1
ham,"I think we're going to finn's now, come",39,think go finn come,0
ham,Why tired what special there you had,36,tire special,0
ham,I will come tomorrow di,23,come tomorrow di,0
ham,K go and sleep well. Take rest:-).,34,k go sleep well take rest,0
ham,U guys never invite me anywhere :(,34,guy never invit anywher,0
spam,UR GOING 2 BAHAMAS! CallFREEFONE 08081560665 and speak to a live operator to claim either Bahamas cruise ofå£2000 CASH 18+only. To opt out txt X to 07786200117,159,ur go bahama callfreefon speak live oper claim either bahama cruis $$$ cash opt txt x,1
ham,I can do that! I want to please you both inside and outside the bedroom...,74,want pleas insid outsid bedroom,0
ham,"\EY! CALM DOWNON THEACUSATIONS.. ITXT U COS IWANA KNOW WOTU R DOIN AT THEW/END... HAVENTCN U IN AGES..RING ME IF UR UP4 NETHING SAT.LOVE J XXX.\""""",146,ey calm downon theacus itxt cos iwana know wotu r doin thew end haventcn age ring ur neth sat love j xxx,0
ham,I love to wine and dine my lady!,32,love wine dine ladi,0
spam,Someone has conacted our dating service and entered your phone because they fancy you!To find out who it is call from landline 09111030116. PoBox12n146tf15,155,someon conact date servic enter phone fanci find call landlin,1
ham,"IåÕm cool ta luv but v.tired 2 cause i have been doin loads of planning all wk, we have got our social services inspection at the nursery! Take care & spk sn x.",160,cool ta luv v tire caus doin load plan wk got social servic inspect nurseri take care spk sn x,0
ham,I don know account details..i will ask my mom and send you.my mom is out of reach now.,86,know account detail ask mom send mom reach,0
ham,I think u have the wrong number.,32,think wrong number,0
ham,Feel Yourself That You Are Always Happy.. Slowly It Becomes Your Habit &amp; Finally It Becomes Part Of Your Life.. Follow It.. Happy Morning &amp; Have A Happy Day:),166,feel alway happi slowli becom habit final becom part life follow happi morn happi day,0
ham,DO NOT B LATE LOVE MUM,22,b late love mum,0
ham,Got it..mail panren paru..,26,got mail panren paru,0
ham,* Was thinking about chuckin ur red green n black trainners 2 save carryin them bac on train,92,think chuckin ur red green n black trainner save carryin bac train,0
ham,Give one miss from that number please,37,give one miss number pleas,0
ham,Jus came back fr lunch wif my sis only. U leh?,46,jus came back fr lunch wif sis leh,0
ham,How is your schedule next week? I am out of town this weekend.,62,schedul next week town weekend,0
ham,Really good:)dhanush rocks once again:),39,realli good dhanush rock,0
ham,Lmao ok I wont be needing u to do my hair anymore.,50,lmao ok wont need hair anymor,0
ham,"Miss ya, need ya, want ya, love ya.",35,miss ya need ya want ya love ya,0
ham,Sorry i'm not free...,21,sorri free,0
ham,Do u ever get a song stuck in your head for no reason and it won't go away til u listen to it like 5 times?,107,ever get song stuck head reason go away til listen like time,0
ham,Nt yet chikku..simple habba..hw abt u?,38,nt yet chikku simpl habba hw abt,0
ham,"Got ur mail Dileep.thank you so muchand look forward to lots of support...very less contacts here,remember one venugopal you mentioned.tomorrow if not late,i shall try to come up till there.goodnight dear.",205,got ur mail dileep thank muchand look forward lot support less contact rememb one venugop mention tomorrow late shall tri come till goodnight dear,0
ham,Sometimes Heart Remembrs someone Very much... Forgets someone soon... Bcoz Heart will not like everyone. But liked ones will be Remembered Everytime... BSLVYL,158,sometim heart remembr someon much forget someon soon bcoz heart like everyon like one rememb everytim bslvyl,0
ham,Joy's father is John. Then John is the NAME of Joy's father. Mandan,67,joy father john john name joy father mandan,0
spam,Hi 07734396839 IBH Customer Loyalty Offer: The NEW NOKIA6600 Mobile from ONLY å£10 at TXTAUCTION!Txt word:START to No:81151 & get Yours Now!4T&,143,hi ibh custom loyalti offer new mobil $$$ txtauction txt word start get,1
ham,Hi this is yijue... It's regarding the 3230 textbook it's intro to algorithms second edition... I'm selling it for $50...,121,hi yiju regard textbook intro algorithm second edit sell $$$,0
spam,SMS AUCTION You have won a Nokia 7250i. This is what you get when you win our FREE auction. To take part send Nokia to 86021 now. HG/Suite342/2Lands Row/W1JHL 16+,162,sms auction nokia get win free auction take part send nokia hg row,1
ham,"K, want us to come by now?",26,k want us come,0
ham,How. Its a little difficult but its a simple way to enter this place,68,littl difficult simpl way enter place,0
ham,Ha... Both of us doing e same thing. But i got tv 2 watch. U can thk of where 2 go tonight or u already haf smth in mind...,123,ha us e thing got tv watch thk go tonight alreadi haf smth mind,0
ham,Dont show yourself. How far. Put new pictures up on facebook.,61,dont show far put new pictur facebook,0
ham,Watching tv now. I got new job :),33,watch tv got new job,0
ham,"Good afternoon sexy buns! How goes the job search ? I wake and you are my first thought as always, my love. I wish your fine and happy and know I adore you!",156,good afternoon sexi bun goe job search wake first thought alway love wish fine happi know ador,0
ham,"I'm not coming over, do whatever you want",41,come whatev want,0
ham,"Its ok chikku, and its my 1 of favourite song..:-)",50,ok chikku favourit song,0
ham,Did u see what I posted on your Facebook?,41,see post facebook,0
spam,Call FREEPHONE 0800 542 0578 now!,33,call freephon,1
spam,Buy Space Invaders 4 a chance 2 win orig Arcade Game console. Press 0 for Games Arcade (std WAP charge) See o2.co.uk/games 4 Terms + settings. No purchase,154,buy space invad chanc win orig arcad game consol press game arcad std wap charg see co uk game term set purchas,1
spam,BIG BROTHER ALERT! The computer has selected u for 10k cash or #150 voucher. Call 09064018838. NTT PO Box CRO1327 18+ BT Landline Cost 150ppm mobiles vary,154,big brother alert comput select cash voucher call ntt po box bt landlin cost mobil vari,1
ham,";-( oh well, c u later",22,oh well later,0
ham,My uncles in Atlanta. Wish you guys a great semester.,53,uncl atlanta wish guy great semest,0
ham,No dear i do have free messages without any recharge. Hi hi hi,62,dear free messag without recharg hi hi hi,0
ham,I dun believe u. I thk u told him.,34,dun believ thk told,0
ham,"Do you know why god created gap between your fingers..? So that, One who is made for you comes &amp; fills those gaps by holding your hand with LOVE..!",151,know god creat gap finger one made come fill gap hold hand love,0
ham,Yes:)sura in sun tv.:)lol.,26,yes sura sun tv lol,0
ham,Arun can u transfr me d amt,27,arun transfr amt,0
ham,Takin a shower now but yeah I'll leave when I'm done,52,takin shower yeah leav done,0
ham,Am not working but am up to eyes in philosophy so will text u later when a bit more free for chat...,100,work eye philosophi text later bit free chat,0
ham,U havenåÕt lost me ill always b here 4u.i didnåÕt intend 2 hurt u but I never knew how u felt about me when Iwas+marine&thatåÕs what itried2tell urmom.i careabout u,164,lost ill alway b intend hurt never knew felt iwa marin urmom careabout,0
spam,"WIN: We have a winner! Mr. T. Foley won an iPod! More exciting prizes soon, so keep an eye on ur mobile or visit www.win-82050.co.uk",132,win winner mr foley ipod excit prize soon keep eye ur mobil visit http,1
ham,You bad girl. I can still remember them,39,bad girl still rememb,0
ham,How much i gave to you. Morning.,32,much gave morn,0
ham,"I hope your alright babe? I worry that you might have felt a bit desparate when you learned the job was a fake ? I am here waiting when you come back, my love",158,hope alright babe worri might felt bit despar learn job fake wait come back love,0
ham,"Hey, can you tell me blake's address? Carlos wanted me to meet him there but I got lost and he's not answering his phone",120,hey tell blake address carlo want meet got lost answer phone,0
ham,Can i get your opinion on something first?,42,get opinion someth first,0
ham,That one week leave i put know that time. Why.,46,one week leav put know time,0
ham,"If we hit it off, you can move in with me :)",44,hit move,0
ham,excellent. I spent  &lt;#&gt;  years in the Air Force. Iraq and afghanistan. I am stable and honest. do you like traveling?,123,excel spent year air forc iraq afghanistan stabl honest like travel,0
ham,I wanna watch that movie,24,wanna watch movi,0
ham,Ok lor thanx... ÌÏ in school?,29,ok lor thanx iï school,0
ham,I'm in class. Did you get my text.,34,class get text,0
ham,The bus leaves at  &lt;#&gt; ,29,bus leav,0
ham,God bless.get good sleep my dear...i will pray!,47,god bless get good sleep dear pray,0
spam,Todays Voda numbers ending 1225 are selected to receive a å£50award. If you have a match please call 08712300220 quoting claim code 3100 standard rates app ,156,today voda number end select receiv $$$ match pleas call quot claim code standard rate app,1
ham,Do have a nice day today. I love you so dearly.,47,nice day today love dear,0
ham,Aiyo a bit pai seh Ì_ noe... Scared he dun rem who i am then die... Hee... But he become better lookin oredi leh...,115,aiyo bit pai seh noe scare dun rem die hee becom better lookin oredi leh,0
ham,"Aight, I'll ask a few of my roommates",37,aight ask roommat,0
ham,"Now, whats your house # again ? And do you have any beer there ?",64,what hous beer,0
ham,Do Ì_ all wan 2 meet up n combine all the parts? How's da rest of da project going?,83,wan meet n combin part da rest da project go,0
ham,"\Getting tickets 4 walsall tue 6 th march. My mate is getting me them on sat. ill pay my treat. Want 2 go. Txt bak .Terry\""""",124,get ticket walsal tue th march mate get sat ill pay treat want go txt bak terri,0
ham,Yes we are chatting too.,24,yes chat,0
ham,HI ITS JESS I DONT KNOW IF YOU ARE AT WORK BUT CALL ME WHEN U CAN IM AT HOME ALL EVE. XXX,89,hi jess dont know work call home eve xxx,0
ham,Sian... Aft meeting supervisor got work 2 do liao... U working now?,67,sian aft meet supervisor got work liao work,0
ham,Are you going to write ccna exam this week??,44,go write ccna exam week,0
ham,Well i will watch shrek in 3D!!B),33,well watch shrek b,0
ham,Am i that much dirty fellow?,28,much dirti fellow,0
ham,Dunno dat's wat he told me. Ok lor...,37,dunno dat wat told ok lor,0
ham,I'll probably be by tomorrow (or even later tonight if something's going on),76,probabl tomorrow even later tonight someth go,0
ham,I couldn't say no as he is a dying man and I feel sad for him so I will go and I just wanted you to know I would probably be gone late into your night,150,say die man feel sad go want know would probabl gone late night,0
ham,If you're thinking of lifting me one then no.,45,think lift one,0
ham,Same as u... Dun wan... Y u dun like me already ah... Wat u doing now? Still eating?,84,dun wan dun like alreadi ah wat still eat,0
ham,Sent me ur email id soon,24,sent ur email id soon,0
ham,"Dude. What's up. How Teresa. Hope you have been okay. When i didnt hear from these people, i called them and they had received the package since dec  &lt;#&gt; . Just thot you'ld like to know. Do have a fantastic year and all the best with your reading. Plus if you can really really Bam first aid for Usmle, then your work is done.",332,dude teresa hope okay didnt hear peopl call receiv packag sinc dec thot ld like know fantast year best read plus realli realli bam first aid usml work done,0
ham,Hey gorgeous man. My work mobile number is. Have a good one babe. Squishy Mwahs.,80,hey gorgeous man work mobil number good one babe squishi mwah,0
spam,"Hottest pics straight to your phone!! See me getting Wet and Wanting, just for you xx Text PICS to 89555 now! txt costs 150p textoperator g696ga 18 XxX",151,hottest pic straight phone see get wet want xx text pic txt cost textoper xxx,1
ham,That's the way you should stay oh.,34,way stay oh,0
ham,Hello- thanx for taking that call. I got a job! Starts on monday!,65,hello thanx take call got job start monday,0
ham,What time is ur flight tmr?,27,time ur flight tmr,0
ham,When should I come over?,24,come,0
ham,I have a rather prominent bite mark on my right cheek,53,rather promin bite mark right cheek,0
ham,* Will be september by then!,28,septemb,0
ham,Are you wet right now?,22,wet right,0
ham,And how's your husband.,23,husband,0
spam,"Hack Chat. Get backdoor entry into 121 chat rooms at a fraction of the cost. Reply NEO69 or call 09050280520, to subscribe 25p pm. DPS, Bcm box 8027 Ldn, wc1n3xx",161,hack chat get backdoor entri chat room fraction cost repli call subscrib pm dps bcm box ldn,1
ham,Are we doing the norm tomorrow? I finish just a 4.15 cos of st tests. Need to sort library stuff out at some point tomo - got letter from today - access til end march so i better get move on!,191,norm tomorrow finish cos st test need sort librari stuff point tomo got letter today access til end march better get move,0
ham,Yeah. I got a list with only u and Joanna if I'm feeling really anti social,75,yeah got list joanna feel realli anti social,0
ham,I am in your office na.,23,offic na,0
ham,"\Are you comingdown later?\""""",29,comingdown later,0
ham,Super da:)good replacement for murali,37,super da good replac murali,0
ham,Da is good good player.why he is unsold.,40,da good good player unsold,0
ham,Hi. || Do u want | to join me with sts later? || Meeting them at five. || Call u after class.,93,hi want join sts later meet five call class,0
ham,Its on in engalnd! But telly has decided it won't let me watch it and mia and elliot were kissing! Damn it!,107,engalnd telli decid let watch mia elliot kiss damn,0
spam,"FREE NOKIA Or Motorola with upto 12mths 1/2price linerental, 500 FREE x-net mins&100txt/mth FREE B'tooth*. Call Mobileupd8 on 08001950382 or call 2optout/D3WV",158,free nokia motorola upto linerent free x net min mth free b tooth call call,1
ham,I dont want to hear philosophy. Just say what happen,52,dont want hear philosophi say happen,0
ham,You got job in wipro:)you will get every thing in life in 2 or 3 years.,71,got job wipro get everi thing life year,0
ham,Then cant get da laptop? My matric card wif Ì_ lei... ,54,cant get da laptop matric card wif lei,0
ham,Dunno da next show aft 6 is 850. Toa payoh got 650.,51,dunno da next show aft toa payoh got,0
spam,"This is the 2nd time we have tried 2 contact u. U have won the 750 Pound prize. 2 claim is easy, call 08718726970 NOW! Only 10p per min. BT-national-rate ",154,time tri contact pound prize claim easi call per min bt nation rate,1
ham,I just made some payments so dont have that much. Sorry. Would you want it fedex or the other way.,98,made payment dont much sorri would want fedex way,0
ham,They did't play one day last year know even though they have very good team.. Like india.,89,play one day last year know even though good team like india,0
ham,K.:)you are the only girl waiting in reception ah?,50,k girl wait recept ah,0
ham,"Say this slowly.? GOD,I LOVE YOU &amp; I NEED YOU,CLEAN MY HEART WITH YOUR BLOOD.Send this to Ten special people &amp; u c miracle tomorrow, do it,pls,pls do it...",163,say slowli god love need clean heart blood send ten special peopl miracl tomorrow pls pls,0
ham,I hate when she does this. She turns what should be a fun shopping trip into an annoying day of how everything would look in her house.,135,hate turn fun shop trip annoy day everyth would look hous,0
ham,"Sir, i am waiting for your call.",32,sir wait call,0
ham,What's up. Do you want me to come online?,41,want come onlin,0
ham,"It could work, we'll reach a consensus at the next meeting",58,could work reach consensus next meet,0
ham,Aiyah then i wait lor. Then u entertain me. Hee...,50,aiyah wait lor entertain hee,0
ham,"The last thing i ever wanted to do was hurt you. And i didn't think it would have. You'd laugh, be embarassed, delete the tag and keep going. But as far as i knew, it wasn't even up. The fact that you even felt like i would do it to hurt you shows you really don't know me at all. It was messy wednesday, but it wasn't bad. The problem i have with it is you HAVE the time to clean it, but you choose not to. You skype, you take pictures, you sleep, you want to go out. I don't mind a few things here and there, but when you don't make the bed, when you throw laundry on top of it, when i can't have a friend in the house because i'm embarassed that there's underwear and bras strewn on the bed, pillows on the floor, that's something else. You used to be good about at least making the bed.",790,last thing ever want hurt think would laugh embarass delet tag keep go far knew even fact even felt like would hurt show realli know messi wednesday bad problem time clean choos skype take pictur sleep want go mind thing make bed throw laundri top friend hous embarass underwear bras strewn bed pillow floor someth els use good least make bed,0
ham,I'll let you know when it kicks in,34,let know kick,0
ham,You call him now ok i said call him,35,call ok said call,0
ham,Call to the number which is available in appointment. And ask to connect the call to waheed fathima.,100,call number avail appoint ask connect call wahe fathima,0
ham,Or Ì_ go buy wif him then i meet Ì_ later can?,46,go buy wif meet later,0
ham,Mmmm ... Fuck ... Not fair ! You know my weaknesses ! *grins* *pushes you to your knee's* *exposes my belly and pulls your head to it* Don't forget ... I know yours too *wicked smile*,183,mmmm fuck fair know weak grin push knee expos belli pull head forget know wick smile,0
ham,Today my system sh get ready.all is well and i am also in the deep well,71,today system sh get readi well also deep well,0
ham,Mom wants to know where you at,30,mom want know,0
ham,"Aight, I'll text you when I'm back",34,aight text back,0
ham,Dont know supports ass and srt i thnk. I think ps3 can play through usb too,75,dont know support ass srt thnk think play usb,0
ham,Oh ok i didnt know what you meant. Yep i am baby jontin,55,oh ok didnt know meant yep babi jontin,0
spam,You have WON a guaranteed å£1000 cash or a å£2000 prize.To claim yr prize call our customer service representative on,117,guarante $$$ cash $$$ prize claim yr prize call custom servic repres,1
spam,Would you like to see my XXX pics they are so hot they were nearly banned in the uk!,84,would like see xxx pic hot near ban uk,1
ham,This pen thing is beyond a joke. Wont a Biro do? Don't do a masters as can't do this ever again! ,97,pen thing beyond joke wont biro master ever,0
ham,I AM AT A PARTY WITH ALEX NICHOLS,33,parti alex nichol,0
spam,U have a secret admirer who is looking 2 make contact with U-find out who they R*reveal who thinks UR so special-call on 09058094594,132,secret admir look make contact find r reveal think ur special call,1
ham,Just seeing your missed call my dear brother. Do have a gr8 day.,64,see miss call dear brother day,0
ham,Ok.. ÌÏ finishing soon?,23,ok iï finish soon,0
ham,"Sorry, I can't help you on this.",32,sorri help,0
ham,"Come to me, slave. Your doing it again ... Going into your shell and unconsciously avoiding me ... You are making me unhappy :-(",128,come slave go shell unconsci avoid make unhappi,0
ham,I love your ass! Do you enjoy doggy style? :),45,love ass enjoy doggi style,0
ham,I think asking for a gym is the excuse for lazy people. I jog.,62,think ask gym excus lazi peopl jog,0
spam,Dear 0776xxxxxxx U've been invited to XCHAT. This is our final attempt to contact u! Txt CHAT to 86688 150p/MsgrcvdHG/Suite342/2Lands/Row/W1J6HL LDN 18yrs ,155,dear invit xchat final attempt contact txt chat msgrcvdhg row ldn,1
spam,Urgent! Please call 09061743811 from landline. Your ABTA complimentary 4* Tenerife Holiday or å£5000 cash await collection SAE T&Cs Box 326 CW25WX 150ppm,153,urgent pleas call landlin abta complimentari tenerif holiday $$$ cash await collect sae cs box,1
ham,No. On the way home. So if not for the long dry spell the season would have been over,85,way home long dri spell season would,0
ham,I gotta collect da car at 6 lei.,32,gotta collect da car lei,0
ham,Ok but knackered. Just came home and went to sleep! Not good at this full time work lark.,89,ok knacker came home went sleep good full time work lark,0
ham,Probably earlier than that if the station's where I think it is,63,probabl earlier station think,0
spam,CALL 09090900040 & LISTEN TO EXTREME DIRTY LIVE CHAT GOING ON IN THE OFFICE RIGHT NOW TOTAL PRIVACY NO ONE KNOWS YOUR [sic] LISTENING 60P MIN 24/7MP 0870753331018+,163,call listen extrem dirti live chat go offic right total privaci one know listen min,1
spam,"FreeMsg Hey U, i just got 1 of these video/pic fones, reply WILD to this txt & ill send U my pics, hurry up Im so bored at work xxx (18 150p/rcvd STOP2stop)",156,freemsg hey got video pic fone repli wild txt ill send pic hurri bore work xxx rcvd,1
ham,"Uh, heads up we don't have THAT much left",41,uh head much left,0
ham,I tot u outside cos darren say u come shopping. Of course we nice wat. We jus went sim lim look at mp3 player.,110,tot outsid cos darren say come shop cours nice wat jus went sim lim look player,0
ham,"Aight, sounds good. When do you want me to come down?",53,aight sound good want come,0
ham,Wat would u like 4 ur birthday?,31,wat would like ur birthday,0
ham,I love working from home :),27,love work home,0
ham,And miss vday the parachute and double coins??? U must not know me very well...,79,miss vday parachut doubl coin must know well,0
ham,My sister got placed in birla soft da:-),40,sister got place birla soft da,0
spam,Free entry in 2 a weekly comp for a chance to win an ipod. Txt POD to 80182 to get entry (std txt rate) T&C's apply 08452810073 for details 18+,143,free entri week comp chanc win ipod txt pod get entri std txt rate appli detail,1
ham,Wah... Okie okie... Muz make use of e unlimited... Haha... ,59,wah oki oki muz make use e unlimit haha,0
ham,"There're some people by mu, I'm at the table by lambda",54,peopl mu tabl lambda,0
ham,And stop being an old man. You get to build snowman snow angels and snowball fights.,84,stop old man get build snowman snow angel snowbal fight,0
ham,ELLO BABE U OK?,15,ello babe ok,0
ham,Hello beautiful r u ok? I've kinda ad a row wiv and he walked out the pub?? I wanted a night wiv u Miss u ,106,hello beauti r ok kinda ad row wiv walk pub want night wiv miss,0
ham,Then u going ikea str aft dat?,30,go ikea str aft dat,0
ham,Becoz its  &lt;#&gt;  jan whn al the post ofice is in holiday so she cn go fr the post ofice...got it duffer,108,becoz jan whn al post ofic holiday cn go fr post ofic got duffer,0
ham,Lol grr my mom is taking forever with my prescription. Pharmacy is like 2 minutes away. Ugh.,92,lol grr mom take forev prescript pharmaci like minut away ugh,0
ham,For real tho this sucks. I can't even cook my whole electricity is out. And I'm hungry.,87,real tho suck even cook whole electr hungri,0
ham,You want to go? ,16,want go,0
spam,New TEXTBUDDY Chat 2 horny guys in ur area 4 just 25p Free 2 receive Search postcode or at gaytextbuddy.com. TXT ONE name to 89693. 08715500022 rpl Stop 2 cnl,158,new textbuddi chat horni guy ur area free receiv search postcod http txt one name rpl stop cnl,1
ham,Its not that time of the month nor mid of the time?,51,time month mid time,0
ham,Fffff. Can you text kadeem or are you too far gone,50,fffff text kadeem far gone,0
ham,We not leaving yet. Ok lor then we go elsewhere n eat. U thk...,63,leav yet ok lor go elsewher n eat thk,0
ham,Is fujitsu s series lifebook good?,34,fujitsu seri lifebook good,0
ham,Yar i wanted 2 scold u yest but late already... I where got zhong se qing you? If u ask me b4 he ask me then i'll go out w u all lor. N u still can act so real.,160,yar want scold yest late alreadi got zhong se qing ask ask go w lor n still act real,0
ham,Dont know you bring some food,29,dont know bring food,0
ham,No current and food here. I am alone also,41,current food alon also,0
ham,I'll be in sch fr 4-6... I dun haf da book in sch... It's at home...,68,sch fr dun haf da book sch home,0
ham,Hello. They are going to the village pub at 8 so either come here or there accordingly. Ok?,91,hello go villag pub either come accord ok,0
ham,Ok,2,ok,0
ham,We don call like  &lt;#&gt;  times oh. No give us hypertension oh.,66,call like time oh give us hypertens oh,0
ham,"Dont give a monkeys wot they think and i certainly don't mind. Any friend of mine&all that! Just don't sleep wiv , that wud be annoyin!",135,dont give monkey wot think certain mind friend mine sleep wiv wud annoyin,0
ham,Omg it could snow here tonite!,30,omg could snow tonit,0
spam,Call from 08702490080 - tells u 2 call 09066358152 to claim å£5000 prize. U have 2 enter all ur mobile & personal details @ the prompts. Careful!,145,call tell call claim $$$ prize enter ur mobil person detail prompt care,1
spam,Free 1st week entry 2 TEXTPOD 4 a chance 2 win 40GB iPod or å£250 cash every wk. Txt VPOD to 81303 Ts&Cs www.textpod.net custcare 08712405020.,142,free week entri textpod chanc win ipod $$$ cash everi wk txt vpod ts cs http custcar,1
ham,Carry on not disturbing both of you,35,carri disturb,0
ham,What pa tell me.. I went to bath:-),35,pa tell went bath,0
ham,Jus finished avatar nigro,25,jus finish avatar nigro,0
ham,R u over scratching it?,23,r scratch,0
ham,Hope you are having a great day.,32,hope great day,0
ham,Did either of you have any idea's? Do you know of anyplaces doing something?,76,either idea know anyplac someth,0
ham,My planning usually stops at \find hella weed,45,plan usual stop find hella weed,0
ham,The fact that you're cleaning shows you know why i'm upset. Your priority is constantly \what i want to do,106,fact clean show know upset prioriti constant want,0
ham,Excellent! Are you ready to moan and scream in ecstasy?,55,excel readi moan scream ecstasi,0
spam,More people are dogging in your area now. Call 09090204448 and join like minded guys. Why not arrange 1 yourself. There's 1 this evening. Aå£1.50 minAPN LS278BB,160,peopl dog area call join like mind guy arrang even $$$ minapn,1
ham,Dude avatar 3d was imp. At one point i thought there were actually flies in the room and almost tried hittng one as a reflex,124,dude avatar imp one point thought actual fli room almost tri hittng one reflex,0
spam,"WELL DONE! Your 4* Costa Del Sol Holiday or å£5000 await collection. Call 09050090044 Now toClaim. SAE, TCs, POBox334, Stockport, SK38xh, Costå£1.50/pm, Max10mins",162,well done costa del sol holiday $$$ await collect call toclaim sae tcs stockport cost $$$ pm,1
ham,K...k:)why cant you come here and search job:),46,k k cant come search job,0
ham,I got lousy sleep. I kept waking up every 2 hours to see if my cat wanted to come in. I worry about him when its cold :(,120,got lousi sleep kept wake everi hour see cat want come worri cold,0
ham,"Yeah, I'll leave in a couple minutes &amp; let you know when I get to mu",72,yeah leav coupl minut let know get mu,0
ham,Can Ì_ call me at 10:10 to make sure dat i've woken up...,57,call make sure dat woken,0
ham,Hey we can go jazz power yoga hip hop kb and yogasana ,54,hey go jazz power yoga hip hop kb yogasana,0
ham,The battery is for mr adewale my uncle. Aka Egbon,49,batteri mr adewal uncl aka egbon,0
ham,Wait 2 min..stand at bus stop,29,wait min stand bus stop,0
ham,Oh ic. I thought you meant mary jane.,37,oh ic thought meant mari jane,0
ham,Haha... Really oh no... How? Then will they deduct your lesson tmr?,67,haha realli oh deduct lesson tmr,0
ham,Nah im goin 2 the wrks with j wot bout u?,41,nah goin wrks j wot bout,0
ham,Then just eat a shit and wait for ur monkey face bitch.......... U asshole..................,92,eat shit wait ur monkey face bitch asshol,0
ham,Good night. Am going to sleep.,30,good night go sleep,0
ham,"Aight I'll grab something to eat too, text me when you're back at mu",68,aight grab someth eat text back mu,0
ham,Take something for pain. If it moves however to any side in the next 6hrs see a doctor.,87,take someth pain move howev side next see doctor,0
ham,"Lol ... Oh no babe, I wont be sliding into your place after midnight, but thanks for the invite",95,lol oh babe wont slide place midnight thank invit,0
ham,Howz that persons story,23,howz person stori,0
spam,Guess what! Somebody you know secretly fancies you! Wanna find out who it is? Give us a call on 09065394973 from Landline DATEBox1282EssexCM61XN 150p/min 18,156,guess somebodi know secret fanci wanna find give us call landlin min,1
ham,LOL that would be awesome payback.,34,lol would awesom payback,0
spam,it to 80488. Your 500 free text messages are valid until 31 December 2005.,74,free text messag valid decemb,1
ham,"Honeybee Said: *I'm d Sweetest in d World* God Laughed &amp; Said: *Wait,U Havnt Met d Person Reading This Msg* MORAL: Even GOD Can Crack Jokes! GM+GN+GE+GN:)",158,honeybe said sweetest world god laugh said wait havnt met person read msg moral even god crack joke gm gn ge gn,0
ham,Thanks. It was only from tescos but quite nice. All gone now. Speak soon ,73,thank tesco quit nice gone speak soon,0
ham,What's a feathery bowa? Is that something guys have that I don't know about?,76,featheri bowa someth guy know,0
ham,Even i cant close my eyes you are in me our vava playing umma :-D,65,even cant close eye vava play umma,0
ham,2 laptop... I noe infra but too slow lar... I wan fast one,58,laptop noe infra slow lar wan fast one,0
spam,You have won a guaranteed å£200 award or even å£1000 cashto claim UR award call free on 08000407165 (18+) 2 stop getstop on 88222 PHP,133,guarante $$$ award even $$$ cashto claim ur award call free stop getstop php,1
ham,Nvm it's ok...,14,nvm ok,0
ham,Enjoy ur life. . Good night,27,enjoy ur life good night,0
ham,Yes but can we meet in town cos will go to gep and then home. You could text at bus stop. And don't worry we'll have finished by march Û_ ish!,143,yes meet town cos go gep home could text bus stop worri finish march ish,0
ham,Thats cool. Where should i cum? On you or in you? :),52,that cool cum,0
ham,Delhi and chennai still silent.,31,delhi chennai still silent,0
ham,Lol alright i was thinkin that too haha,39,lol alright thinkin haha,0
spam,Reply to win å£100 weekly! Where will the 2006 FIFA World Cup be held? Send STOP to 87239 to end service,104,repli win $$$ week fifa world cup held send stop end servic,1
ham,No I'm in the same boat. Still here at my moms. Check me out on yo. I'm half naked.,83,boat still mom check yo half nake,0
ham,Shhhhh nobody is supposed to know!,34,shhhhh nobodi suppos know,0
ham,"Sorry, I'll call later in meeting any thing related to trade please call Arul. &lt;#&gt; ",89,sorri call later meet thing relat trade pleas call arul,0
ham,Hey i will be late... i'm at amk. Need to drink tea or coffee,61,hey late amk need drink tea coffe,0
spam,Urgent! Please call 09061743810 from landline. Your ABTA complimentary 4* Tenerife Holiday or #5000 cash await collection SAE T&Cs Box 326 CW25WX 150 ppm,153,urgent pleas call landlin abta complimentari tenerif holiday cash await collect sae cs box ppm,1
ham,The length is e same but e top shorter n i got a fringe now. I thk i'm not going liao. Too lazy. Dun wan 2 distract u also.,123,length e e top shorter n got fring thk go liao lazi dun wan distract also,0
ham,S..antha num corrct dane,24,antha num corrct dane,0
ham,The basket's gettin full so I might be by tonight,49,basket gettin full might tonight,0
ham,HI DARLIN IVE JUST GOT BACK AND I HAD A REALLY NICE NIGHT AND THANKS SO MUCH FOR THE LIFT SEE U TOMORROW XXX,108,hi darlin ive got back realli nice night thank much lift see tomorrow xxx,0
ham,No other Valentines huh? The proof is on your fb page. Ugh I'm so glad I really DIDN'T watch your rupaul show you TOOL!,119,valentin huh proof fb page ugh glad realli watch rupaul show tool,0
spam,Free tones Hope you enjoyed your new content. text stop to 61610 to unsubscribe. help:08712400602450p Provided by tones2you.co.uk,129,free tone hope enjoy new content text stop unsubscrib help provid co uk,1
ham,Eh den sat u book e kb liao huh...,34,eh den sat book e kb liao huh,0
ham,Have you been practising your curtsey?,38,practis curtsey,0
ham,Lol boo I was hoping for a laugh,32,lol boo hope laugh,0
ham,\YEH I AM DEF UP4 SOMETHING SAT,31,yeh def someth sat,0
ham,"Well, I have to leave for my class babe ... You never came back to me ... :-( ... Hope you have a nice sleep, my love",117,well leav class babe never came back hope nice sleep love,0
ham,LMAO where's your fish memory when I need it?,45,lmao fish memori need,0
ham,But i'll b going 2 sch on mon. My sis need 2 take smth.,55,b go sch mon sis need take smth,0
ham,Idea will soon get converted to live:),38,idea soon get convert live,0
spam,TheMob>Yo yo yo-Here comes a new selection of hot downloads for our members to get for FREE! Just click & open the next link sent to ur fone...,143,themob yo yo yo come new select hot download member get free click open next link sent ur fone,1
ham,S....s...india going to draw the series after many years in south african soil..,80,india go draw seri mani year south african soil,0
ham,"Goodmorning, today i am late for  &lt;DECIMAL&gt; min.",54,goodmorn today late min,0
ham,Can't take any major roles in community outreach. You rock mel,62,take major role communiti outreach rock mel,0
ham,Shopping lor. Them raining mah hard 2 leave orchard.,52,shop lor rain mah hard leav orchard,0
ham,Hi here. have birth at on the  to  at 8lb 7oz. Mother and baby doing brilliantly.,81,hi birth mother babi brilliant,0
ham,See the forwarding message for proof,36,see forward messag proof,0
ham,"I can't keep going through this. It was never my intention to run you out, but if you choose to do that rather than keep the room clean so *I* don't have to say no to visitors, then maybe that's the best choice. Yes, I wanted you to be embarassed, so maybe you'd feel for once how I feel when i have a friend who wants to drop buy and i have to say no, as happened this morning. I've tried everything. I don't know what else to do.",431,keep go never intent run choos rather keep room clean say visitor mayb best choic yes want embarass mayb feel feel friend want drop buy say happen morn tri everyth know els,0
ham,Dunno lei... I thk mum lazy to go out... I neva ask her yet...,62,dunno lei thk mum lazi go neva ask yet,0
ham,"Do whatever you want. You know what the rules are. We had a talk earlier this week about what had to start happening, you showing responsibility. Yet, every week it's can i bend the rule this way? What about that way? Do whatever. I'm tired of having thia same argument with you every week. And a  &lt;#&gt;  movie DOESNT inlude the previews. You're still getting in after 1.",375,whatev want know rule talk earlier week start happen show respons yet everi week bend rule way way whatev tire thia argument everi week movi doesnt inlud preview still get,0
ham,"Beautiful Truth against Gravity.. Read carefully: \Our heart feels light when someone is in it.. But it feels very heavy when someone leaves it..\"" GOODMORNING""",160,beauti truth graviti read care heart feel light someon feel heavi someon leav goodmorn,0
spam,Great News! Call FREEFONE 08006344447 to claim your guaranteed å£1000 CASH or å£2000 gift. Speak to a live operator NOW!,120,great news call freefon claim guarante $$$ cash $$$ gift speak live oper,1
ham,Ambrith..madurai..met u in arun dha marrge..remembr?,52,ambrith madurai met arun dha marrg remembr,0
ham,Just re read it and I have no shame but tell me how he takes it and if he runs I will blame u 4 ever!! Not really 4 ever just a long time ,138,read shame tell take run blame ever realli ever long time,0
ham,"Princess, is your kitty shaved or natural?",42,princess kitti shave natur,0
ham,"Better than bb. If he wont use it, his wife will or them doctor",63,better bb wont use wife doctor,0
ham,Ya it came a while ago,22,ya came ago,0
ham,From tomorrow onwards eve 6 to 3 work.,38,tomorrow onward eve work,0
ham,Anything lor but toa payoh got place 2 walk meh...,50,anyth lor toa payoh got place walk meh,0
ham,"I don't have anybody's number, I still haven't thought up a tactful way to ask alex",83,anybodi number still thought tact way ask alex,0
spam,"U can WIN å£100 of Music Gift Vouchers every week starting NOW Txt the word DRAW to 87066 TsCs www.ldew.com SkillGame,1Winaweek, age16.150ppermessSubscription",158,win $$$ music gift voucher everi week start txt word draw tscs http skillgam,1
ham,Is there any movie theatre i can go to and watch unlimited movies and just pay once?,84,movi theatr go watch unlimit movi pay,0
ham,U having lunch alone? I now so bored...,39,lunch alon bore,0
ham,"Yes obviously, but you are the eggs-pert and the potato headÛ_ Speak soon! ",76,yes obvious egg pert potato head speak soon,0
ham,"Nah man, my car is meant to be crammed full of people",53,nah man car meant cram full peopl,0
ham,No got new job at bar in airport on satsgettin 4.47per hour but means no lie in! keep in touch,94,got new job bar airport satsgettin hour mean lie keep touch,0
ham,Kallis is ready for bat in 2nd innings,38,kalli readi bat inning,0
ham,Thanx but my birthday is over already.,38,thanx birthday alreadi,0
ham,"Ugh y can't u just apologize, admit u were wrong and ask me to take u back?",75,ugh apolog admit wrong ask take back,0
ham,"I noe la... U wana pei bf oso rite... K lor, other days den...",62,noe la wana pei bf oso rite k lor day den,0
ham,"Yes, i'm small kid.. And boost is the secret of my energy..",59,yes small kid boost secret energi,0
ham,IM GONNA MISS U SO MUCH,23,gonna miss much,0
ham,Is avatar supposed to have subtoitles,37,avatar suppos subtoitl,0
ham,Simply sitting and watching match in office..,45,simpli sit watch match offic,0
ham,You can jot down things you want to remember later.,51,jot thing want rememb later,0
ham,Oh sorry please its over,24,oh sorri pleas,0
ham,Hey are we going for the lo lesson or gym? ,43,hey go lo lesson gym,0
ham,"Dont pack what you can buy at any store.like cereals. If you must pack food, pack gari or something 9ja that you will miss.",123,dont pack buy store like cereal must pack food pack gari someth miss,0
ham,You always make things bigger than they are,43,alway make thing bigger,0
ham,ÌÏ dun wan to watch infernal affair?,36,iï dun wan watch infern affair,0
ham,"Me not waking up until 4 in the afternoon, sup",46,wake afternoon sup,0
ham,I can send you a pic if you like :),35,send pic like,0
ham,Okay... I booked all already... Including the one at bugis.,59,okay book alreadi includ one bugi,0
ham,"Aight fuck it, I'll get it later",32,aight fuck get later,0
ham,No de. But call me after some time. Ill tell you k,50,de call time ill tell k,0
ham,So dont use hook up any how,27,dont use hook,0
ham,How much is blackberry bold2 in nigeria.,40,much blackberri nigeria,0
ham,Hi where you. You in home or calicut?,37,hi home calicut,0
ham,Hey darlin.. i can pick u up at college if u tell me wen & where 2 mt.. love Pete xx,84,hey darlin pick colleg tell wen mt love pete xx,0
spam,"Call 09094100151 to use ur mins! Calls cast 10p/min (mob vary). Service provided by AOM, just GBP5/month. AOM Box61,M60 1ER until u stop. Ages 18+ only!",152,call use ur min call cast min mob vari servic provid aom month aom stop age,1
ham,"Oh... I was thkin of goin yogasana at 10 den no nd to go at 3 den can rush to parco 4 nb... Okie lor, u call me when ready...",125,oh thkin goin yogasana den nd go den rush parco nb oki lor call readi,0
ham,Y so late but i need to go n get da laptop...,45,late need go n get da laptop,0
ham,"Sir, I am waiting for your mail.",32,sir wait mail,0
ham,.Please charge my mobile when you get up in morning.,52,pleas charg mobil get morn,0
ham,"Nothing, i got msg frm tht unknown no..",39,noth got msg frm tht unknown,0
ham,Ugh fuck it I'm resubbing to eve,32,ugh fuck resub eve,0
ham,He didn't see his shadow. We get an early spring yay,52,see shadow get earli spring yay,0
ham,I did. One slice and one breadstick. Lol,40,one slice one breadstick lol,0
ham,"Hey ! I want you ! I crave you ! I miss you ! I need you ! I love you, Ahmad Saeed al Hallaq ...",96,hey want crave miss need love ahmad saeed al hallaq,0
ham,Is there any training tomorrow?,31,train tomorrow,0
spam,"URGENT! Your mobile No *********** WON a å£2,000 Bonus Caller Prize on 02/06/03! This is the 2nd attempt to reach YOU! Call 09066362220 ASAP! BOX97N7QP, 150ppm",159,urgent mobil $$$ bonus caller prize attempt reach call asap,1
ham,Pass dis to all ur contacts n see wat u get! Red;i'm in luv wid u. Blue;u put a smile on my face. Purple;u r realy hot. Pink;u r so swt. Orange;i thnk i lyk u. Green;i realy wana go out wid u. Yelow;i wnt u bck. Black;i'm jealous of u. Brown;i miss you Nw plz giv me one color,276,pass dis ur contact n see wat get red luv wid blue put smile face purpl r reali hot pink r swt orang thnk lyk green reali wana go wid yelow wnt bck black jealous brown miss nw plz giv one color,0
ham,Cos daddy arranging time c wat time fetch Ì_ mah...,51,cos daddi arrang time wat time fetch mah,0
ham,Then. You are eldest know.,26,eldest know,0
ham,Who's there say hi to our drugdealer,36,say hi drugdeal,0
ham,Its hard to believe things like this. All can say lie but think twice before saying anything to me.,99,hard believ thing like say lie think twice say anyth,0
spam,"Eerie Nokia tones 4u, rply TONE TITLE to 8007 eg TONE DRACULA to 8007 Titles: GHOST, ADDAMSFA, MUNSTERS, EXORCIST, TWILIGHT www.getzed.co.uk POBox36504W45WQ 150p ",162,eeri nokia tone rpli tone titl eg tone dracula titl ghost addamsfa munster exorcist twilight http,1
spam,Sexy Singles are waiting for you! Text your AGE followed by your GENDER as wither M or F E.G.23F. For gay men text your AGE followed by a G. e.g.23G.,149,sexi singl wait text age follow gender wither f e g gay men text age follow g e g,1
ham,Good night my dear.. Sleepwell&amp;Take care,44,good night dear sleepwel take care,0
ham,That is wondarfull song,23,wondarful song,0
spam,"FreeMsg: Claim ur 250 SMS messages-Text OK to 84025 now!Use web2mobile 2 ur mates etc. Join Txt250.com for 1.50p/wk. T&C BOX139, LA32WU. 16 . Remove txtX or stop",161,freemsg claim ur sms messag text ok use ur mate etc join http wk remov txtx stop,1
ham,Yar lor actually we quite fast... Cos da ge slow wat... Haha...,63,yar lor actual quit fast cos da ge slow wat haha,0
ham,Must come later.. I normally bathe him in da afternoon mah..,60,must come later normal bath da afternoon mah,0
ham,"Trust me. Even if isn't there, its there.",41,trust even,0
ham,Hey hun-onbus goin 2 meet him. He wants 2go out 4a meal but I donyt feel like it cuz have 2 get last bus home!But hes sweet latelyxxx,133,hey hun onbus goin meet want meal donyt feel like cuz get last bus home hes sweet latelyxxx,0
spam,85233 FREE>Ringtone!Reply REAL,30,free rington repli real,1
ham,I can take you at like noon,27,take like noon,0
ham,Where is it. Is there any opening for mca.,42,open mca,0
ham,I'm aight. Wat's happening on your side.,40,aight wat happen side,0
ham,I'm done oredi...,17,done oredi,0
ham,"you are sweet as well, princess. Please tell me your likes and dislikes in bed...",81,sweet well princess pleas tell like dislik bed,0
ham,How are you. Wish you a great semester,38,wish great semest,0
ham,Moji i love you more than words. Have a rich day,48,moji love word rich day,0
ham,Dude how do you like the buff wind.,35,dude like buff wind,0
ham,\alright babe,13,alright babe,0
spam,Well done ENGLAND! Get the official poly ringtone or colour flag on yer mobile! text TONE or FLAG to 84199 NOW! Opt-out txt ENG STOP. Box39822 W111WX å£1.50,156,well done england get offici poli rington colour flag yer mobil text tone flag opt txt eng stop $$$,1
ham,"No i'm not. I can't give you everything you want and need. You actually could do better for yourself on yor own--you've got more money than i do. I can't get work, i can't get a man, i can't pay the rent, i can't even fill my fucking gas tank. yes, i'm stressed and depressed. I didn't even call home for thanksgiving cuz i'll have to tell them i,m up to nothing.",363,give everyth want need actual could better yor got money get work get man pay rent even fill fuck gas tank yes stress depress even call home thanksgiv cuz tell noth,0
ham,S:-)kallis wont play in first two odi:-),40,kalli wont play first two odi,0
ham,Then get some cash together and I'll text jason,47,get cash togeth text jason,0
ham,"Oh, my love, it's soooo good to hear from you. Omg I missed you so much today. I'm sorry your having problems with the provider but thank you for tming me",154,oh love soooo good hear omg miss much today sorri problem provid thank tming,0
spam,"Final Chance! Claim ur å£150 worth of discount vouchers today! Text YES to 85023 now! SavaMob, member offers mobile! T Cs SavaMob POBOX84, M263UZ. å£3.00 Subs 16",161,final chanc claim ur $$$ worth discount voucher today text yes savamob member offer mobil cs savamob $$$ sub,1
ham,"Probably, want to pick up more?",31,probabl want pick,0
ham,I'm done...,11,done,0
ham,Are you the cutest girl in the world or what,44,cutest girl world,0
ham,"No dice, art class 6 thru 9 :( thanks though. Any idea what time I should come tomorrow?",88,dice art class thru thank though idea time come tomorrow,0
spam,"SMS SERVICES. for your inclusive text credits, pls goto www.comuk.net login= ***** unsubscribe with STOP. no extra charge. help:08700469649. PO BOX420. IP4 5WE",159,sms servic inclus text credit pls goto http login unsubscrib stop extra charg help po,1
ham,Oh Howda gud gud.. Mathe en samachara chikku:-),47,oh howda gud gud math en samachara chikku,0
ham,I thk 530 lor. But dunno can get tickets a not. Wat u doing now?,64,thk lor dunno get ticket wat,0
ham,Audrie lousy autocorrect,24,audri lousi autocorrect,0
ham,Its a site to simulate the test. It just gives you very tough questions to test your readiness.,95,site simul test give tough question test readi,0
ham,Anyway seriously hit me up when you're back because otherwise I have to light up with armand and he always has shit and/or is vomiting,134,anyway serious hit back otherwis light armand alway shit vomit,0
ham,I fetch yun or u fetch?,23,fetch yun fetch,0
ham,Thank you. I like you as well...,32,thank like well,0
ham,"Hmmm ... And imagine after you've come home from that having to rub my feet, make me dinner and help me get ready for my date ! Are you sure your ready for that kind of life ?",175,hmmm imagin come home rub feet make dinner help get readi date sure readi kind life,0
ham,Lara said she can loan me  &lt;#&gt; .,38,lara said loan,0
ham,Do we have any spare power supplies,35,spare power suppli,0
ham,Yar he quite clever but aft many guesses lor. He got ask me 2 bring but i thk darren not so willing 2 go. Aiya they thk leona still not attach wat.,147,yar quit clever aft mani guess lor got ask bring thk darren will go aiya thk leona still attach wat,0
spam,You are a winner you have been specially selected to receive å£1000 cash or a å£2000 award. Speak to a live operator to claim call 087123002209am-7pm. Cost 10p,159,winner special select receiv $$$ cash $$$ award speak live oper claim call cost,1
ham,"Yeah, don't go to bed, I'll be back before midnight",51,yeah go bed back midnight,0
spam,"Sunshine Hols. To claim ur med holiday send a stamped self address envelope to Drinks on Us UK, PO Box 113, Bray, Wicklow, Eire. Quiz Starts Saturday! Unsub Stop",161,sunshin hol claim ur med holiday send stamp self address envelop drink us uk po box bray wicklow eir quiz start saturday unsub stop,1
ham,Well I wasn't available as I washob nobbing with last night so they had to ask Nickey Platt instead of me!;,107,well avail washob nob last night ask nickey platt instead,0
ham,"It's that time of the week again, ryan",38,time week ryan,0
ham,Wish u many many returns of the day.. Happy birthday vikky..,60,wish mani mani return day happi birthday vikki,0
spam,"U can WIN å£100 of Music Gift Vouchers every week starting NOW Txt the word DRAW to 87066 TsCs www.Idew.com SkillGame, 1Winaweek, age16. 150ppermessSubscription",160,win $$$ music gift voucher everi week start txt word draw tscs http skillgam,1
ham,I hope you know I'm still mad at you.,37,hope know still mad,0
ham,"Argh my 3g is spotty, anyway the only thing I remember from the research we did was that province and sterling were the only problem-free places we looked at",157,argh spotti anyway thing rememb research provinc sterl problem free place look,0
ham,In xam hall boy asked girl Tell me the starting term for dis answer I can den manage on my own After lot of hesitation n lookin around silently she said THE! intha ponnungale ipaditan;),185,xam hall boy ask girl tell start term dis answer den manag lot hesit n lookin around silent said intha ponnungal ipaditan,0
ham,Do you know when the result.,28,know result,0
ham,"Sorry im getting up now, feel really bad- totally rejected that kinda me thing.",79,sorri get feel realli bad total reject kinda thing,0
ham,You do got a shitload of diamonds though,40,got shitload diamond though,0
ham,Tessy..pls do me a favor. Pls convey my birthday wishes to Nimya..pls dnt forget it. Today is her birthday Shijas,113,tessi pls favor pls convey birthday wish nimya pls dnt forget today birthday shija,0
ham,Well I'm going to be an aunty!,30,well go aunti,0
ham,Mine here like all fr china then so noisy.,42,mine like fr china noisi,0
ham,Later i guess. I needa do mcat study too.,41,later guess needa mcat studi,0
ham,S...from the training manual it show there is no tech process:)its all about password reset and troubleshooting:),113,train manual show tech process password reset troubleshoot,0
spam,Your B4U voucher w/c 27/03 is MARSMS. Log onto www.B4Utele.com for discount credit. To opt out reply stop. Customer care call 08717168528,137,voucher w marsm log onto http discount credit opt repli stop custom care call,1
ham,"Spoke with uncle john today. He strongly feels that you need to sacrifice to keep me here. He's going to call you. When he does, i beg you to just listen. Dont make any promises or make it clear things are not easy. And i need you to please let us work things out. As long as i keep expecting help, my creativity will be stifled so pls just keep him happy, no promises on your part.",382,spoke uncl john today strong feel need sacrific keep go call beg listen dont make promis make clear thing easi need pleas let us work thing long keep expect help creativ stifl pls keep happi promis part,0
ham,"Carlos took a while (again), we leave in a minute",49,carlo took leav minut,0
ham,Well done and ! luv ya all ,27,well done luv ya,0
ham,Then why you came to hostel.,28,came hostel,0
ham,K still are you loving me.,26,k still love,0
ham,But i juz remembered i gotta bathe my dog today..,49,juz rememb gotta bath dog today,0
ham,After the drug she will be able to eat.,39,drug abl eat,0
ham,Alright took the morphine. Back in yo.,38,alright took morphin back yo,0
ham,You see the requirements please,31,see requir pleas,0
ham,You stayin out of trouble stranger!!saw Dave the other day heåÕs sorted now!still with me bloke when u gona get a girl MR!ur mum still Thinks we will get 2GETHA! ,162,stayin troubl stranger saw dave day sort still bloke gona get girl mr ur mum still think get,0
spam,FreeMsg: Hey - I'm Buffy. 25 and love to satisfy men. Home alone feeling randy. Reply 2 C my PIX! QlynnBV Help08700621170150p a msg Send stop to stop txts,154,freemsg hey buffi love satisfi men home alon feel randi repli pix qlynnbv msg send stop stop txts,1
ham,So can collect ur laptop?,25,collect ur laptop,0
ham,"Ok. Can be later showing around 8-8:30 if you want + cld have drink before. Wld prefer not to spend money on nosh if you don't mind, as doing that nxt wk.",154,ok later show around want cld drink wld prefer spend money nosh mind nxt wk,0
ham,I will once i get home,22,get home,0
ham,Waaaat?? Lololo ok next time then!,34,waaaat lololo ok next time,0
ham,"The table's occupied, I'm waiting by the tree",45,tabl occupi wait tree,0
ham,I surely dont forgot to come:)i will always be in touch in with you:-),70,sure dont forgot come alway touch,0
ham,Hi kindly give us back our documents which we submitted for loan from STAPATI,77,hi kind give us back document submit loan stapati,0
ham,I dont have i shall buy one dear,32,dont shall buy one dear,0
ham,Oh god i am happy to see your message after 3 days,50,oh god happi see messag day,0
ham,What year. And how many miles.,30,year mani mile,0
ham,Hey cutie. How goes it? Here in WALES its kinda ok. There is like hills and shit but i still avent killed myself. ,114,hey cuti goe wale kinda ok like hill shit still avent kill,0
ham,"Sad story of a Man - Last week was my b'day. My Wife did'nt wish me. My Parents forgot n so did my Kids . I went to work. Even my Colleagues did not wish. As I entered my cabin my PA said, '' Happy B'day Boss !!''. I felt special. She askd me 4 lunch. After lunch she invited me to her apartment. We went there. She said,'' do u mind if I go into the bedroom for a minute ? '' ''OK'', I sed in a sexy mood. She came out 5 minuts latr wid a cake...n My Wife, My Parents, My Kidz, My Friends n My Colleagues. All screaming.. SURPRISE !! and I was waiting on the sofa.. ... ..... ' NAKED...!",588,sad stori man last week b day wife nt wish parent forgot n kid went work even colleagu wish enter cabin pa said happi b day boss felt special askd lunch lunch invit apart went said mind go bedroom minut ok sed sexi mood came minut latr wid cake n wife parent kidz friend n colleagu scream surpris wait sofa nake,0
ham,I think you should go the honesty road. Call the bank tomorrow. Its the tough decisions that make us great people.,114,think go honesti road call bank tomorrow tough decis make us great peopl,0
spam,FREE for 1st week! No1 Nokia tone 4 ur mob every week just txt NOKIA to 87077 Get txting and tell ur mates. zed POBox 36504 W45WQ norm150p/tone 16+,147,free week nokia tone ur mob everi week txt nokia get txting tell ur mate zed pobox tone,1
ham,No. Its not specialisation. Can work but its slave labor. Will look for it this month sha cos no shakara 4 beggar.,114,specialis work slave labor look month sha cos shakara beggar,0
ham,Is she replying. Has boye changed his phone number,50,repli boy chang phone number,0
ham,hi my darlin im on my way to London and we have just been smashed into by another driver! and have a big dent! im really missing u what have u been up to? xxx,158,hi darlin way london smash anoth driver big dent realli miss xxx,0
ham,"Nothing really, just making sure everybody's up to speed",56,noth realli make sure everybodi speed,0
ham,I'm not coming home 4 dinner.,29,come home dinner,0
ham,"Thank you. And by the way, I just lost.",39,thank way lost,0
ham,Yes.he have good crickiting mind,32,yes good crickit mind,0
ham,Thx. All will be well in a few months,37,thx well month,0
ham,\CAN I PLEASE COME UP NOW IMIN TOWN.DONTMATTER IF URGOIN OUTL8R,63,pleas come imin town dontmatt urgoin,0
ham,I wont. So wat's wit the guys,29,wont wat wit guy,0
ham,Yavnt tried yet and never played original either,48,yavnt tri yet never play origin either,0
ham,"Hiya, had a good day? Have you spoken to since the weekend?",59,hiya good day spoken sinc weekend,0
ham,See? I thought it all through,29,see thought,0
ham,get ready to moan and scream :),31,get readi moan scream,0
ham,Oh k :)why you got job then whats up?,37,oh k got job what,0
ham,"I don,t think so. You don't need to be going out that late on a school night. ESPECIALLY when the one class you have is the one you missed last wednesday and probably failed a test in on friday",193,think need go late school night especi one class one miss last wednesday probabl fail test friday,0
ham,And popping &lt;#&gt; ibuprofens was no help.,45,pop ibuprofen help,0
ham,"Babe ! How goes that day ? What are you doing ? Where are you ? I sip my cappuccino and think of you, my love ... I send a kiss to you from across the sea",154,babe goe day sip cappuccino think love send kiss across sea,0
ham,Ok.,3,ok,0
ham,PS U no ur a grown up now right?,32,ps ur grown right,0
ham,"Chinatown got porridge, claypot rice, yam cake, fishhead beehoon... Either we eat cheap den go cafe n tok or go nydc or somethin...",131,chinatown got porridg claypot rice yam cake fishhead beehoon either eat cheap den go cafe n tok go nydc somethin,0
ham,I know a few people I can hit up and fuck to the yes,52,know peopl hit fuck yes,0
ham,Purity of friendship between two is not about smiling after reading the forwarded message..Its about smiling just by seeing the name. Gud evng,142,puriti friendship two smile read forward messag smile see name gud evng,0
ham,So is there anything specific I should be doing with regards to jaklin or what because idk what the fuck,104,anyth specif regard jaklin idk fuck,0
ham,Oh god. I'm gonna Google nearby cliffs now.,43,oh god gonna googl nearbi cliff,0
spam,FREE camera phones with linerental from 4.49/month with 750 cross ntwk mins. 1/2 price txt bundle deals also avble. Call 08001950382 or call2optout/J MF,152,free camera phone linerent month cross ntwk min price txt bundl deal also avbl call j mf,1
ham,Yup i shd haf ard 10 pages if i add figures... ÌÏ all got how many pages?,73,yup shd haf ard page add figur iï got mani page,0
ham,"Ooh, 4got, i'm gonna start belly dancing in moseley weds 6.30 if u want 2 join me, they have a cafe too. ",105,ooh gonna start belli danc moseley wed want join cafe,0
ham,Thankyou so much for the call. I appreciate your care.,54,thankyou much call appreci care,0
ham,Congrats ! Treat pending.i am not on mail for 2 days.will mail once thru.Respect mother at home.check mails.,108,congrat treat pend mail day mail thru respect mother home check mail,0
ham,I called but no one pick up e phone. I ask both of them already they said ok.,77,call one pick e phone ask alreadi said ok,0
ham,Hi my email address has changed now it is ,42,hi email address chang,0
ham,"V-aluable. A-ffectionate. L-oveable. E-ternal. N-oble. T-ruthful. I-ntimate. N-atural. E-namous. Happy \VALENTINES DAY\"" in advance""",132,v aluabl ffection l oveabl e ternal n obl ruth ntimat n atur e namous happi valentin day advanc,0
ham,"Not much, just some textin'. How bout you?",42,much textin bout,0
ham,Bring it if you got it,22,bring got,0
ham,I'm in a movie. Call me 4 wat?,30,movi call wat,0
ham,Not sure I have the stomach for it ...,38,sure stomach,0
ham,Haha... can... But i'm having dinner with my cousin...,54,haha dinner cousin,0
ham,"A boy was late 2 home. His father: \POWER OF FRNDSHIP\""""",56,boy late home father power frndship,0
ham,"(And my man carlos is definitely coming by mu tonight, no excuses)",66,man carlo definit come mu tonight excus,0
ham,soon you will have the real thing princess! Do i make you wet? :),65,soon real thing princess make wet,0
ham,Raji..pls do me a favour. Pls convey my Birthday wishes to Nimya. Pls. Today is her birthday.,93,raji pls favour pls convey birthday wish nimya pls today birthday,0
ham,"Haha, my legs and neck are killing me and my amigos are hoping to end the night with a burn, think I could swing by in like an hour?",132,haha leg neck kill amigo hope end night burn think could swing like hour,0
spam,"URGENT! Your mobile No 07xxxxxxxxx won a å£2,000 bonus caller prize on 02/06/03! this is the 2nd attempt to reach YOU! call 09066362231 ASAP! BOX97N7QP, 150PPM",159,urgent mobil $$$ bonus caller prize attempt reach call asap,1
ham,Usually the body takes care of it buy making sure it doesnt progress. Can we pls continue this talk on saturday.,112,usual bodi take care buy make sure doesnt progress pls continu talk saturday,0
spam,"URGENT!! Your 4* Costa Del Sol Holiday or å£5000 await collection. Call 09050090044 Now toClaim. SAE, TC s, POBox334, Stockport, SK38xh, Costå£1.50/pm, Max10mins",161,urgent costa del sol holiday $$$ await collect call toclaim sae tc stockport cost $$$ pm,1
ham,"Hmm well, night night ",22,hmm well night night,0
ham,Just wanted to say holy shit you guys weren't kidding about this bud,68,want say holi shit guy kid bud,0
ham,"Just gettin a bit arty with my collages at the mo, well tryin 2 ne way! Got a roast in a min lovely i shall enjoy that!",119,gettin bit arti collag mo well tryin ne way got roast min love shall enjoy,0
ham,"This is one of the days you have a billion classes, right?",58,one day billion class right,0
ham,"Goodmorning, today i am late for 2hrs. Because of back pain.",60,goodmorn today late back pain,0
ham,Ok then i'll let him noe later n ask him call u tmr...,54,ok let noe later n ask call tmr,0
ham,OK i'm waliking ard now... Do u wan me 2 buy anything go ur house?,66,ok walik ard wan buy anyth go ur hous,0
ham,* Will have two more cartons off u and is very pleased with shelves,67,two carton pleas shelv,0
ham,Nice talking to you! please dont forget my pix :) i want to see all of you...,77,nice talk pleas dont forget pix want see,0
spam,You have WON a guaranteed å£1000 cash or a å£2000 prize. To claim yr prize call our customer service representative on 08714712379 between 10am-7pm Cost 10p,156,guarante $$$ cash $$$ prize claim yr prize call custom servic repres cost,1
ham,But really quite funny lor wat... Then u shd haf run shorter distance wat...,76,realli quit funni lor wat shd haf run shorter distanc wat,0
ham,I notice you like looking in the shit mirror youre turning into a right freak,77,notic like look shit mirror your turn right freak,0
ham,Great. I was getting worried about you. Just know that a wonderful and caring person like you will have only the best in life. Know that u r wonderful and God's love is yours.,175,great get worri know wonder care person like best life know r wonder god love,0
spam,"Thanks for your ringtone order, ref number K718. Your mobile will be charged å£4.50. Should your tone not arrive please call customer services on 09065069120",157,thank rington order ref number mobil charg $$$ tone arriv pleas call custom servic,1
ham,"I prefer my free days... Tues, wed, fri oso can... ÌÏ ask those workin lor...",77,prefer free day tue wed fri oso iï ask workin lor,0
ham,Alrite jod hows the revision goin? Keris bin doin a smidgin. N e way u wanna cum over after college?xx,102,alrit jod how revis goin keri bin doin smidgin n e way wanna cum colleg xx,0
ham,If you have belive me. Come to my home.,39,beliv come home,0
ham,Oh k.k..where did you take test?,32,oh k k take test,0
ham,Those were my exact intentions,30,exact intent,0
ham,haha but no money leh... Later got to go for tuition... Haha and looking for empty slots for driving lessons,108,haha money leh later got go tuition haha look empti slot drive lesson,0
ham,"Hey... Thk we juz go accordin to wat we discussed yest lor, except no kb on sun... Cos there's nt much lesson to go if we attend kb on sat...",141,hey thk juz go accordin wat discuss yest lor except kb sun cos nt much lesson go attend kb sat,0
ham,"K, wen ur free come to my home and also tel vikky i hav sent mail to him also.. Better come evening il be free today aftr 6pm..:-)",130,k wen ur free come home also tel vikki hav sent mail also better come even il free today aftr,0
ham,Nothing just getting msgs by dis name wit different no's..,58,noth get msgs dis name wit differ,0
ham,What's your room number again? Wanna make sure I'm knocking on the right door,77,room number wanna make sure knock right door,0
ham,\Si.como no?!listened2the plaid album-quite gd&the new air1 which is hilarious-also boughtåÓbraindanceåÓa comp.ofstuff on aphexåÕs ;abel,136,http plaid album quit gd new hilari also boughtåóbraindanceåóa comp ofstuff aphex abel,0
ham,Pls tell nelson that the bb's are no longer comin. The money i was expecting aint coming,88,pls tell nelson bb longer comin money expect aint come,0
ham,"Give her something to drink, if she takes it and doesn't vomit then you her temp might drop. If she unmits however let me know.",127,give someth drink take vomit temp might drop unmit howev let know,0
ham,Think you sent the text to the home phone. That cant display texts. If you still want to send it his number is,110,think sent text home phone cant display text still want send number,0
ham,Every day i use to sleep after  &lt;#&gt;  so only.,51,everi day use sleep,0
ham,K I'll call you when I'm close,30,k call close,0
ham,U buy newspapers already?,25,buy newspap alreadi,0
ham,Nope wif my sis lor... Aft bathing my dog then i can bathe... Looks like it's going 2 rain soon.,96,nope wif sis lor aft bath dog bath look like go rain soon,0
ham,Boo I'm on my way to my moms. She's making tortilla soup. Yummmm,64,boo way mom make tortilla soup yummmm,0
ham,No management puzzeles.,23,manag puzzel,0
ham,How did you find out in a way that didn't include all of these details,70,find way includ detail,0
spam,"Hi ya babe x u 4goten bout me?' scammers getting smart..Though this is a regular vodafone no, if you respond you get further prem rate msg/subscription. Other nos used also. Beware!",181,hi ya babe x bout scammer get smart though regular vodafon respond get prem rate msg subscript nos use also bewar,1
spam,Back 2 work 2morro half term over! Can U C me 2nite 4 some sexy passion B4 I have 2 go back? Chat NOW 09099726481 Luv DENA Calls å£1/minMobsmoreLKPOBOX177HP51FL,160,back work half term sexi passion go back chat luv dena call $$$,1
ham,will you like to be spoiled? :),31,like spoil,0
spam,"Thanks for your ringtone order, ref number R836. Your mobile will be charged å£4.50. Should your tone not arrive please call customer services on 09065069154",157,thank rington order ref number mobil charg $$$ tone arriv pleas call custom servic,1
ham,I am getting threats from your sales executive Shifad as i raised complaint against him. Its an official message.,113,get threat sale execut shifad rais complaint offici messag,0
ham,hope things went well at 'doctors' ;) reminds me i still need 2go.did u c d little thing i left in the lounge?,110,hope thing went well doctor remind still need littl thing left loung,0
ham,Den wat will e schedule b lk on sun?,36,den wat e schedul b lk sun,0
ham,Lol enjoy role playing much?,28,lol enjoy role play much,0
ham,Ok. Me watching tv too.,23,ok watch tv,0
ham,I just lov this line: \Hurt me with the truth,45,lov line hurt truth,0
ham,"Just checked out, heading out to drop off my stuff now",54,check head drop stuff,0
ham,Here got lots of hair dresser fr china.,39,got lot hair dresser fr china,0
ham,Sad story of a Man - Last week was my b'day. My Wife did'nt wish me. My Parents forgot n so did my Kids . I went to work. Even my Colleagues did not wish.,154,sad stori man last week b day wife nt wish parent forgot n kid went work even colleagu wish,0
ham,Ill call you evening ill some ideas.,36,ill call even ill idea,0
spam,SplashMobile: Choose from 1000s of gr8 tones each wk! This is a subscrition service with weekly tones costing 300p. U have one credit - kick back and ENJOY,155,splashmobil choos tone wk subscrit servic week tone cost one credit kick back enjoy,1
ham,Did you show him and wot did he say or could u not c him 4 dust?,64,show wot say could dust,0
ham,It should take about  &lt;#&gt;  min,36,take min,0
spam,Not heard from U4 a while. Call 4 rude chat private line 01223585334 to cum. Wan 2C pics of me gettin shagged then text PIX to 8552. 2End send STOP 8552 SAM xxx,160,heard call rude chat privat line cum wan pic gettin shag text pix send stop sam xxx,1
spam,<Forwarded from 88877>FREE entry into our å£250 weekly comp just send the word ENTER to 88877 NOW. 18 T&C www.textcomp.com,122,free entri $$$ week comp send word enter http,1
ham,Finish liao... U?,17,finish liao,0
spam,88066 FROM 88066 LOST 3POUND HELP,33,lost help,1
ham,Haha i think i did too,22,haha think,0
ham,U know we watchin at lido?,26,know watchin lido,0
ham,Life spend with someone for a lifetime may be meaningless but a few moments spent with someone who really love you means more than life itself..,144,life spend someon lifetim may meaningless moment spent someon realli love mean life,0
ham,"Haha awesome, I've been to 4u a couple times. Who all's coming?",63,haha awesom coupl time come,0
ham,Cold. Dont be sad dear,22,cold dont sad dear,0
ham,Think I could stop by in like an hour or so? My roommate's looking to stock up for a trip,89,think could stop like hour roommat look stock trip,0
ham,Is that on the telly? No its Brdget Jones!,42,telli brdget jone,0
ham,Hello! How r u? Im bored. Inever thought id get bored with the tv but I am. Tell me something exciting has happened there? Anything! =/,135,hello r bore inev thought id get bore tv tell someth excit happen anyth,0
ham,Hmm...Bad news...Hype park plaza $700 studio taken...Only left 2 bedrm-$900...,78,hmm bad news hype park plaza $$$ studio taken left bedrm $$$,0
ham,"Sorry, I'll call later in meeting",33,sorri call later meet,0
ham,R Ì_ comin back for dinner?,27,r comin back dinner,0
ham,"I hav almost reached. Call, i m unable to connect u.",52,hav almost reach call unabl connect,0
ham,Whom you waited for yesterday,29,wait yesterday,0
ham,I reach home safe n sound liao...,33,reach home safe n sound liao,0
ham,"Velly good, yes please!",23,velli good yes pleas,0
ham,"Hi, wkend ok but journey terrible. Wk not good as have huge back log of marking to do",85,hi wkend ok journey terribl wk good huge back log mark,0
ham,I have had two more letters from . I will copy them for you cos one has a message for you. Speak soon,101,two letter copi cos one messag speak soon,0
ham,Alex knows a guy who sells mids but he's down in south tampa and I don't think I could set it up before like 8,110,alex know guy sell mid south tampa think could set like,0
ham,Dont you have message offer,27,dont messag offer,0
spam,Had your mobile 11mths ? Update for FREE to Oranges latest colour camera mobiles & unlimited weekend calls. Call Mobile Upd8 on freefone 08000839402 or 2StopTx,159,mobil updat free orang latest colour camera mobil unlimit weekend call call mobil freefon,1
ham,"HEY THERE BABE, HOW U DOIN? WOT U UP 2 2NITE LOVE ANNIE X.",58,hey babe doin wot love anni x,0
ham,Remind me how to get there and I shall do so,44,remind get shall,0
ham,:-( that's not v romantic!,26,v romant,0
ham,Hello. Damn this christmas thing. I think i have decided to keep this mp3 that doesnt work.,91,hello damn christma thing think decid keep doesnt work,0
spam,You have 1 new message. Please call 08718738034.,48,new messag pleas call,1
ham,HI DARLIN IM MISSIN U HOPE YOU ARE HAVING A GOOD TIME. WHEN ARE U BACK AND WHAT TIME IF U CAN GIVE ME A CALL AT HOME. JESS XX,125,hi darlin missin hope good time back time give call home jess xx,0
spam,<Forwarded from 21870000>Hi - this is your Mailbox Messaging SMS alert. You have 4 messages. You have 21 matches. Please call back on 09056242159 to retrieve your messages and matches,183,hi mailbox messag sms alert messag match pleas call back retriev messag match,1
ham,Draw va?i dont think so:),25,draw va dont think,0
ham,Dont pick up d call when something important is There to tell. Hrishi,69,dont pick call someth import tell hrishi,0
ham,Nothin comes to my mind. ÌÏ help me buy hanger lor. Ur laptop not heavy?,72,nothin come mind iï help buy hanger lor ur laptop heavi,0
ham,"&lt;#&gt; , that's all? Guess that's easy enough",48,guess easi enough,0
ham,We can make a baby in yo tho,28,make babi yo tho,0
ham,Should I tell my friend not to come round til like  &lt;#&gt; ish?,66,tell friend come round til like ish,0
ham,Friendship poem: Dear O Dear U R Not Near But I Can Hear Dont Get Fear Live With Cheer No More Tear U R Always my Dear. Gud ni8,127,friendship poem dear dear r near hear dont get fear live cheer tear r alway dear gud,0
ham,Still in the area of the restaurant. Ill try to come back soon,62,still area restaur ill tri come back soon,0
ham,"Aight that'll work, thanks",26,aight work thank,0
spam,Moby Pub Quiz.Win a å£100 High Street prize if u know who the new Duchess of Cornwall will be? Txt her first name to 82277.unsub STOP å£1.50 008704050406 SP Arrow,162,mobi pub quiz win $$$ high street prize know new duchess cornwal txt first name unsub stop $$$ sp arrow,1
ham,"I have 2 sleeping bags, 1 blanket and paper and  phone details. Anything else?",78,sleep bag blanket paper phone detail anyth els,0
spam,You have won a Nokia 7250i. This is what you get when you win our FREE auction. To take part send Nokia to 86021 now. HG/Suite342/2Lands Row/W1JHL 16+ ,151,nokia get win free auction take part send nokia hg row,1
spam,"Congratulations! Thanks to a good friend U have WON the å£2,000 Xmas prize. 2 claim is easy, just call 08718726971 NOW! Only 10p per minute. BT-national-rate.",158,congratul thank good friend $$$ xmas prize claim easi call per minut bt nation rate,1
spam,"tddnewsletter@emc1.co.uk (More games from TheDailyDraw) Dear Helen, Dozens of Free Games - with great prizesWith..",114,tddnewslett co uk game thedailydraw dear helen dozen free game great prizeswith,1
ham,So what do you guys do.,23,guy,0
ham,Also that chat was awesome but don't make it regular unless you can see her in person,85,also chat awesom make regular unless see person,0
ham,That's significant but dont worry.,34,signific dont worri,0
ham,That's cause your old. I live to be high.,41,caus old live high,0
ham,"Waqt se pehle or naseeb se zyada kisi ko kuch nahi milta,Zindgi wo nahi he jo hum sochte hai Zindgi wo hai jo ham jeetey hai..........",134,waqt se pehl naseeb se zyada kisi ko kuch nahi milta zindgi wo nahi jo hum socht hai zindgi wo hai jo ham jeetey hai,0
ham,On the way to office da..,25,way offic da,0
ham,In which place do you want da.,30,place want da,0
ham,This pain couldn't have come at a worse time.,45,pain come wors time,0
ham,Should I be stalking u?,23,stalk,0
ham,Sorry dude. Dont know how i forgot. Even after Dan reminded me. Sorry. Hope you guys had fun.,93,sorri dude dont know forgot even dan remind sorri hope guy fun,0
ham,Ok lor.,7,ok lor,0
ham,Apps class varaya elaya.,24,app class varaya elaya,0
spam,"URGENT! Your mobile number *************** WON a å£2000 Bonus Caller prize on 10/06/03! This is the 2nd attempt to reach you! Call 09066368753 ASAP! Box 97N7QP, 150ppm",167,urgent mobil number $$$ bonus caller prize attempt reach call asap box,1
ham,That day you asked about anand number. Why:-),45,day ask anand number,0
ham,Am surfing online store. For offers do you want to buy any thing.,65,surf onlin store offer want buy thing,0
ham,Long beach lor. Expected... U having dinner now?,48,long beach lor expect dinner,0
ham,At home by the way,18,home way,0
ham,We are both fine. Thanks,24,fine thank,0
ham,What happen to her tell the truth,33,happen tell truth,0
ham,Do you like Italian food?,25,like italian food,0
ham,Which is weird because I know I had it at one point,51,weird know one point,0
ham,"\Aww you must be nearly dead!Well Jez isComing over toDo some workAnd that whillTake forever!\""""",96,aww must near dead well jez iscom todo workand whilltak forev,0
ham,Tell your friends what you plan to do on Valentines day @ &lt;URL&gt;,69,tell friend plan valentin day,0
ham,"Alright, see you in a bit",25,alright see bit,0
ham,Cheers for the message Zogtorius. IåÕve been staring at my phone for an age deciding whether to text or not.,108,cheer messag zogtorius stare phone age decid whether text,0
ham,I will take care of financial problem.i will help:),51,take care financi problem help,0
ham,Tell dear what happen to you. Why you talking to me like an alian,65,tell dear happen talk like alian,0
spam,Double your mins & txts on Orange or 1/2 price linerental - Motorola and SonyEricsson with B/Tooth FREE-Nokia FREE Call MobileUpd8 on 08000839402 or2optout/HV9D,160,doubl min txts orang price linerent motorola sonyericsson b tooth free nokia free call,1
ham,"Hi this is yijue, can i meet u at 11 tmr?",41,hi yiju meet tmr,0
ham,Its posible dnt live in  &lt;#&gt; century cm frwd n thnk different,67,posibl dnt live centuri cm frwd n thnk differ,0
ham,But i dint slept in afternoon.,30,dint slept afternoon,0
ham,That seems unnecessarily affectionate,37,seem unnecessarili affection,0
ham,Yar else i'll thk of all sorts of funny things.,47,yar els thk sort funni thing,0
spam,"Download as many ringtones as u like no restrictions, 1000s 2 choose. U can even send 2 yr buddys. Txt Sir to 80082 å£3 ",120,download mani rington like restrict choos even send yr buddi txt sir $$$,1
ham,Thats cool. How was your day?,29,that cool day,0
spam,Please CALL 08712402902 immediately as there is an urgent message waiting for you.,82,pleas call immedi urgent messag wait,1
ham,R we going with the  &lt;#&gt;  bus?,36,r go bus,0
ham,"Hello, my love ! How went your day ? Are you alright ? I think of you, my sweet and send a jolt to your heart to remind you ... I LOVE YOU! Can you hear it ? I screamed it across the sea for all the world to hear. Ahmad al Hallaq is loved ! and owned ! *possessive passionate kiss*",281,hello love went day alright think sweet send jolt heart remind love hear scream across sea world hear ahmad al hallaq love own possess passion kiss,0
ham,No..he joined today itself.,27,join today,0
ham,Okay same with me. Well thanks for the clarification,52,okay well thank clarif,0
ham,I'll talk to the others and probably just come early tomorrow then,66,talk other probabl come earli tomorrow,0
spam,"Spook up your mob with a Halloween collection of a logo & pic message plus a free eerie tone, txt CARD SPOOK to 8007 zed 08701417012150p per logo/pic",149,spook mob halloween collect logo pic messag plus free eeri tone txt card spook zed per logo pic,1
ham,"Had the money issue weigh me down but thanks to you, I can breathe easier now. I.ll make sure you dont regret it. Thanks.",121,money issu weigh thank breath easier make sure dont regret thank,0
ham,Hi. I'm sorry i missed your call. Can you pls call back.,56,hi sorri miss call pls call back,0
spam,"Fantasy Football is back on your TV. Go to Sky Gamestar on Sky Active and play å£250k Dream Team. Scoring starts on Saturday, so register now!SKY OPT OUT to 88088",162,fantasi footbal back tv go sky gamestar sky activ play $$$ dream team score start saturday regist sky opt,1
ham,Ok then no need to tell me anything i am going to sleep good night,66,ok need tell anyth go sleep good night,0
ham,Ok try to do week end course in coimbatore.,43,ok tri week end cours coimbator,0
spam,Tone Club: Your subs has now expired 2 re-sub reply MONOC 4 monos or POLYC 4 polys 1 weekly @ 150p per week Txt STOP 2 stop This msg free Stream 0871212025016,158,tone club sub expir sub repli monoc mono polyc poli week per week txt stop stop msg free stream,1
ham,V nice! Off 2 sheffield tom 2 air my opinions on categories 2 b used 2 measure ethnicity in next census. Busy transcribing. :-),127,v nice sheffield tom air opinion categori b use measur ethnic next census busi transcrib,0
ham,If you r @ home then come down within 5 min,43,r home come within min,0
ham,"A Boy loved a gal. He propsd bt she didnt mind. He gv lv lttrs, Bt her frnds threw thm. Again d boy decided 2 aproach d gal , dt time a truck was speeding towards d gal. Wn it was about 2 hit d girl,d boy ran like hell n saved her. She asked 'hw cn u run so fast?' D boy replied \Boost is d secret of my energy\"" n instantly d girl shouted \""our energy\"" n Thy lived happily 2gthr drinking boost evrydy Moral of d story:- I hv free msgs:D;): gud ni8""",450,boy love gal propsd bt didnt mind gv lv lttrs bt frnds threw thm boy decid aproach gal dt time truck speed toward gal wn hit girl boy ran like hell n save ask hw cn run fast boy repli boost secret energi n instant girl shout energi n thi live happili drink boost evrydi moral stori hv free msgs gud,0
ham,"That day Ì_ say Ì_ cut ur hair at paragon, is it called hair sense? Do Ì_ noe how much is a hair cut? ",102,day say cut ur hair paragon call hair sens noe much hair cut,0
ham,"Hmm, too many of them unfortunately... Pics obviously arent hot cakes. Its kinda fun tho",88,hmm mani unfortun pic obvious arent hot cake kinda fun tho,0
ham,Watching tv lor... Y she so funny we bluff her 4 wat. Izzit because she thk it's impossible between us?,103,watch tv lor funni bluff wat izzit thk imposs us,0
spam,XMAS Prize draws! We are trying to contact U. Todays draw shows that you have won a å£2000 prize GUARANTEED. Call 09058094565 from land line. Valid 12hrs only,158,xmas prize draw tri contact today draw show $$$ prize guarante call land line valid,1
ham,Dunno lei he neva say...,24,dunno lei neva say,0
ham,Thanx 4 2day! U r a goodmate I THINK UR RITE SARY! ASUSUAL!1 U CHEERED ME UP! LOVE U FRANYxxxxx,95,thanx r goodmat think ur rite sari asusu cheer love franyxxxxx,0
ham,I'm on my way home. Went to change batt 4 my watch then go shop a bit lor.,74,way home went chang batt watch go shop bit lor,0
spam,YES! The only place in town to meet exciting adult singles is now in the UK. Txt CHAT to 86688 now! 150p/Msg.,109,yes place town meet excit adult singl uk txt chat msg,1
ham,"Hi, Mobile no.  &lt;#&gt;  has added you in their contact list on www.fullonsms.com It s a great place to send free sms to people For more visit fullonsms.com",158,hi mobil ad contact list http great place send free sms peopl visit http,0
ham,"Good evening Sir, hope you are having a nice day. I wanted to bring it to your notice that I have been late in paying rent for the past few months and have had to pay a $ &lt;#&gt;  charge. I felt it would be inconsiderate of me to nag about something you give at great cost to yourself and that's why i didnt speak up. I however am in a recession and wont be able to pay the charge this month hence my askin well ahead of month's end. Can you please help. Thank you for everything.",482,good even sir hope nice day want bring notic late pay rent past month pay $$$ charg felt would inconsider nag someth give great cost didnt speak howev recess wont abl pay charg month henc askin well ahead month end pleas help thank everyth,0
ham,"If i let you do this, i want you in the house by 8am.",53,let want hous,0
ham,"Best line said in Love: . \I will wait till the day I can forget u Or The day u realize that u cannot forget me.\""... Gn""",121,best line said love wait till day forget day realiz cannot forget gn,0
ham,I will reach before ten morning,31,reach ten morn,0
ham,Your pussy is perfect!,22,pussi perfect,0
spam,"Someone has contacted our dating service and entered your phone becausethey fancy you! To find out who it is call from a landline 09058098002. PoBox1, W14RG 150p",161,someon contact date servic enter phone becausethey fanci find call landlin,1
ham,No message..no responce..what happend?,38,messag responc happend,0
ham,Also where's the piece,22,also piec,0
ham,"wiskey Brandy Rum Gin Beer Vodka Scotch Shampain Wine \KUDI\""yarasu dhina vaazhthukkal. ..""",91,wiskey brandi rum gin beer vodka scotch shampain wine kudi yarasu dhina vaazhthukk,0
ham,Boo. How's things? I'm back at home and a little bored already :-(,66,boo thing back home littl bore alreadi,0
ham,First has she gained more than  &lt;#&gt; kg since she took in. Second has she done the blood sugar tests. If she has and its ok and her blood pressure is within normal limits then no worries,191,first gain kg sinc took second done blood sugar test ok blood pressur within normal limit worri,0
ham,PICK UR FONE UP NOW U DUMB?,27,pick ur fone dumb,0
ham,"Thanks da thangam, i feel very very happy dear. I also miss you da.",67,thank da thangam feel happi dear also miss da,0
ham,"Okey doke. I'm at home, but not dressed cos laying around ill! Speak to you later bout times and stuff. ",104,okey doke home dress cos lay around ill speak later bout time stuff,0
ham,I don't run away frm u... I walk slowly &amp; it kills me that u don't care enough to stop me...,96,run away frm walk slowli kill care enough stop,0
ham,"Babe, I'm back ... Come back to me ...",38,babe back come back,0
ham,Well you told others you'd marry them...,40,well told other marri,0
ham,Neshanth..tel me who r u?,25,neshanth tel r,0
ham,YO YO YO BYATCH WHASSUP?,24,yo yo yo byatch whassup,0
ham,Oh... Kay... On sat right?,26,oh kay sat right,0
ham,Hi! This is Roger from CL. How are you?,39,hi roger cl,0
spam,Babe: U want me dont u baby! Im nasty and have a thing 4 filthyguys. Fancy a rude time with a sexy bitch. How about we go slo n hard! Txt XXX SLO(4msgs),152,babe want dont babi nasti thing filthyguy fanci rude time sexi bitch go slo n hard txt xxx slo,1
ham,Oh oh... Wasted... Den muz chiong on sat n sun liao...,54,oh oh wast den muz chiong sat n sun liao,0
ham,Jesus christ bitch I'm trying to give you drugs answer your fucking phone,73,jesus christ bitch tri give drug answer fuck phone,0
ham,Please give it 2  or i will pick it up on Tuesday evening about 8 if that is ok.,80,pleas give pick tuesday even ok,0
ham,I'm meeting Darren...,21,meet darren,0
ham,One of best dialogue in cute reltnship..!! \Wen i Die,53,one best dialogu cute reltnship wen die,0
ham,"Solve d Case : A Man Was Found Murdered On  &lt;DECIMAL&gt; . &lt;#&gt;  AfterNoon. 1,His wife called Police. 2,Police questioned everyone. 3,Wife: Sir,I was sleeping, when the murder took place. 4.Cook: I was cooking. 5.Gardener: I was picking vegetables. 6.House-Maid: I went 2 d post office. 7.Children: We went 2 play. 8.Neighbour: We went 2 a marriage. Police arrested d murderer Immediately. Who's It? Reply With Reason, If U r Brilliant.",444,solv case man found murder afternoon wife call polic polic question everyon wife sir sleep murder took place cook cook garden pick veget hous maid went post offic children went play neighbour went marriag polic arrest murder immedi repli reason r brilliant,0
ham,Dear where you will be when i reach there,41,dear reach,0
ham,Aww that's the first time u said u missed me without asking if I missed u first. You DO love me! :),99,aww first time said miss without ask miss first love,0
ham,Ok... Thanx... Gd nite 2 Ì_ too...,34,ok thanx gd nite,0
ham,"Come to me right now, Ahmad",27,come right ahmad,0
ham,Lol please do. Actually send a pic of yourself right now. I wanna see. Pose with a comb and hair dryer or something.,116,lol pleas actual send pic right wanna see pose comb hair dryer someth,0
ham,O was not into fps then.,24,fps,0
ham,Huh means computational science... Y they like dat one push here n there...,75,huh mean comput scienc like dat one push n,0
ham,"Could you not read me, my Love ? I answered you",47,could read love answer,0
ham,Oh... Lk tt den we take e one tt ends at cine lor... Dun wan yogasana oso can... ,81,oh lk tt den take e one tt end cine lor dun wan yogasana oso,0
ham,"Madam,regret disturbance.might receive a reference check from DLF Premarica.kindly be informed.Rgds,Rakhesh,Kerala.",115,madam regret disturb might receiv refer check dlf premarica kind inform rgds rakhesh kerala,0
spam,SMS SERVICES For your inclusive text credits pls gotto www.comuk.net login 3qxj9 unsubscribe with STOP no extra charge help 08702840625 comuk.220cm2 9AE,152,sms servic inclus text credit pls gotto http login unsubscrib stop extra charg help comuk,1
ham,Oic... Then better quickly go bathe n settle down...,52,oic better quick go bath n settl,0
ham,Err... Cud do. I'm going to  at 8pm. I haven't got a way to contact him until then.,83,err cud go got way contact,0
ham,A bloo bloo bloo I'll miss the first bowl,41,bloo bloo bloo miss first bowl,0
ham,Lmao but its so fun...,22,lmao fun,0
ham,Oh k k:)but he is not a big hitter.anyway good,46,oh k k big hitter anyway good,0
ham,Hey!!! I almost forgot ... Happy B-day babe ! I love ya!!,57,hey almost forgot happi b day babe love ya,0
spam,Valentines Day Special! Win over å£1000 in our quiz and take your partner on the trip of a lifetime! Send GO to 83600 now. 150p/msg rcvd. CustCare:08718720201,158,valentin day special win $$$ quiz take partner trip lifetim send go msg rcvd custcar,1
ham,Do you think i can move  &lt;#&gt;  in a week,45,think move week,0
ham,She.s find. I sent you an offline message to know how anjola's now.,67,find sent offlin messag know anjola,0
spam,Guess who am I?This is the first time I created a web page WWW.ASJESUS.COM read all I wrote. I'm waiting for your opinions. I want to be your friend 1/1,152,guess first time creat web page http read wrote wait opinion want friend,1
ham,How was txting and driving,26,txting drive,0
ham,That's good. Lets thank God. Please complete the drug. Have lots of water. And have a beautiful day.,100,good let thank god pleas complet drug lot water beauti day,0
ham,Really dun bluff me leh... U sleep early too. Nite...,53,realli dun bluff leh sleep earli nite,0
ham,"Indians r poor but India is not a poor country. Says one of the swiss bank directors. He says that \ &lt;#&gt;  lac crore\"" of Indian money is deposited in swiss banks which can be used for 'taxless' budget for  &lt;#&gt;  yrs. Can give  &lt;#&gt;  crore jobs to all Indians. From any village to Delhi 4 lane roads. Forever free power suply to more than  &lt;#&gt;  social projects. Every citizen can get monthly  &lt;#&gt; /- for  &lt;#&gt;  yrs. No need of World Bank &amp; IMF loan. Think how our money is blocked by rich politicians. We have full rights against corrupt politicians. Itna forward karo ki pura INDIA padhe.g.m.\""""",632,indian r poor india poor countri say one swiss bank director say lac crore indian money deposit swiss bank use taxless budget yrs give crore job indian villag delhi lane road forev free power supli social project everi citizen get month yrs need world bank imf loan think money block rich politician full right corrupt politician itna forward karo ki pura india padh g,0
ham,Uncle boye. I need movies oh. Guide me. Plus you know torrents are not particularly legal here. And the system is slowing down. What should i do. Have a gr8 day. Plus have you started cos i dont meet you online. How was the honey moon.,235,uncl boy need movi oh guid plus know torrent particular legal system slow day plus start cos dont meet onlin honey moon,0
ham,Oh ya ya. I remember da. .,26,oh ya ya rememb da,0
ham,Btw regarding that we should really try to see if anyone else can be our 4th guy before we commit to a random dude,114,btw regard realli tri see anyon els guy commit random dude,0
spam,"For ur chance to win å£250 cash every wk TXT: PLAY to 83370. T's&C's www.music-trivia.net custcare 08715705022, 1x150p/wk.",122,ur chanc win $$$ cash everi wk txt play http custcar wk,1
ham,I not busy juz dun wan 2 go so early.. Hee.. ,45,busi juz dun wan go earli hee,0
ham,Rightio. 11.48 it is then. Well arent we all up bright and early this morning.,78,rightio well arent bright earli morn,0
ham,"Great. I'm in church now, will holla when i get out",51,great church holla get,0
ham,Back in brum! Thanks for putting us up and keeping us all and happy. See you soon ,82,back brum thank put us keep us happi see soon,0
ham,I donno if they are scorable,28,donno scorabl,0
ham,&lt;#&gt;  great loxahatchee xmas tree burning update: you can totally see stars here,85,great loxahatche xmas tree burn updat total see star,0
ham,"Yes but i dont care! I need you bad, princess!",46,yes dont care need bad princess,0
ham,"The guy (kadeem) hasn't been selling since the break, I know one other guy but he's paranoid as fuck and doesn't like selling without me there and I can't be up there til late tonight",183,guy kadeem sell sinc break know one guy paranoid fuck like sell without til late tonight,0
ham,Tmr then Ì_ brin lar... Aiya later i come n c lar... Mayb Ì_ neva set properly Ì_ got da help sheet wif Ì_...,109,tmr brin lar aiya later come n lar mayb neva set proper got da help sheet wif,0
ham,Do u knw dis no. &lt;#&gt; ?,28,knw dis,0
ham,Then she dun believe wat?,25,dun believ wat,0
ham,K..give back my thanks.,23,k give back thank,0
ham,I know complain num only..bettr directly go to bsnl offc nd apply for it..,74,know complain num bettr direct go bsnl offc nd appli,0
ham,Okay. I've seen it. So i should pick it on friday?,50,okay seen pick friday,0
ham,How much she payed. Suganya.,28,much pay suganya,0
ham,Left dessert. U wan me 2 go suntec look 4 u?,44,left dessert wan go suntec look,0
ham,"Abeg, make profit. But its a start. Are you using it to get sponsors for the next event?",88,abeg make profit start use get sponsor next event,0
ham,Onum ela pa. Normal than.,25,onum ela pa normal,0
ham,K.k..how is your sister kids?,29,k k sister kid,0
ham,"Cool, I'll text you when I'm on the way",39,cool text way,0
ham,Nope. Meanwhile she talk say make i greet you.,46,nope meanwhil talk say make greet,0
ham,i cant talk to you now.i will call when i can.dont keep calling.,64,cant talk call dont keep call,0
ham,Anything lar...,15,anyth lar,0
ham,"Rose needs water, season needs change, poet needs imagination..My phone needs ur sms and i need ur lovely frndship forever....",126,rose need water season need chang poet need imagin phone need ur sms need ur love frndship forev,0
ham,"Good afternoon, babe. How goes that day ? Any job prospects yet ? I miss you, my love ... *sighs* ... :-(",105,good afternoon babe goe day job prospect yet miss love sigh,0
ham,They will pick up and drop in car.so no problem..,49,pick drop car problem,0
ham,S.i think he is waste for rr..,30,think wast rr,0
ham,He is world famamus....,23,world famamus,0
ham,Is there coming friday is leave for pongal?do you get any news from your work place.,84,come friday leav pongal get news work place,0
ham,Lol well don't do it without me. We could have a big sale together.,67,lol well without could big sale togeth,0
ham,* Am on my way,14,way,0
ham,Eat at old airport road... But now 630 oredi... Got a lot of pple...,68,eat old airport road oredi got lot pple,0
ham,"sry can't talk on phone, with parents",37,sri talk phone parent,0
ham,Ok lor wat time Ì_ finish?,26,ok lor wat time finish,0
ham,"Princess, i like to make love  &lt;#&gt;  times per night. Hope thats not a problem!",84,princess like make love time per night hope that problem,0
ham,Mm i am on the way to railway,29,mm way railway,0
ham,"I'm done. I'm sorry. I hope your next space gives you everything you want. Remember all the furniture is yours. If i'm not around when you move it, just lock all the locks and leave the key with jenne.",201,done sorri hope next space give everyth want rememb furnitur around move lock lock leav key jenn,0
ham,Not yet. Just i'd like to keep in touch and it will be the easiest way to do that from barcelona. By the way how ru and how is the house?,137,yet like keep touch easiest way barcelona way ru hous,0
spam,"Sppok up ur mob with a Halloween collection of nokia logo&pic message plus a FREE eerie tone, txt CARD SPOOK to 8007",116,sppok ur mob halloween collect nokia logo pic messag plus free eeri tone txt card spook,1
spam,"Urgent! call 09066612661 from landline. Your complementary 4* Tenerife Holiday or å£10,000 cash await collection SAE T&Cs PO Box 3 WA14 2PX 150ppm 18+ Sender: Hol Offer",168,urgent call landlin complementari tenerif holiday $$$ cash await collect sae cs po box sender hol offer,1
ham,K.:)do it at evening da:)urgent:),33,k even da urgent,0
ham,Pansy! You've been living in a jungle for two years! Its my driving you should be more worried about!,101,pansi live jungl two year drive worri,0
ham,Mm have some kanji dont eat anything heavy ok,45,mm kanji dont eat anyth heavi ok,0
ham,Only if you promise your getting out as SOON as you can. And you'll text me in the morning to let me know you made it in ok.,124,promis get soon text morn let know made ok,0
ham,Lol that's different. I don't go trying to find every real life photo you ever took.,84,lol differ go tri find everi real life photo ever took,0
ham,I dont thnk its a wrong calling between us,42,dont thnk wrong call us,0
ham,K ill drink.pa then what doing. I need srs model pls send it to my mail id pa.,78,k ill drink pa need srs model pls send mail id pa,0
ham,Aiyah e rain like quite big leh. If drizzling i can at least run home.,70,aiyah e rain like quit big leh drizzl least run home,0
ham,I have 2 docs appointments next week.:/ I'm tired of them shoving stuff up me. Ugh why couldn't I have had a normal body?,121,doc appoint next week tire shove stuff ugh normal bodi,0
ham,Dun b sad.. It's over.. Dun thk abt it already. Concentrate on ur other papers k.,81,dun b sad dun thk abt alreadi concentr ur paper k,0
ham,"Greetings me, ! Consider yourself excused.",42,greet consid excus,0
ham,No drama Pls.i have had enough from you and family while i am struggling in the hot sun in a strange place.No reason why there should be an ego of not going 'IF NOT INVITED' when actually its necessity to go.wait for very serious reppurcussions.,245,drama pls enough famili struggl hot sun strang place reason ego go invit actual necess go wait serious reppurcuss,0
ham,they released another Italian one today and it has a cosign option,66,releas anoth italian one today cosign option,0
ham,"You at mu? You should try to figure out how much money everyone has for gas and alcohol, jay and I are trying to figure out our weed budget",139,mu tri figur much money everyon gas alcohol jay tri figur weed budget,0
spam,WINNER! As a valued network customer you hvae been selected to receive a å£900 reward! To collect call 09061701444. Valid 24 hours only. ACL03530150PM,150,winner valu network custom hvae select receiv $$$ reward collect call valid hour,1
ham,HCL chennai requires FRESHERS for voice process.Excellent english needed.Salary upto  &lt;#&gt; .Call Ms.Suman  &lt;#&gt;  for Telephonic interview -via Indyarocks.com,167,hcl chennai requir fresher voic process excel english need salari upto call ms suman telephon interview via http,0
ham,Dai what this da.. Can i send my resume to this id.,51,dai da send resum id,0
ham,"I know where the  &lt;#&gt;  is, I'll be there around 5",55,know around,0
ham,Yup i've finished c Ì_ there...,31,yup finish,0
ham,Remember to ask alex about his pizza,36,rememb ask alex pizza,0
ham,No da..today also i forgot..,28,da today also forgot,0
ham,"Ola would get back to you maybe not today but I ve told him you can be his direct link in the US in getting cars he bids for online, you arrange shipping and you get a cut. Or U????? For a partnership where U????? Invest money for shipping and he takes care of the rest!U??Wud b self reliant soon dnt worry",306,ola would get back mayb today told direct link us get car bid onlin arrang ship get cut partnership invest money ship take care rest wud b self reliant soon dnt worri,0
ham,Fwiw the reason I'm only around when it's time to smoke is that because of gas I can only afford to be around when someone tells me to be and that apparently only happens when somebody wants to light up,202,fwiw reason around time smoke gas afford around someon tell appar happen somebodi want light,0
ham,"Hello, my boytoy! I made it home and my constant thought is of you, my love. I hope your having a nice visit but I can't wait till you come home to me ...*kiss*",160,hello boytoy made home constant thought love hope nice visit wait till come home kiss,0
ham,Congrats kano..whr s the treat maga?,36,congrat kano whr treat maga,0
ham,Who u talking about?,20,talk,0
ham,Yup...,6,yup,0
ham,"U wake up already? Wat u doing? U picking us up later rite? I'm taking sq825, reaching ard 7 smth 8 like dat. U can check e arrival time. C ya soon...",150,wake alreadi wat pick us later rite take reach ard smth like dat check e arriv time ya soon,0
ham,Yunny i'm walking in citylink now Ì_ faster come down... Me very hungry...,74,yunni walk citylink faster come hungri,0
ham,Er yep sure. Props?,19,er yep sure prop,0
ham,"Hiya , have u been paying money into my account? If so, thanks. Got a pleasant surprise when i checked my balance -u c, i don't get statements 4 that acc",153,hiya pay money account thank got pleasant surpris check balanc get statement acc,0
spam,U have won a nokia 6230 plus a free digital camera. This is what u get when u win our FREE auction. To take part send NOKIA to 83383 now. POBOX114/14TCR/W1 16,158,nokia plus free digit camera get win free auction take part send nokia,1
ham,Ok ill send you with in  &lt;DECIMAL&gt;  ok.,45,ok ill send ok,0
ham,Bognor it is! Should be splendid at this time of year.,54,bognor splendid time year,0
ham,Yes.i'm in office da:),22,yes offic da,0
ham,Ok. I only ask abt e movie. U wan ktv oso?,42,ok ask abt e movi wan ktv oso,0
ham,Misplaced your number and was sending texts to your old number. Wondering why i've not heard from you this year. All the best in your mcat. Got this number from my atlanta friends,179,misplac number send text old number wonder heard year best mcat got number atlanta friend,0
ham,Dunno lei... I might b eatin wif my frens... If Ì_ wan to eat then i wait 4 Ì_ lar,82,dunno lei might b eatin wif fren wan eat wait lar,0
spam,FREE entry into our å£250 weekly comp just send the word WIN to 80086 NOW. 18 T&C www.txttowin.co.uk,100,free entri $$$ week comp send word win http,1
ham,Do u noe how 2 send files between 2 computers?,46,noe send file comput,0
ham,"Mmmmm ... I loved waking to your words this morning ! I miss you too, my Love. I hope your day goes well and you are happy. I wait for us to be together again",158,mmmmm love wake word morn miss love hope day goe well happi wait us togeth,0
ham,jay says he'll put in  &lt;#&gt;,32,jay say put,0
ham,Can you just come in for a sec? There's somebody here I want you to see,71,come sec somebodi want see,0
ham,So the sun is anti sleep medicine.,34,sun anti sleep medicin,0
ham,What's happening with you. Have you gotten a job and have you begun registration for permanent residency,104,happen gotten job begun registr perman resid,0
ham,Yup ok...,9,yup ok,0
ham,Glad it went well :) come over at 11 then we'll have plenty of time before claire goes to work.,95,glad went well come plenti time clair goe work,0
ham,Ok enjoy . R u there in home.,29,ok enjoy r home,0
ham,"Can you pls pls send me a mail on all you know about relatives coming to deliver here? All you know about costs, risks, benefits and anything else. Thanks.",155,pls pls send mail know relat come deliv know cost risk benefit anyth els thank,0
ham,You do what all you like,24,like,0
ham,That's y we haf to combine n c how lor...,41,haf combin n lor,0
ham,The monthly amount is not that terrible and you will not pay anything till 6months after finishing school.,106,month amount terribl pay anyth till finish school,0
ham,Hmmm:)how many players selected?,32,hmmm mani player select,0
ham,"They said if its gonna snow, it will start around 8 or 9 pm tonite! They are predicting an inch of accumulation.",112,said gonna snow start around pm tonit predict inch accumul,0
ham,I dont. Can you send it to me. Plus how's mode.,47,dont send plus mode,0
ham,Aiyo please Ì_ got time meh.,28,aiyo pleas got time meh,0
ham,Package all your programs well,30,packag program well,0
ham,"She is our sister.. She belongs 2 our family.. She is d hope of tomorrow.. Pray 4 her,who was fated 4 d Shoranur train incident. Lets hold our hands together &amp; fuelled by love &amp; concern prior 2 her grief &amp; pain. Pls join in dis chain &amp; pass it. STOP VIOLENCE AGAINST WOMEN.",289,sister belong famili hope tomorrow pray fate shoranur train incid let hold hand togeth fuell love concern prior grief pain pls join dis chain pass stop violenc women,0
ham,So are you guys asking that i get that slippers again or its gone with last year,80,guy ask get slipper gone last year,0
ham,Company is very good.environment is terrific and food is really nice:),70,compani good environ terrif food realli nice,0
spam,"Text82228>> Get more ringtones, logos and games from www.txt82228.com. Questions: info@txt82228.co.uk",101,get rington logo game http question info co uk,1
ham,Honestly i've just made a lovely cup of tea and promptly dropped my keys in it and then burnt my fingers getting them out!,122,honest made love cup tea prompt drop key burnt finger get,0
ham,Yup but not studying surfing lor. I'm in e lazy mode today.,59,yup studi surf lor e lazi mode today,0
ham,Please sen :)my kind advice :-)please come here and try:-),58,pleas sen kind advic pleas come tri,0
ham,I'm done. C Ì_ there.,21,done,0
ham,"Oh fine, I'll be by tonight",27,oh fine tonight,0
ham,ÌÏ give me some time to walk there.,35,iï give time walk,0
ham,I'll reach in ard 20 mins ok...,31,reach ard min ok,0
spam,"FreeMSG You have been awarded a FREE mini DIGITAL CAMERA, just reply SNAP to collect your prize! (quizclub Opt out? Stop 80122300p/wk SP:RWM Ph:08704050406)",156,freemsg award free mini digit camera repli snap collect prize quizclub opt stop wk sp rwm ph,1
ham,Fuck babe ... What happened to you ? How come you never came back?,66,fuck babe happen come never came back,0
spam,This message is brought to you by GMW Ltd. and is not connected to the,70,messag brought gmw ltd connect,1
ham,"Some friends want me to drive em someplace, probably take a while",65,friend want drive em someplac probabl take,0
ham,I also thk too fast... Xy suggest one not me. U dun wan it's ok. Going 2 rain leh where got gd.,95,also thk fast xy suggest one dun wan ok go rain leh got gd,0
ham,Are you still getting the goods.,32,still get good,0
ham,And maybe some pressies,23,mayb pressi,0
ham,"Yeah I am, so I'll leave maybe 7ish?",36,yeah leav mayb,0
ham,I told her I had a Dr appt next week. She thinks I'm gonna die. I told her its just a check. Nothing to be worried about. But she didn't listen.,144,told dr appt next week think gonna die told check noth worri listen,0
ham,You in your room? I need a few,30,room need,0
ham,I dont want to hear anything,28,dont want hear anyth,0
ham,Hey. For me there is no leave on friday. Wait i will ask my superior and tell you..,83,hey leav friday wait ask superior tell,0
ham,Ultimately tor motive tui achieve korli.,40,ultim tor motiv tui achiev kor,0
ham,From 5 to 2 only my work timing.,32,work time,0
ham,Û_ and donÛ÷t worry weÛ÷ll have finished by march Û_ ish!,61,worri finish march ish,0
ham,"The house is on the water with a dock, a boat rolled up with a newscaster who dabbles in jazz flute behind the wheel",116,hous water dock boat roll newscast dabbl jazz flute behind wheel,0
spam,"Congrats 2 mobile 3G Videophones R yours. call 09063458130 now! videochat wid ur mates, play java games, Dload polypH music, noline rentl. bx420. ip4. 5we. 150p",160,congrat mobil videophon r call videochat wid ur mate play java game dload polyph music nolin rentl,1
spam,Your next amazing xxx PICSFREE1 video will be sent to you enjoy! If one vid is not enough for 2day text back the keyword PICSFREE1 to get the next video.,153,next amaz xxx video sent enjoy one vid enough text back keyword get next video,1
ham,Now thats going to ruin your thesis!,36,that go ruin thesi,0
ham,In sch but neva mind u eat 1st lor..,36,sch neva mind eat lor,0
ham,Hey whats up? U sleeping all morning?,37,hey what sleep morn,0
ham,Erm. I thought the contract ran out the4th of october.,54,erm thought contract ran octob,0
ham,I dunno until when... Lets go learn pilates...,46,dunno let go learn pilat,0
spam,U are subscribed to the best Mobile Content Service in the UK for å£3 per ten days until you send STOP to 83435. Helpline 08706091795.,134,subscrib best mobil content servic uk $$$ per ten day send stop helplin,1
ham,Yup i'm elaborating on the safety aspects and some other issues..,65,yup elabor safeti aspect issu,0
spam,"3 FREE TAROT TEXTS! Find out about your love life now! TRY 3 FOR FREE! Text CHANCE to 85555 16 only! After 3 Free, Msgs å£1.50 each",131,free tarot text find love life tri free text chanc free msgs $$$,1
ham,"Goodmorning, today i am late for 1hr.",37,goodmorn today late,0
ham,Hi happy birthday. Hi hi hi hi hi hi hi,39,hi happi birthday hi hi hi hi hi hi hi,0
ham,I will be outside office take all from there,44,outsid offic take,0
ham,If you don't respond imma assume you're still asleep and imma start calling n shit,82,respond imma assum still asleep imma start call n shit,0
ham,"Aight, see you in a bit",23,aight see bit,0
ham,My superior telling that friday is leave for all other department except ours:)so it will be leave for you:)any way call waheed fathima hr and conform it:),155,superior tell friday leav depart except leav way call wahe fathima hr conform,0
spam,Join the UK's horniest Dogging service and u can have sex 2nite!. Just sign up and follow the instructions. Txt ENTRY to 69888 now! Nyt.EC2A.3LP.msg@150p,153,join uk horniest dog servic sex sign follow instruct txt entri nyt msg,1
ham,Lol I have to take it. member how I said my aunt flow didn't visit for 6 months? It's cause I developed ovarian cysts. Bc is the only way to shrink them.,153,lol take member said aunt flow visit month caus develop ovarian cyst bc way shrink,0
ham,Still work going on:)it is very small house.,44,still work go small hous,0
ham,"My friend just got here and says he's upping his order by a few grams (he's got $ &lt;#&gt; ), when can you get here?",117,friend got say up order gram got $$$ get,0
ham,Tmr timin still da same wat cos i got lesson until 6...,55,tmr timin still da wat cos got lesson,0
ham,"ThatÛ÷s the thing with apes, u can fight to the death to keep something, but the minute they have it when u let go, thats it!",126,thing ape fight death keep someth minut let go that,0
ham,No i'm not gonna be able to. || too late notice. || i'll be home in a few weeks anyway. || what are the plans,109,gonna abl late notic home week anyway plan,0
ham,"Got fujitsu, ibm, hp, toshiba... Got a lot of model how to say...",65,got fujitsu ibm hp toshiba got lot model say,0
ham,Okie... Thanx...,16,oki thanx,0
ham,"Gosh that , what a pain. Spose I better come then.",50,gosh pain spose better come,0
ham,"As usual..iam fine, happy &amp; doing well..:)",46,usual iam fine happi well,0
ham,Okie,4,oki,0
ham,So when you gonna get rimac access ,35,gonna get rimac access,0
ham,"\Im at arestaurant eating squid! i will be out about 10:30 wanna dosomething or is that to late?\""""",99,arestaur eat squid wanna dosometh late,0
ham,You call times job today ok umma and ask them to speed up,57,call time job today ok umma ask speed,0
ham,"\HELLO U.CALL WEN U FINISH WRK.I FANCY MEETIN UP WIV U ALL TONITE AS I NEED A BREAK FROM DABOOKS. DID 4 HRS LAST NITE+2 TODAY OF WRK!\""""",136,hello call wen finish wrk fanci meetin wiv tonit need break dabook hrs last nite today wrk,0
ham,R U &SAM P IN EACHOTHER. IF WE MEET WE CAN GO 2 MY HOUSE,56,r sam p eachoth meet go hous,0
ham,:-) yeah! Lol. Luckily i didn't have a starring role like you!,62,yeah lol luckili star role like,0
ham,Hello madam how are you ?,25,hello madam,0
ham,"Awesome, text me when you're restocked",38,awesom text restock,0
spam,Knock Knock Txt whose there to 80082 to enter r weekly draw 4 a å£250 gift voucher 4 a store of yr choice. T&Cs www.tkls.com age16 to stoptxtstopå£1.50/week,156,knock knock txt whose enter r week draw $$$ gift voucher store yr choic cs http stoptxtstop $$$ week,1
ham,Yes. It's all innocent fun. O:-),32,yes innoc fun,0
ham,Thanks for sending this mental ability question..,49,thank send mental abil question,0
ham,"Sir, hope your day is going smoothly. i really hoped i wont have to bother you about this. I have some bills that i can't settle this month. I am out of all extra cash. I know this is a challenging time for you also but i have to let you know.",243,sir hope day go smooth realli hope wont bother bill settl month extra cash know challeng time also let know,0
ham,2marrow only. Wed at  &lt;#&gt;  to 2 aha.,42,wed aha,0
ham,I went to ur hon lab but no one is there.,41,went ur hon lab one,0
ham,Hey pple...$700 or $900 for 5 nights...Excellent location wif breakfast hamper!!!,81,hey pple $$$ $$$ night excel locat wif breakfast hamper,0
spam,<Forwarded from 21870000>Hi - this is your Mailbox Messaging SMS alert. You have 40 matches. Please call back on 09056242159 to retrieve your messages and matches cc100p/min,173,hi mailbox messag sms alert match pleas call back retriev messag match min,1
ham,How come?,9,come,0
ham,Lol! Nah wasn't too bad thanks. Its good to b home but its been quite a reality check. Hows ur day been? Did u do anything with website?,136,lol nah bad thank good b home quit realiti check how ur day anyth websit,0
ham,Ok lor...,9,ok lor,0
ham,I'm coming home 4 dinner.,25,come home dinner,0
ham,S da..al r above  &lt;#&gt;,27,da al r,0
spam,"FREE RING TONE just text \POLYS\"" to 87131. Then every week get a new tone. 0870737910216yrs only å£1.50/wk.""",109,free ring tone text poli everi week get new tone $$$ wk,1
ham,Unni thank you dear for the recharge..Rakhesh,45,unni thank dear recharg rakhesh,0
ham,I know I'm lacking on most of this particular dramastorm's details but for the most part I'm not worried about that,115,know lack particular dramastorm detail part worri,0
ham,Haha... They cant what... At the most tmr forfeit... haha so how?,65,haha cant tmr forfeit haha,0
ham,"Hey there! Glad u r better now. I hear u treated urself to a digi cam, is it good? We r off at 9pm. Have a fab new year, c u in coupla wks!",139,hey glad r better hear treat urself digi cam good r fab new year coupla wks,0
ham,No way I'm going back there!,28,way go back,0
spam,"URGENT! Your mobile No 077xxx WON a å£2,000 Bonus Caller Prize on 02/06/03! This is the 2nd attempt to reach YOU! Call 09066362206 ASAP! BOX97N7QP, 150ppm",154,urgent mobil $$$ bonus caller prize attempt reach call asap,1
ham,I WILL CAL YOU SIR. In meeting,30,cal sir meet,0
ham,"That's what I love to hear :V see you sundayish, then",53,love hear v see sundayish,0
ham,"Sorry da thangam, very very sorry i am held up with prasad.",59,sorri da thangam sorri held prasad,0
ham,Tiwary to rcb.battle between bang and kochi.,44,tiwari rcb battl bang kochi,0
ham,Thank god they are in bed!,26,thank god bed,0
ham,No I don't have cancer. Moms making a big deal out of a regular checkup aka pap smear,85,cancer mom make big deal regular checkup aka pap smear,0
ham,Am in gobi arts college,23,gobi art colleg,0
ham,Why she wants to talk to me,27,want talk,0
ham,Pandy joined 4w technologies today.he got job..,47,pandi join technolog today got job,0
spam,"You are guaranteed the latest Nokia Phone, a 40GB iPod MP3 player or a å£500 prize! Txt word: COLLECT to No: 83355! IBHltd LdnW15H 150p/Mtmsgrcvd18",147,guarante latest nokia phone ipod player $$$ prize txt word collect ibhltd,1
ham,"They can try! They can get lost, in fact. Tee hee",49,tri get lost fact tee hee,0
ham,My friends use to call the same.,32,friend use call,0
ham,"Em, its olowoyey@ usc.edu have a great time in argentina. Not sad about secretary, everything is a blessing",107,em olowoyey usc edu great time argentina sad secretari everyth bless,0
ham,"It,,s a taxt massage....tie-pos argh ok! Lool!",46,taxt massag tie pos argh ok lool,0
ham,"Hi, can i please get a  &lt;#&gt;  dollar loan from you. I.ll pay you back by mid february. Pls.",96,hi pleas get dollar loan pay back mid februari pls,0
ham,"You might want to pull out more just in case and just plan on not spending it if you can, I don't have much confidence in derek and taylor's money management",157,might want pull case plan spend much confid derek taylor money manag,0
ham,Do you like shaking your booty on the dance floor?,50,like shake booti danc floor,0
ham,"Text me when you get off, don't call, my phones having problems",63,text get call phone problem,0
ham,No need for the drug anymore.,29,need drug anymor,0
ham,Sorry da:)i was thought of calling you lot of times:)lil busy.i will call you at noon..,87,sorri da thought call lot time lil busi call noon,0
ham,Its sarcasm.. .nt scarcasim,27,sarcasm nt scarcasim,0
ham,Great! I have to run now so ttyl!,33,great run ttyl,0
ham,Feel like trying kadeem again? :V,33,feel like tri kadeem v,0
ham,Dai  &lt;#&gt;  naal eruku.,27,dai naal eruku,0
ham,Not yet chikku..wat abt u?,26,yet chikku wat abt,0
ham,Want to finally have lunch today?,33,want final lunch today,0
ham,Do you know when dad will be back?,34,know dad back,0
spam,"Hello darling how are you today? I would love to have a chat, why dont you tell me what you look like and what you are in to sexy?",130,hello darl today would love chat dont tell look like sexi,1
spam,8007 FREE for 1st week! No1 Nokia tone 4 ur mob every week just txt NOKIA to 8007 Get txting and tell ur mates www.getzed.co.uk POBox 36504 W4 5WQ norm 150p/tone 16+,165,free week nokia tone ur mob everi week txt nokia get txting tell ur mate http pobox norm tone,1
ham,He remains a bro amongst bros,29,remain bro amongst bros,0
ham,R u meeting da ge at nite tmr?,30,r meet da ge nite tmr,0
ham,"* Was a nice day and, impressively, i was sensible, went home early and now feel fine. Or am i just boring?! When's yours, i can't remember.",140,nice day impress sensibl went home earli feel fine bore rememb,0
ham,Why de. You looking good only:-)..,34,de look good,0
spam,Wanna get laid 2nite? Want real Dogging locations sent direct to ur mobile? Join the UK's largest Dogging Network. Txt PARK to 69696 now! Nyt. ec2a. 3lp å£1.50/msg,163,wanna get laid want real dog locat sent direct ur mobil join uk largest dog network txt park nyt $$$ msg,1
spam,we tried to contact you re your response to our offer of a new nokia fone and camcorder hit reply or call 08000930705 for delivery,130,tri contact respons offer new nokia fone camcord hit repli call deliveri,1
ham,Yes. They replied my mail. I'm going to the management office later. Plus will in to bank later also.or on wednesday.,117,yes repli mail go manag offic later plus bank later also wednesday,0
ham,"That's cool, I'll come by like  &lt;#&gt; ish",45,cool come like ish,0
ham,Super msg da:)nalla timing.,27,super msg da nalla time,0
ham,"Good afternoon, my boytoy ... How are you feeling today ? Better I hope? Are you being my good boy? Are you my obedient, slave? Do you please your Queen?",153,good afternoon boytoy feel today better hope good boy obedi slave pleas queen,0
ham,I am 6 ft. We will be a good combination!,41,ft good combin,0
ham,I'm sick !! I'm needy !! I want you !! *pouts* *stomps feet* Where are you ?! *pouts* *stomps feet* I want my slave !! I want him now !!,136,sick needi want pout stomp feet pout stomp feet want slave want,0
ham,* Am on a train back from northampton so i'm afraid not!,56,train back northampton afraid,0
ham,Where in abj are you serving. Are you staying with dad or alone.,64,abj serv stay dad alon,0
ham,Was playng 9 doors game and gt racing on phone lol,50,playng door game gt race phone lol,0
spam,"New Tones This week include: 1)McFly-All Ab.., 2) Sara Jorge-Shock.. 3) Will Smith-Switch.. To order follow instructions on next message",136,new tone week includ mcfli ab sara jorg shock smith switch order follow instruct next messag,1
ham,I'm on da bus going home...,27,da bus go home,0
ham,I got a call from a landline number. . . I am asked to come to anna nagar . . . I will go in the afternoon,106,got call landlin number ask come anna nagar go afternoon,0
ham,I'm okay. Chasing the dream. What's good. What are you doing next.,66,okay chase dream good next,0
ham,Yupz... I've oredi booked slots 4 my weekends liao... ,54,yupz oredi book slot weekend liao,0
spam,URGENT! We are trying to contact U. Todays draw shows that you have won a å£800 prize GUARANTEED. Call 09050003091 from land line. Claim C52. Valid 12hrs only,158,urgent tri contact today draw show $$$ prize guarante call land line claim valid,1
ham,There r many model..sony ericson also der.. &lt;#&gt; ..it luks good bt i forgot modl no,88,r mani model soni ericson also der luk good bt forgot modl,0
ham,Yes I know the cheesy songs from frosty the snowman :),54,yes know cheesi song frosti snowman,0
ham,"Ya ok, vikky vl c witin  &lt;#&gt; mins and il reply u..",56,ya ok vikki vl witin min il repli,0
spam,sports fans - get the latest sports news str* 2 ur mobile 1 wk FREE PLUS a FREE TONE Txt SPORT ON to 8007 www.getzed.co.uk 0870141701216+ norm 4txt/120p ,153,sport fan get latest sport news str ur mobil wk free plus free tone txt sport http norm,1
ham,Hey tmr meet at bugis 930 ?,27,hey tmr meet bugi,0
spam,"Urgent Urgent! We have 800 FREE flights to Europe to give away, call B4 10th Sept & take a friend 4 FREE. Call now to claim on 09050000555. BA128NNFWFLY150ppm",158,urgent urgent free flight europ give away call sept take friend free call claim,1
ham,All these nice new shirts and the only thing I can wear them to is nudist themed ;_; you in mu?,95,nice new shirt thing wear nudist theme mu,0
ham,Hey sexy buns! What of that day? No word from you this morning on YM ... :-( ... I think of you,95,hey sexi bun day word morn ym think,0
ham,And whenever you and i see we can still hook up too.,52,whenev see still hook,0
ham,Nope but i'm going home now then go pump petrol lor... Like going 2 rain soon...,80,nope go home go pump petrol lor like go rain soon,0
ham,Can you use foreign stamps for whatever you send them off for? ,63,use foreign stamp whatev send,0
spam,FROM 88066 LOST å£12 HELP,25,lost $$$ help,1
ham,Oh baby of the house. How come you dont have any new pictures on facebook,73,oh babi hous come dont new pictur facebook,0
ham,"Feb  &lt;#&gt;  is \I LOVE U\"" day. Send dis to all ur \""VALUED FRNDS\"" evn me. If 3 comes back u'll gt married d person u luv! If u ignore dis u will lose ur luv 4 Evr""",169,feb love day send dis ur valu frnds evn come back gt marri person luv ignor dis lose ur luv evr,0
ham,"Hiya, sorry didn't hav signal. I haven't seen or heard from and neither has, which is unusual in itself! I'll put on the case and get him to sort it out! Hugs and snogs.",169,hiya sorri hav signal seen heard neither unusu put case get sort hug snog,0
ham,"Omw back to tampa from west palm, you hear what happened?",57,omw back tampa west palm hear happen,0
ham,Yup no more already... Thanx 4 printing n handing it up.,56,yup alreadi thanx print n hand,0
spam,FreeMsg: Fancy a flirt? Reply DATE now & join the UKs fastest growing mobile dating service. Msgs rcvd just 25p to optout txt stop to 83021. Reply DATE now!,156,freemsg fanci flirt repli date join uk fastest grow mobil date servic msgs rcvd optout txt stop repli date,1
ham,What i mean is do they come chase you out when its over or is it stated you can watch as many movies as you want.,113,mean come chase state watch mani movi want,0
ham,S now only i took tablets . Reaction morning only.,50,took tablet reaction morn,0
spam,Great NEW Offer - DOUBLE Mins & DOUBLE Txt on best Orange tariffs AND get latest camera phones 4 FREE! Call MobileUpd8 free on 08000839402 NOW! or 2stoptxt T&Cs,160,great new offer doubl min doubl txt best orang tariff get latest camera phone free call free cs,1
ham,"Nah, I'm a perpetual DD",23,nah perpetu dd,0
ham,Sorry de i went to shop.,24,sorri de went shop,0
spam,Hope you enjoyed your new content. text stop to 61610 to unsubscribe. help:08712400602450p Provided by tones2you.co.uk,118,hope enjoy new content text stop unsubscrib help provid co uk,1
ham,Hey you still want to go for yogasana? Coz if we end at cine then can go bathe and hav the steam bath,101,hey still want go yogasana coz end cine go bath hav steam bath,0
ham,Nope i'm not drivin... I neva develop da photos lei...,54,nope drivin neva develop da photo lei,0
ham,I am thinking of going down to reg for pract lessons.. Flung my advance.. Haha wat time u going?,96,think go reg pract lesson flung advanc haha wat time go,0
ham,Cool. I am  &lt;#&gt;  inches long. hope you like them big!,59,cool inch long hope like big,0
ham,"House-Maid is the murderer, coz the man was murdered on  &lt;#&gt; th January.. As public holiday all govt.instituitions are closed,including post office..understand?",166,hous maid murder coz man murder th januari public holiday govt instituit close includ post offic understand,0
ham,Okie.. Thanx..,14,oki thanx,0
ham,Go where n buy? Juz buy when we get there lar.,46,go n buy juz buy get lar,0
ham,I'm working technical support :)voice process.,46,work technic support voic process,0
ham,It's justbeen overa week since we broke up and already our brains are going to mush!,84,justbeen overa week sinc broke alreadi brain go mush,0
ham,"Tunde, how are you doing. This is just wishing you a great day. Abiola.",71,tund wish great day abiola,0
ham,Nope... C Ì_ then...,20,nope,0
ham,No. But we'll do medical missions to nigeria,44,medic mission nigeria,0
ham,No i am not having not any movies in my laptop,46,movi laptop,0
spam,Urgent Please call 09066612661 from landline. å£5000 cash or a luxury 4* Canary Islands Holiday await collection. T&Cs SAE award. 20M12AQ. 150ppm. 16+ ÛÏ,154,urgent pleas call landlin $$$ cash luxuri canari island holiday await collect cs sae award ï,1
spam,"Urgent! Please call 09066612661 from your landline, your complimentary 4* Lux Costa Del Sol holiday or å£1000 CASH await collection. ppm 150 SAE T&Cs James 28, EH74RR",166,urgent pleas call landlin complimentari lux costa del sol holiday $$$ cash await collect ppm sae cs jame,1
ham,I havent lei.. Next mon can?,28,havent lei next mon,0
ham,Mm feeling sleepy. today itself i shall get that dear,53,mm feel sleepi today shall get dear,0
ham,How dare you stupid. I wont tell anything to you. Hear after i wont talk to you:-.,82,dare stupid wont tell anyth hear wont talk,0
ham,Do Ì_ noe if ben is going?,26,noe ben go,0
ham,Can you do a mag meeting this avo at some point?,48,mag meet avo point,0
ham,I meant middle left or right?,29,meant middl left right,0
ham,Really? I crashed out cuddled on my sofa.,41,realli crash cuddl sofa,0
ham,Hi Chachi tried calling u now unable to reach u .. Pl give me a missed cal once u c tiz msg  Kanagu,99,hi chachi tri call unabl reach pl give miss cal tiz msg kanagu,0
ham,"I sent you the prices and do you mean the  &lt;#&gt; g,",55,sent price mean g,0
ham,Nothing. Can...,15,noth,0
ham,No * am working on the ringing u thing but have whole houseful of screaming brats so * am pulling my hair out! Loving u,119,work ring thing whole hous scream brat pull hair love,0
ham,But my family not responding for anything. Now am in room not went to home for diwali but no one called me and why not coming. It makes me feel like died.,154,famili respond anyth room went home diwali one call come make feel like die,0
ham,"Tick, tick, tick ... Babe",25,tick tick tick babe,0
ham,R Ì_ going 4 today's meeting?,29,r go today meet,0
ham,K da:)how many page you want?,29,k da mani page want,0
ham,Ya had just now.onion roast.,28,ya onion roast,0
ham,Send his number and give reply tomorrow morning for why you said that to him like that ok,89,send number give repli tomorrow morn said like ok,0
ham,You said not now. No problem. When you can. Let me know.,56,said problem let know,0
ham,Ok but tell me half an hr b4 u come i need 2 prepare.,53,ok tell half hr come need prepar,0
ham,Play w computer? Aiyah i tok 2 u lor?,37,play w comput aiyah tok lor,0
ham,Sat right? Okay thanks... ,26,sat right okay thank,0
ham,"Derp. Which is worse, a dude who always wants to party or a dude who files a complaint about the three drug abusers he lives with",129,derp wors dude alway want parti dude file complaint three drug abus live,0
ham,Ok Chinese food on its way. When I get fat you're paying for my lipo.,69,ok chines food way get fat pay lipo,0
ham,We r outside already.,21,r outsid alreadi,0
ham,Have a good trip. Watch out for . Remember when you get back we must decide about easter.,89,good trip watch rememb get back must decid easter,0
ham,Yo we are watching a movie on netflix,37,yo watch movi netflix,0
ham,What time. IÛ÷m out until prob 3 or so,39,time prob,0
ham,"Can meh? Thgt some will clash... Really ah, i dun mind... I dun seen to have lost any weight... Gee...",102,meh thgt clash realli ah dun mind dun seen lost weight gee,0
ham,ARR birthday today:) i wish him to get more oscar.,50,arr birthday today wish get oscar,0
ham,"Open rebtel with firefox. When it loads just put plus sign in the user name place, and it will show you two numbers. The lower number is my number. Once you pick that number the pin will display okay!",200,open rebtel firefox load put plus sign user name place show two number lower number number pick number pin display okay,0
ham, and  picking them up from various points,41,pick various point,0
spam,Married local women looking for discreet action now! 5 real matches instantly to your phone. Text MATCH to 69969 Msg cost 150p 2 stop txt stop BCMSFWC1N3XX,155,marri local women look discreet action real match instant phone text match msg cost stop txt stop,1
ham,Wow v v impressed. Have funs shopping!,38,wow v v impress fun shop,0
ham,I am on the way to ur home,26,way ur home,0
spam,Burger King - Wanna play footy at a top stadium? Get 2 Burger King before 1st Sept and go Large or Super with Coca-Cola and walk out a winner,141,burger king wanna play footi top stadium get burger king sept go larg super coca cola walk winner,1
ham,No problem. Talk to you later,29,problem talk later,0
ham,Then ur sis how?,16,ur sis,0
ham,Still in customer place,23,still custom place,0
spam,How come it takes so little time for a child who is afraid of the dark to become a teenager who wants to stay out all night?,124,come take littl time child afraid dark becom teenag want stay night,1
ham,"Dude u knw also telugu..thts gud..k, gud nyt..",46,dude knw also telugu thts gud k gud nyt,0
ham,We confirm eating at esplanade?,31,confirm eat esplanad,0
ham,Send me your id and password,28,send id password,0
ham,Kind of. Took it to garage. Centre part of exhaust needs replacing. Part ordered n taking it to be fixed tomo morning.,118,kind took garag centr part exhaust need replac part order n take fix tomo morn,0
spam,"For ur chance to win a å£250 cash every wk TXT: ACTION to 80608. T's&C's www.movietrivia.tv custcare 08712405022, 1x150p/wk.",124,ur chanc win $$$ cash everi wk txt action http custcar wk,1
ham,Well I might not come then...,29,well might come,0
ham,Long after I quit. I get on only like 5 minutes a day as it is.,63,long quit get like minut day,0
ham,Then its most likely called Mittelschmertz. Google it. If you dont have paracetamol dont worry it will go.,106,like call mittelschmertz googl dont paracetamol dont worri go,0
ham,Well at this right I'm gonna have to get up and check today's steam sales/pee so text me when you want me to come get you,121,well right gonna get check today steam sale pee text want come get,0
ham,"Just arrived, see you in a couple days &lt;3",44,arriv see coupl day,0
ham,"K, wat s tht incident?",22,k wat tht incid,0
ham,Yeah get the unlimited,22,yeah get unlimit,0
ham,cThen i thk shd b enuff.. Still got conclusion n contents pg n references.. I'll b doing da contents pg n cover pg..,116,cthen thk shd b enuff still got conclus n content pg n refer b da content pg n cover pg,0
ham,"Forgot it takes me 3 years to shower, sorry. Where you at/your phone dead yet?",78,forgot take year shower sorri phone dead yet,0
ham,ÌÏ got wat to buy tell us then Ì_ no need to come in again.,59,iï got wat buy tell us need come,0
ham,When you are big..| God will bring success.,43,big god bring success,0
spam,UÛªve Bin Awarded å£50 to Play 4 Instant Cash. Call 08715203028 To Claim. EVERY 9th Player Wins Min å£50-å£500. OptOut 08718727870,131,ªve bin award $$$ play instant cash call claim everi player win min $$$ $$$ optout,1
ham,"Û_ we r stayin here an extra week, back next wed. How did we do in the rugby this weekend? Hi to and and , c u soon \""ham""",124,r stayin extra week back next wed rugbi weekend hi soon ham,0
ham,Not from this campus. Are you in the library?,45,campus librari,0
ham,"The affidavit says  &lt;#&gt;  E Twiggs St, division g, courtroom  &lt;#&gt; , &lt;TIME&gt;  AM. I'll double check and text you again tomorrow",142,affidavit say e twigg st divis g courtroom doubl check text tomorrow,0
ham,How will I creep on you now? ;_;,32,creep,0
ham,If I get there before you after your ten billion calls and texts so help me god,79,get ten billion call text help god,0
ham,I've told him that i've returned it. That should i re order it.,63,told return order,0
ham,"House-Maid is the murderer, coz the man was murdered on  &lt;#&gt; th January.. As public holiday all govt.instituitions are closed,including post office..",155,hous maid murder coz man murder th januari public holiday govt instituit close includ post offic,0
ham,Depends on where u going lor.,29,depend go lor,0
ham,And smile for me right now as you go and the world will wonder what you are smiling about and think your crazy and keep away from you ... *grins*,145,smile right go world wonder smile think crazi keep away grin,0
spam,FreeMsg>FAV XMAS TONES!Reply REAL,33,freemsg fav xmas tone repli real,1
ham,Lil fever:) now fine:),22,lil fever fine,0
ham,I think it's all still in my car,32,think still car,0
ham,Can a not?,10,,0
spam,December only! Had your mobile 11mths+? You are entitled to update to the latest colour camera mobile for Free! Call The Mobile Update Co FREE on 08002986906 ,158,decemb mobil entitl updat latest colour camera mobil free call mobil updat co free,1
ham,Yes princess! I want to catch you with my big strong hands...,61,yes princess want catch big strong hand,0
ham,Oh yeah I forgot. U can only take 2 out shopping at once.,57,oh yeah forgot take shop,0
ham,Mm so you asked me not to call radio,36,mm ask call radio,0
ham,Thinkin about someone is all good. No drugs for that,52,thinkin someon good drug,0
ham,"Enjoy the showers of possessiveness poured on u by ur loved ones, bcoz in this world of lies, it is a golden gift to be loved truly..",133,enjoy shower possess pour ur love one bcoz world lie golden gift love truli,0
ham,"Alright if you're sure, let me know when you're leaving",55,alright sure let know leav,0
ham,Some are lasting as much as 2 hours. You might get lucky.,57,last much hour might get lucki,0
ham,Genius what's up. How your brother. Pls send his number to my skype.,68,genius brother pls send number skype,0
spam,"Gr8 Poly tones 4 ALL mobs direct 2u rply with POLY TITLE to 8007 eg POLY BREATHE1 Titles: CRAZYIN, SLEEPINGWITH, FINEST, YMCA :getzed.co.uk POBox365O4W45WQ 300p",160,poli tone mob direct rpli poli titl eg poli titl crazyin sleepingwith finest ymca getz co uk,1
ham,Thk some of em find wtc too far... Weiyi not goin... E rest i dunno yet... R ur goin 4 dinner den i might b able to join...,123,thk em find wtc far weiyi goin e rest dunno yet r ur goin dinner den might b abl join,0
ham,Don't forget who owns you and who's private property you are ... And be my good boy always .. *passionate kiss*,111,forget own privat properti good boy alway passion kiss,0
spam,INTERFLORA - åÒIt's not too late to order Interflora flowers for christmas call 0800 505060 to place your order before Midnight tomorrow.,137,interflora åòit late order interflora flower christma call place order midnight tomorrow,1
ham,Oh god..taken the teeth?is it paining,37,oh god taken teeth pain,0
spam,ROMCAPspam Everyone around should be responding well to your presence since you are so warm and outgoing. You are bringing in a real breath of sunshine.,152,romcapspam everyon around respond well presenc sinc warm outgo bring real breath sunshin,1
ham,Then u ask darren go n pick u lor... But i oso sian tmr haf 2 meet lect...,74,ask darren go n pick lor oso sian tmr haf meet lect,0
ham,No need to buy lunch for me.. I eat maggi mee..,47,need buy lunch eat maggi mee,0
spam,"Congratulations - Thanks to a good friend U have WON the å£2,000 Xmas prize. 2 claim is easy, just call 08712103738 NOW! Only 10p per minute. BT-national-rate",158,congratul thank good friend $$$ xmas prize claim easi call per minut bt nation rate,1
ham,"Oh right, ok. I'll make sure that i do loads of work during the day!  got a really nasty cough today and is dry n shot so that should really help it!",149,oh right ok make sure load work day got realli nasti cough today dri n shot realli help,0
spam,Send a logo 2 ur lover - 2 names joined by a heart. Txt LOVE NAME1 NAME2 MOBNO eg LOVE ADAM EVE 07123456789 to 87077 Yahoo! POBox36504W45WQ TxtNO 4 no ads 150p.,160,send logo ur lover name join heart txt love mobno eg love adam eve yahoo txtno ad,1
ham,Thanx 4 sending me home...,26,thanx send home,0
ham,Its normally hot mail. Com you see!,35,normal hot mail com see,0
spam,"You've won tkts to the EURO2004 CUP FINAL or å£800 CASH, to collect CALL 09058099801 b4190604, POBOX 7876150ppm",111,tkts cup final $$$ cash collect call pobox,1
ham,U sick still can go shopping?,29,sick still go shop,0
ham,"Ya they are well and fine., BBD(pooja) full pimples..even she become quite black..and ur rite here its too cold, wearing sweatter..",131,ya well fine bbd pooja full pimpl even becom quit black ur rite cold wear sweatter,0
ham,Nice.nice.how is it working?,28,nice nice work,0
ham,1's reach home call me.,23,reach home call,0
ham,Were trying to find a Chinese food place around here,52,tri find chines food place around,0
ham,"Easy mate, * guess the quick drink was bit ambitious.",53,easi mate guess quick drink bit ambiti,0
ham,BABE !!! I miiiiiiissssssssss you ! I need you !!! I crave you !!! :-( ... Geeee ... I'm so sad without you babe ... I love you ...,131,babe miiiiiiissssssssss need crave geeee sad without babe love,0
ham,Ok thanx...,11,ok thanx,0
ham,"Tunji, how's the queen? how are you doing. This is just wishing you a great day. Abiola.",88,tunji queen wish great day abiola,0
ham,Today iZ Yellow rose day. If u love my frndship give me 1 misscall &amp; send this to ur frndZ &amp; See how many miss calls u get. If u get 6missed U marry ur Lover.,166,today iz yellow rose day love frndship give misscal send ur frndz see mani miss call get get marri ur lover,0
ham,Will be out of class in a few hours. Sorry,42,class hour sorri,0
ham,Wat time u finish ur lect today?,32,wat time finish ur lect today,0
spam,"Free-message: Jamster!Get the crazy frog sound now! For poly text MAD1, for real text MAD2 to 88888. 6 crazy sounds for just 3 GBP/week! 16+only! T&C's apply",157,free messag jamster get crazi frog sound poli text real text crazi sound gbp week appli,1
spam,"YOUR CHANCE TO BE ON A REALITY FANTASY SHOW call now = 08707509020 Just 20p per min NTT Ltd, PO Box 1327 Croydon CR9 5WB 0870 is a national = rate call",151,chanc realiti fantasi show call per min ntt ltd po box croydon nation rate call,1
ham,She's fine. Good to hear from you. How are you my dear? Happy new year oh.,74,fine good hear dear happi new year oh,0
ham,Are you going to wipro interview today?,39,go wipro interview today,0
ham,how tall are you princess?,26,tall princess,0
ham,I doubt you could handle 5 times per night in any case...,57,doubt could handl time per night case,0
ham,Haha... Hope Ì_ can hear the receipt sound... Gd luck!,54,haha hope hear receipt sound gd luck,0
ham,Your gonna be the death if me. I'm gonna leave a note that says its all robs fault. Avenge me.,94,gonna death gonna leav note say rob fault aveng,0
ham,"Japanese Proverb: If one Can do it, U too Can do it, If none Can do it,U must do it Indian version: If one Can do it, LET HIM DO it.. If none Can do it,LEAVE it!! And finally Kerala version: If one can do it, Stop him doing it.. If none can do it, Make a strike against it ...",276,japanes proverb one none must indian version one let none leav final kerala version one stop none make strike,0
ham,Today i'm not workin but not free oso... Gee... Thgt u workin at ur fren's shop ? ,82,today workin free oso gee thgt workin ur fren shop,0
ham,In life when you face choices Just toss a coin not becoz its settle the question But while the coin in the air U will know what your heart is hoping for. Gudni8,160,life face choic toss coin becoz settl question coin air know heart hope,0
ham,I want to be there so i can kiss you and feel you next to me,60,want kiss feel next,0
ham,I am not at all happy with what you saying or doing,51,happi say,0
spam,Adult 18 Content Your video will be with you shortly,52,adult content video short,1
ham,"Ok that would b lovely, if u r sure. Think about wot u want to do, drinkin, dancin, eatin, cinema, in, out, about... Up to u! Wot about ? ",138,ok would b love r sure think wot want drinkin dancin eatin cinema wot,0
ham,What I'm saying is if you haven't explicitly told nora I know someone I'm probably just not gonna bother,104,say explicit told nora know someon probabl gonna bother,0
ham,Smith waste da.i wanna gayle.,29,smith wast da wanna gayl,0
ham,"Mum, i've sent you many many messages since i got here. I just want to know that you are actually getting them. Do enjoy the rest of your day.",142,mum sent mani mani messag sinc got want know actual get enjoy rest day,0
ham,"Aight, tomorrow around  &lt;#&gt;  it is",40,aight tomorrow around,0
spam,"YOUR CHANCE TO BE ON A REALITY FANTASY SHOW call now = 08707509020 Just 20p per min NTT Ltd, PO Box 1327 Croydon CR9 5WB 0870 is a national = rate call.",152,chanc realiti fantasi show call per min ntt ltd po box croydon nation rate call,1
ham,I actually did for the first time in a while. I went to bed not too long after i spoke with you. Woke up at 7. How was your night?,130,actual first time went bed long spoke woke night,0
ham,See you there! ,15,see,0
ham,I dont understand your message.,31,dont understand messag,0
ham,Crucify is c not s. You should have told me earlier.,52,crucifi told earlier,0
ham,"Idk. You keep saying that you're not, but since he moved, we keep butting heads over freedom vs. responsibility. And i'm tired. I have so much other shit to deal with that i'm barely keeping myself together once this gets added to it.",234,idk keep say sinc move keep but head freedom vs respons tire much shit deal bare keep togeth get ad,0
ham,Fuck cedar key and fuck her (come over anyway tho),50,fuck cedar key fuck come anyway tho,0
ham,twenty past five he said will this train have been to durham already or not coz i am in a reserved seat,103,twenti past five said train durham alreadi coz reserv seat,0
spam,"Hey Boys. Want hot XXX pics sent direct 2 ur phone? Txt PORN to 69855, 24Hrs free and then just 50p per day. To stop text STOPBCM SF WC1N3XX",140,hey boy want hot xxx pic sent direct ur phone txt porn free per day stop text stopbcm sf,1
ham,U still painting ur wall?,25,still paint ur wall,0
ham,Printer is cool. I mean groovy. Wine is groovying,49,printer cool mean groovi wine groovi,0
ham,Hi Harish's rent has been transfred to ur Acnt.,47,hi harish rent transfr ur acnt,0
ham,Anything lor is she coming?,27,anyth lor come,0
ham,Cbe is really good nowadays:)lot of shop and showrooms:)city is shaping good.,77,cbe realli good nowaday lot shop showroom citi shape good,0
ham,ÌÏ still attending da talks?,28,iï still attend da talk,0
ham,No probs hon! How u doinat the mo?,34,prob hon doinat mo,0
ham,K I'll take care of it,22,k take care,0
ham,I take it we didn't have the phone callon Friday. Can we assume we won't have it this year now?,95,take phone callon friday assum year,0
ham,My battery is low babe,22,batteri low babe,0
ham,Shuhui has bought ron's present it's a swatch watch...,54,shuhui bought ron present swatch watch,0
ham,"Yeah there's quite a bit left, I'll swing by tomorrow when I get up",67,yeah quit bit left swing tomorrow get,0
ham,Babe? You said 2 hours and it's been almost 4 ... Is your internet down ?,73,babe said hour almost internet,0
ham,K I'll be sure to get up before noon and see what's what,56,k sure get noon see,0
ham,K...k...yesterday i was in cbe .,32,k k yesterday cbe,0
ham,Went to ganesh dress shop,25,went ganesh dress shop,0
spam,"pdate_Now - Double mins and 1000 txts on Orange tariffs. Latest Motorola, SonyEricsson & Nokia & Bluetooth FREE! Call MobileUpd8 on 08000839402 or call2optout/!YHL",163,pdate doubl min txts orang tariff latest motorola sonyericsson nokia bluetooth free call yhl,1
ham,ÌÏ collecting ur laptop then going to configure da settings izzit?,66,iï collect ur laptop go configur da set izzit,0
ham,"Aight, I should be there by 8 at the latest, probably closer to 7. Are jay and tyler down or should we just do two trips?",121,aight latest probabl closer jay tyler two trip,0
ham,Come aftr  &lt;DECIMAL&gt; ..now i m cleaning the house,55,come aftr clean hous,0
spam,Ur cash-balance is currently 500 pounds - to maximize ur cash-in now send CASH to 86688 only 150p/msg. CC: 08718720201 PO BOX 114/14 TCR/W1,139,ur cash balanc current pound maxim ur cash send cash msg cc po box tcr,1
ham,"Bill, as in: Are there any letters for me. iÛªm expecting one from orange that isnÛªt a bill but may still say orange on it.",126,bill letter ªm expect one orang ªt bill may still say orang,0
ham,Tell me pa. How is pain de.,27,tell pa pain de,0
ham,HI DARLIN I HOPE YOU HAD A NICE NIGHT I WISH I HAD COME CANT WAIT TO SEE YOU LOVE FRAN PS I WANT DIRTY ANAL SEX AND I WANT A 10 MAN GANG BANG,141,hi darlin hope nice night wish come cant wait see love fran ps want dirti anal sex want man gang bang,0
ham,"Ha. You donÛ÷t know either. I did a a clever but simple thing with pears the other day, perfect for christmas.",111,ha know either clever simpl thing pear day perfect christma,0
ham,"Helloooo... Wake up..! \Sweet\"" \""morning\"" \""welcomes\"" \""You\"" \""Enjoy\"" \""This Day\"" \""with full of joy\"".. \""GUD MRNG\"".""",125,helloooo wake sweet morn welcom enjoy day full joy gud mrng,0
ham,ALRITE,6,alrit,0
ham,Why must we sit around and wait for summer days to celebrate. Such a magical sight when the worlds dressed in white. Oooooh let there be snow.,142,must sit around wait summer day celebr magic sight world dress white oooooh let snow,0
spam,URGENT! Your Mobile number has been awarded with a å£2000 prize GUARANTEED. Call 09058094454 from land line. Claim 3030. Valid 12hrs only,137,urgent mobil number award $$$ prize guarante call land line claim valid,1
ham,How do you guys go to see movies on your side.,46,guy go see movi side,0
ham,You didn't have to tell me that...now i'm thinking. Plus he's going to stop all your runs,89,tell think plus go stop run,0
ham,Kindly send some one to our flat before  &lt;DECIMAL&gt;  today.,64,kind send one flat today,0
spam,Sorry! U can not unsubscribe yet. THE MOB offer package has a min term of 54 weeks> pls resubmit request after expiry. Reply THEMOB HELP 4 more info,148,sorri unsubscrib yet mob offer packag min term week pls resubmit request expiri repli themob help info,1
ham,Nothing lor... A bit bored too... Then y dun u go home early 2 sleep today...,77,noth lor bit bore dun go home earli sleep today,0
ham,What time should I tell my friend to be around?,47,time tell friend around,0
ham,Yes. that will be fine. Love you. Be safe.,42,yes fine love safe,0
ham,Thanks chikku..:-) gud nyt:-*,29,thank chikku gud nyt,0
ham,Is xy in ur car when u picking me up?,37,xy ur car pick,0
ham,"Thanx 4 the time weåÕve spent 2geva, its bin mint! Ur my Baby and all I want is u!xxxx",86,thanx time spent bin mint ur babi want xxxx,0
ham,"Yo, any way we could pick something up tonight?",47,yo way could pick someth tonight,0
ham,I've not sent it. He can send me.,33,sent send,0
ham,Fine am simply sitting.,23,fine simpli sit,0
ham,Thts god's gift for birds as humans hav some natural gift frm god..,67,thts god gift bird human hav natur gift frm god,0
ham,Are you coming to day for class.,32,come day class,0
ham,Im done. Just studyn in library,31,done studyn librari,0
ham,Ok... U enjoy ur shows...,25,ok enjoy ur show,0
ham,Anything...,11,anyth,0
ham,Where wuld I be without my baby? The thought alone mite break me and I donåÕt wanna go crazy but everyboy needs his lady xxxxxxxx,129,wuld without babi thought alon mite break wanna go crazi everyboy need ladi xxxxxxxx,0
ham,Wat's my dear doing? Sleeping ah?,33,wat dear sleep ah,0
ham,Hi' Test on  &lt;#&gt; rd ....,30,hi test rd,0
ham,Only 2% students solved this CAT question in 'xam... 5+3+2= &lt;#&gt;  9+2+4= &lt;#&gt;  8+6+3= &lt;#&gt;  then 7+2+5=????? Tell me the answer if u r brilliant...1thing.i got d answr.,183,student solv cat question xam tell answer r brilliant got answr,0
ham,Yo do you know anyone  &lt;#&gt;  or otherwise able to buy liquor? Our guy flaked and right now if we don't get a hold of somebody its just 4 loko all night,156,yo know anyon otherwis abl buy liquor guy flake right get hold somebodi loko night,0
ham,Yup n her fren lor. I'm meeting my fren at 730.,47,yup n fren lor meet fren,0
ham,"Yeah, we got one lined up for us",32,yeah got one line us,0
ham,"And stop wondering \wow is she ever going to stop tm'ing me ?!\"" because I will tm you whenever I want because you are MINE ... *laughs*""",137,stop wonder wow ever go stop tm ing tm whenev want mine laugh,0
ham,Lol yep did that yesterday. Already got my fireplace. Now its just another icon sitting there for me.,101,lol yep yesterday alreadi got fireplac anoth icon sit,0
ham,Hey i've booked the pilates and yoga lesson already... Haha,59,hey book pilat yoga lesson alreadi haha,0
ham,Are you ok. What happen to behave like this,43,ok happen behav like,0
spam,You have 1 new message. Please call 08712400200.,48,new messag pleas call,1
ham,My supervisor find 4 me one lor i thk his students. I havent ask her yet. Tell u aft i ask her.,95,supervisor find one lor thk student havent ask yet tell aft ask,0
ham,"Hello. No news on job, they are making me wait a fifth week! Yeah im up for some woozles and weasels... In exeter still, but be home about 3. ",142,hello news job make wait fifth week yeah woozl weasel exet still home,0
spam,We currently have a message awaiting your collection. To collect your message just call 08718723815.,100,current messag await collect collect messag call,1
ham,"Hey babe, sorry i didn't get sooner. Gary can come and fix it cause he thinks he knows what it is but he doesn't go as far a Ptbo and he says it will cost  &lt;#&gt;  bucks. I don't know if it might be cheaper to find someone there ? We don't have any second hand machines at all right now, let me know what you want to do babe",327,hey babe sorri get sooner gari come fix caus think know go far ptbo say cost buck know might cheaper find someon second hand machin right let know want babe,0
ham,make that 3! 4 fucks sake?! x,29,make fuck sake x,0
ham,Leave it. U will always be ignorant.,36,leav alway ignor,0
ham,Nope but i'll b going 2 sch on fri quite early lor cos mys sis got paper in da morn :-),87,nope b go sch fri quit earli lor cos mys sis got paper da morn,0
ham,at bruce b downs &amp; fletcher now,35,bruce b down fletcher,0
ham,Where are you ? You said you would be here when I woke ... :-(,62,said would woke,0
ham,Hey now am free you can call me.,32,hey free call,0
ham,Tell me whos this pls:-),24,tell whos pls,0
spam,"URGENT! Your mobile was awarded a å£1,500 Bonus Caller Prize on 27/6/03. Our final attempt 2 contact U! Call 08714714011",120,urgent mobil award $$$ bonus caller prize final attempt contact call,1
ham,"Think i might have to give it a miss. Am teaching til twelve, then have lecture at two. Damn this working thing.",112,think might give miss teach til twelv lectur two damn work thing,0
ham,Id have to check but there's only like 1 bowls worth left,57,id check like bowl worth left,0
ham,Yes there were many sweets,26,yes mani sweet,0
ham,I would but I'm still cozy. And exhausted from last night.nobody went to school or work. Everything is closed.,110,would still cozi exhaust last night nobodi went school work everyth close,0
ham,Buzzzz! *grins* Did I buzz your ass? Buzz your chest ? Buzz your cock ? Where do you keep your phone ? Is the vibrator on ? Did you feel it shake ?,147,buzzzz grin buzz ass buzz chest buzz cock keep phone vibrat feel shake,0
ham,Sir send to group mail check it.,32,sir send group mail check,0
ham,I'm doing da intro covers energy trends n pros n cons... Brief description of nuclear fusion n oso brief history of iter n jet got abt 7 n half pages..,151,da intro cover energi trend n pros n con brief descript nuclear fusion n oso brief histori iter n jet got abt n half page,0
ham,"\NONE!NOWHERE IKNO DOESDISCOUNT!SHITINNIT\""""",44,none nowher ikno doesdiscount shitinnit,0
ham,You dont know you jabo me abi.,30,dont know jabo abi,0
spam,"Do you ever notice that when you're driving, anyone going slower than you is an idiot and everyone driving faster than you is a maniac?",135,ever notic drive anyon go slower idiot everyon drive faster maniac,1
ham,Not yet had..ya sapna aunty manege y'day hogidhe..chinnu full weak and swalpa black agidhane..,94,yet ya sapna aunti maneg day hogidh chinnu full weak swalpa black agidhan,0
ham,"Are you being good, baby? :)",28,good babi,0
ham,"Mostly sports type..lyk footbl,crckt..",38,most sport type lyk footbl crckt,0
ham,Ma head dey swell oh. Thanks for making my day,46,head dey swell oh thank make day,0
ham,U should make a fb list,23,make fb list,0
ham,Sary just need Tim in the bollox &it hurt him a lot so he tol me!,65,sari need tim bollox hurt lot tol,0
ham,Happy New Year Princess!,24,happi new year princess,0
ham,"I'll text carlos and let you know, hang on",42,text carlo let know hang,0
ham,"Don't worry, * is easy once have ingredients!",45,worri easi ingredi,0
ham,I love u 2 my little pocy bell I am sorry but I love u,54,love littl poci bell sorri love,0
ham,"Ok omw now, you at castor?",26,ok omw castor,0
ham,Yar lor... Keep raining non stop... Or u wan 2 go elsewhere?,60,yar lor keep rain non stop wan go elsewher,0
spam,"Xmas Offer! Latest Motorola, SonyEricsson & Nokia & FREE Bluetooth or DVD! Double Mins & 1000 Txt on Orange. Call MobileUpd8 on 08000839402 or call2optout/4QF2",159,xmas offer latest motorola sonyericsson nokia free bluetooth dvd doubl min txt orang call,1
ham,What u mean u almost done? Done wif sleeping? But i tot u going to take a nap.. Yup i send her liao so i'm picking her up at ard 4 smth lor..,141,mean almost done done wif sleep tot go take nap yup send liao pick ard smth lor,0
ham,"Tonight? Yeah, I'd be down for that",35,tonight yeah,0
ham,What should i eat fo lunch senor,32,eat fo lunch senor,0
ham,"He said that he had a right giggle when he saw u again! You would possibly be the first person2die from NVQ, but think how much you could for! ",143,said right giggl saw would possibl first nvq think much could,0
ham,No break time one... How... I come out n get my stuff fr Ì_?,60,break time one come n get stuff fr,0
spam,Reply to win å£100 weekly! What professional sport does Tiger Woods play? Send STOP to 87239 to end service,107,repli win $$$ week profession sport tiger wood play send stop end servic,1
ham,"I'm there and I can see you, but you can't see me ? Maybe you should reboot ym ? I seen the buzz",96,see see mayb reboot ym seen buzz,0
ham,Do you still have the grinder?,30,still grinder,0
spam,No 1 POLYPHONIC tone 4 ur mob every week! Just txt PT2 to 87575. 1st Tone FREE ! so get txtin now and tell ur friends. 150p/tone. 16 reply HL 4info,147,polyphon tone ur mob everi week txt tone free get txtin tell ur friend tone repli hl,1
ham,K.i did't see you.:)k:)where are you now?,41,k see k,0
ham,So i'm doing a list of buyers.,30,list buyer,0
ham,"No idea, I guess we'll work that out an hour after we're supposed to leave since as usual nobody has any interest in figuring shit out before the last second",157,idea guess work hour suppos leav sinc usual nobodi interest figur shit last second,0
ham,Mm not entirely sure i understood that text but hey. Ho. Which weekend?,71,mm entir sure understood text hey ho weekend,0
ham,They released vday shirts and when u put it on it makes your bottom half naked instead of those white underwear.,112,releas vday shirt put make bottom half nake instead white underwear,0
ham,Don know..he is watching film in computer..,43,know watch film comput,0
ham,No b4 Thursday,14,thursday,0
ham,"Oh, then your phone phoned me but it disconnected",49,oh phone phone disconnect,0
ham,Id onluy matters when getting on from offcampus,47,id onluy matter get offcampus,0
spam,This message is free. Welcome to the new & improved Sex & Dogging club! To unsubscribe from this service reply STOP. msgs@150p 18+only,134,messag free welcom new improv sex dog club unsubscrib servic repli stop msgs,1
ham,"Excellent, I'll see what riley's plans are",42,excel see riley plan,0
ham,Ew are you one of them?,23,ew one,0
ham,Also hi wesley how've you been,30,also hi wesley,0
ham,Ah you see. You have to be in the lingo. I will let you know wot on earth it is when has finished making it!,108,ah see lingo let know wot earth finish make,0
spam,Update_Now - 12Mths Half Price Orange line rental: 400mins...Call MobileUpd8 on 08000839402 or call2optout=J5Q,110,updat half price orang line rental call,1
ham,Imagine Life WITHOUT ME... see.. How fast u are searching me?Don't worry.. l'm always there To disturb U.. Goodnoon..:),119,imagin life without see fast search worri l alway disturb goodnoon,0
ham,"Hm good morning, headache anyone? :-)",37,hm good morn headach anyon,0
ham,Yeah no probs - last night is obviously catching up with you... Speak soon ,75,yeah prob last night obvious catch speak soon,0
spam,FREE UNLIMITED HARDCORE PORN direct 2 your mobile Txt PORN to 69200 & get FREE access for 24 hrs then chrgd@50p per day txt Stop 2exit. This msg is free,152,free unlimit hardcor porn direct mobil txt porn get free access hrs chrgd per day txt stop msg free,1
ham,I might go 2 sch. Yar at e salon now v boring.,46,might go sch yar e salon v bore,0
ham, &lt;#&gt;  mins but i had to stop somewhere first.,51,min stop somewher first,0
ham,"&lt;#&gt;  is fast approaching. So, Wish u a very Happy New Year Happy Sankranti Happy republic day Happy Valentines Day Happy Shivratri Happy Ugadi Happy Fools day Happy May Day Happy Independence Day, Happy Friendship,Mother,Father,Teachers,Childrens Day, &amp; HAPPY BIRTHDAY 4 U. Happy Ganesh festival Happy Dasara Happy Diwali Happy Christmas  &lt;#&gt;  Good Mornings Afternoons, Evenings Nights. RememberI AM the first to WISHING U ALL THESE...your's Raj",461,fast approach wish happi new year happi sankranti happi republ day happi valentin day happi shivratri happi ugadi happi fool day happi may day happi independ day happi friendship mother father teacher children day happi birthday happi ganesh festiv happi dasara happi diwali happi christma good morn afternoon even night rememberi first wish raj,0
ham,One of the joys in lifeis waking up each daywith thoughts that somewhereSomeone cares enough tosend a warm morning greeting.. -,127,one joy lifei wake daywith thought somewheresomeon care enough tosend warm morn greet,0
ham,I didn't get the second half of that message,44,get second half messag,0
ham,Wat time do u wan 2 meet me later?,34,wat time wan meet later,0
ham,I thank you so much for all you do with selflessness. I love you plenty.,72,thank much selfless love plenti,0
ham,Am in film ill call you later.,30,film ill call later,0
ham,How dare you change my ring,27,dare chang ring,0
ham,You are a very very very very bad girl. Or lady.,48,bad girl ladi,0
ham,I love ya too but try and budget your money better babe. Gary would freak on me if he knew,90,love ya tri budget money better babe gari would freak knew,0
ham,"What part of \don't initiate\"" don't you understand""",52,part initi understand,0
ham,I finished my lunch already. U wake up already?,47,finish lunch alreadi wake alreadi,0
ham,You still at the game?,22,still game,0
ham,You have got tallent but you are wasting.,41,got tallent wast,0
ham,What is your record for one night? :),37,record one night,0
ham,"Also sir, i sent you an email about how to log into the usc payment portal. I.ll send you another message that should explain how things are back home. Have a great weekend.",173,also sir sent email log usc payment portal send anoth messag explain thing back home great weekend,0
ham, gonna let me know cos comes bak from holiday that day.  is coming. Don't4get2text me  number. ,95,gonna let know cos come bak holiday day come number,0
ham,Jokin only lar... :-) depends on which phone my father can get lor...,69,jokin lar depend phone father get lor,0
ham,"Aight, lemme know what's up",27,aight lemm know,0
ham,Get ready for  &lt;#&gt;  inches of pleasure...,47,get readi inch pleasur,0
ham,;-) ok. I feel like john lennon.,32,ok feel like john lennon,0
ham,Cos darren say Ì_ considering mah so i ask Ì_...,48,cos darren say consid mah ask,0
ham,You are not bothering me but you have to trust my answers. Pls.,63,bother trust answer pls,0
ham,One day a crab was running on the sea shore..The waves came n cleared the footprints of the crab.. Crab asked: being my frnd y r u clearing my beautiful footprints? Waves replied: A fox was following ur footprints to catch you! thats y i cleared it off:) frndsship never lets u dwn :-) GUD nyt..,295,one day crab run sea shore wave came n clear footprint crab crab ask frnd r clear beauti footprint wave repli fox follow ur footprint catch that clear frndsship never let dwn gud nyt,0
ham,Aight what time you want me to come up?,39,aight time want come,0
ham,Slaaaaave ! Where are you ? Must I summon you to me all the time now ? Don't you wish to come to me on your own anymore?,120,slaaaaav must summon time wish come anymor,0
ham,Your bill at 3 is å£33.65 so thats not bad!,43,bill $$$ that bad,0
ham,Let me know how it changes in the next 6hrs. It can even be appendix but you are out of that age range. However its not impossible. So just chill and let me know in 6hrs,169,let know chang next even appendix age rang howev imposs chill let know,0
ham,"Hello, yeah i've just got out of the bath and need to do my hair so i'll come up when i'm done, yeah?",101,hello yeah got bath need hair come done yeah,0
ham,So how's the weather over there?,32,weather,0
ham,"Ok. Not much to do here though. H&M Friday, cant wait. Dunno wot the hell im gonna do for another 3 weeks! Become a slob- oh wait, already done that! ",150,ok much though h friday cant wait dunno wot hell gonna anoth week becom slob oh wait alreadi done,0
ham,Die... Now i have e toot fringe again...,40,die e toot fring,0
ham,Lol they don't know about my awesome phone. I could click delete right now if I want.,85,lol know awesom phone could click delet right want,0
ham,"Awesome question with a cute answer: Someone asked a boy \how is ur life?\"" . . He smiled &amp; answered: . . \""She is fine!\"" Gudnite""",135,awesom question cute answer someon ask boy ur life smile answer fine gudnit,0
ham,Please leave this topic..sorry for telling that..,49,pleas leav topic sorri tell,0
ham,Pls send me the correct name da.,32,pls send correct name da,0
ham,What happened to our yo date?,29,happen yo date,0
ham,Webpage s not available!,24,webpag avail,0
ham,Just woke up. Yeesh its late. But I didn't fall asleep til &lt;#&gt; am :/,74,woke yeesh late fall asleep til,0
spam,You are now unsubscribed all services. Get tons of sexy babes or hunks straight to your phone! go to http://gotbabes.co.uk. No subscriptions.,141,unsubscrib servic get ton sexi babe hunk straight phone go http subscript,1
ham,"Dear all, as we know  &lt;#&gt; th is the  &lt;#&gt; th birthday of our loving Gopalettan. We are planning to give a small gift on that day. Those who like to participate in that you are welcome. Please contact our admin team for more details",242,dear know th th birthday love gopalettan plan give small gift day like particip welcom pleas contact admin team detail,0
ham,K..k...from tomorrow onwards started ah?,40,k k tomorrow onward start ah,0
ham,What u talking bout early morning? It's almost noon where your at!,66,talk bout earli morn almost noon,0
ham,Fine. Do you remember me.,25,fine rememb,0
spam,"Hi babe its Jordan, how r u? Im home from abroad and lonely, text me back if u wanna chat xxSP visionsms.com Text stop to stopCost 150p 08712400603",147,hi babe jordan r home abroad lone text back wanna chat xxsp http text stop stopcost,1
ham,Ok. How many should i buy.,26,ok mani buy,0
ham,"Sounds good, keep me posted",27,sound good keep post,0
spam,Get a brand new mobile phone by being an agent of The Mob! Plus loads more goodies! For more info just text MAT to 87021.,121,get brand new mobil phone agent mob plus load goodi info text mat,1
ham,Ok. So april. Cant wait,23,ok april cant wait,0
ham,Boy you best get yo ass out here quick,38,boy best get yo ass quick,0
ham,Ay wana meet on sat?Ì_ wkg on sat?,34,ay wana meet sat wkg sat,0
ham,I'm now but have to wait till 2 for the bus to pick me.,55,wait till bus pick,0
ham,Apart from the one i told you about yesterday?,46,apart one told yesterday,0
ham,Ok lor... But buy wat?,22,ok lor buy wat,0
ham,Somebody should go to andros and steal ice,42,somebodi go andro steal ice,0
ham,Don know. I did't msg him recently.,35,know msg recent,0
ham,Take us out shopping and Mark will distract Isaiah.=D,53,take us shop mark distract isaiah,0
ham,"Mum, hope you are having a great day. Hoping this text meets you well and full of life. Have a great day. Abiola",112,mum hope great day hope text meet well full life great day abiola,0
ham,There is no sense in my foot and penis.,39,sens foot peni,0
ham,Okay but i thought you were the expert,38,okay thought expert,0
ham,*deep sigh* ... I miss you :-( ... I am really surprised you haven't gone to the net cafe yet to get to me ... Don't you miss me?,129,deep sigh miss realli surpris gone net cafe yet get miss,0
ham,S.s:)i thinl role is like sachin.just standing. Others have to hit.,67,thinl role like sachin stand other hit,0
ham,Have a great trip to India. And bring the light to everyone not just with the project but with everyone that is lucky to see you smile. Bye. Abiola,147,great trip india bring light everyon project everyon lucki see smile bye abiola,0
ham,"And very importantly, all we discuss is between u and i only.",61,import discuss,0
ham,K..k:)how about your training process?,38,k k train process,0
ham,Ok lor. I ned 2 go toa payoh 4 a while 2 return smth u wan 2 send me there or wat?,82,ok lor ned go toa payoh return smth wan send wat,0
ham,In da car park ,15,da car park,0
ham,I wish that I was with you. Holding you tightly. Making you see how important you are. How much you mean to me ... How much I need you ... In my life ...,153,wish hold tight make see import much mean much need life,0
ham,So i asked how's anthony. Dad. And your bf,42,ask anthoni dad bf,0
ham,"'Wnevr i wana fal in luv vth my books, My bed fals in luv vth me..!'' . Yen madodu, nav pretsorginta, nammanna pretsovru important alwa....!!:) Gud eveB-).",155,wnevr wana fal luv vth book bed fal luv vth yen madodu nav pretsorginta nammanna pretsovru import alwa gud eveb,0
ham,Am going to take bath ill place the key in window:-),52,go take bath ill place key window,0
spam,LORD OF THE RINGS:RETURN OF THE KING in store NOW!REPLY LOTR by 2 June 4 Chance 2 WIN LOTR soundtrack CDs StdTxtRate. Reply STOP to end txts,140,lord ring return king store repli lotr june chanc win lotr soundtrack cds stdtxtrate repli stop end txts,1
ham,"Dear, take care. I am just reaching home.love u a lot.",54,dear take care reach home love lot,0
ham,staff.science.nus.edu.sg/~phyhcmk/teaching/pc1323,49,staff scienc nus edu sg phyhcmk teach,0
ham,Have you emigrated or something? Ok maybe 5.30 was a bit hopeful...,67,emigr someth ok mayb bit hope,0
ham,Olol i printed out a forum post by a guy with the exact same  prob which was fixed with a gpu replacement. Hopefully they dont ignore that.,139,olol print forum post guy exact prob fix gpu replac hope dont ignor,0
ham,We walked from my moms. Right on stagwood pass right on winterstone left on victors hill. Address is &lt;#&gt;,110,walk mom right stagwood pass right winterston left victor hill address,0
ham,"Yo, you at jp and hungry like a mofo?",37,yo jp hungri like mofo,0
ham,This is all just creepy and crazy to me.,40,creepi crazi,0
ham,Ok... I din get ur msg...,25,ok din get ur msg,0
ham,Pathaya enketa maraikara pa',28,pathaya enketa maraikara pa,0
ham,Even if he my friend he is a priest call him now,48,even friend priest call,0
ham,"U so lousy, run already come back then half dead... Hee...",58,lousi run alreadi come back half dead hee,0
ham,That's y i said it's bad dat all e gals know u... Wat u doing now?,66,said bad dat e gal know wat,0
ham,Or remind me in a few hrs.,26,remind hrs,0
ham,"I had been hoping i would not have to send you this message. My rent is due and i dont have enough for it. My reserves are completely gone. Its a loan i need and was hoping you could her. The balance is  &lt;#&gt; . Is there a way i could get that from you, till mid march when i hope to pay back.",297,hope would send messag rent due dont enough reserv complet gone loan need hope could balanc way could get till mid march hope pay back,0
ham,Hi. Happy New Year. I dont mean to intrude but can you pls let me know how much tuition you paid last semester and how much this semester is. Thanks,148,hi happi new year dont mean intrud pls let know much tuition paid last semest much semest thank,0
ham,Hello hun how ru? Its here by the way. Im good. Been on 2 dates with that guy i met in walkabout so far. We have to meet up soon. Hows everyone else?,149,hello hun ru way good date guy met walkabout far meet soon how everyon els,0
ham,Lol I was gonna last month. I cashed some in but I left &lt;#&gt; just in case. I was collecting more during the week cause they announced it on the blog.,154,lol gonna last month cash left case collect week caus announc blog,0
spam,Good Luck! Draw takes place 28th Feb 06. Good Luck! For removal send STOP to 87239 customer services 08708034412,112,good luck draw take place feb good luck remov send stop custom servic,1
ham,Short But Cute : \ Be a good person ,36,short cute good person,0
ham,Just haven't decided where yet eh ?,35,decid yet eh,0
ham,"Wat time liao, where still got.",31,wat time liao still got,0
ham,Yes watching footie but worried we're going to blow it - Phil Neville?,70,yes watch footi worri go blow phil nevill,0
ham,I wait 4 Ì_ inside da car park...,33,wait insid da car park,0
ham,Uncle Abbey! Happy New Year. Abiola,35,uncl abbey happi new year abiola,0
ham,Now am free call me pa.,23,free call pa,0
ham,R u saying i should re order the slippers cos i had to pay for returning it.,76,r say order slipper cos pay return,0
ham,Stop knowing me so well!,24,stop know well,0
ham,Good evening! this is roger. How are you?,41,good even roger,0
ham,Small problem in auction:)punj now asking tiwary,48,small problem auction punj ask tiwari,0
ham,He telling not to tell any one. If so treat for me hi hi hi,59,tell tell one treat hi hi hi,0
spam,1st wk FREE! Gr8 tones str8 2 u each wk. Txt NOKIA ON to 8007 for Classic Nokia tones or HIT ON to 8007 for Polys. Nokia/150p Poly/200p 16+,139,wk free tone wk txt nokia classic nokia tone hit poli nokia poli,1
ham,U coming 2 pick me?,19,come pick,0
ham,Thats cool. i liked your photos. You are very sexy!,51,that cool like photo sexi,0
ham,would u fuckin believe it they didnt know i had thurs pre booked off so they re cancelled me AGAIN! that needs to b sacked,122,would fuckin believ didnt know thur pre book cancel need b sack,0
ham,"Haha better late than ever, any way I could swing by?",53,haha better late ever way could swing,0
ham,Ok. But i finish at 6.,22,ok finish,0
spam,"LookAtMe!: Thanks for your purchase of a video clip from LookAtMe!, you've been charged 35p. Think you can do better? Why not send a video in a MMSto 32323.",156,lookatm thank purchas video clip lookatm charg think better send video mmsto,1
ham,I've been barred from all B and Q stores for life!?This twat in orange dungerees came up to me and asked if I wanted decking? So I got the first punch in!!,155,bar b q store life twat orang dungere came ask want deck got first punch,0
ham,So no messages. Had food?,25,messag food,0
ham,Ok going to sleep. Hope i can meet her.,39,ok go sleep hope meet,0
ham,Can you let me know details of fri when u find out cos I'm not in tom or fri. mentionned chinese. Thanks,104,let know detail fri find cos tom fri mention chines thank,0
ham,You're right I have now that I think about it,45,right think,0
ham,Wat r u doing now?,18,wat r,0
ham,Is ur lecture over?,19,ur lectur,0
spam,sexy sexy cum and text me im wet and warm and ready for some porn! u up for some fun? THIS MSG IS FREE RECD MSGS 150P INC VAT 2 CANCEL TEXT STOP,144,sexi sexi cum text wet warm readi porn fun msg free recd msgs inc vat cancel text stop,1
ham,Customer place i will call you,30,custom place call,0
ham,Not planned yet :)going to join company on jan 5 only.don know what will happen after that.,91,plan yet go join compani jan know happen,0
ham,Boy; I love u Grl: Hogolo Boy: gold chain kodstini Grl: Agalla Boy: necklace madstini Grl: agalla Boy: Hogli 1 mutai eerulli kodthini! Grl: I love U kano;-),156,boy love grl hogolo boy gold chain kodstini grl agalla boy necklac madstini grl agalla boy hog mutai eerulli kodthini grl love kano,0
ham,"Haha I heard that, text me when you're around",45,haha heard text around,0
ham,I.ll get there tomorrow and send it to you,42,get tomorrow send,0
ham,\SHIT BABE.. THASA BIT MESSED UP.YEH,36,shit babe thasa bit mess yeh,0
ham,Oh thats late! Well have a good night and i will give u a call tomorrow. Iam now going to go to sleep night night,113,oh that late well good night give call tomorrow iam go go sleep night night,0
ham,"\CHEERS U TEX MECAUSE U WEREBORED! YEAH OKDEN HUNNY R UIN WK SAT?SOUNDåÕS LIKEYOUR HAVIN GR8FUN J! KEEP UPDAT COUNTINLOTS OF LOVEME XXXXX.\""""",141,cheer tex mecaus werebor yeah okden hunni r uin wk sat sound likeyour havin j keep updat countinlot lovem xxxxx,0
ham,"Sorry,  in meeting I'll call you later",38,sorri meet call later,0
ham,Yo! Howz u? girls never rang after india. L,43,yo howz girl never rang india l,0
ham,Yeah but which is worse for i,29,yeah wors,0
ham,I tagged MY friends that you seemed to count as YOUR friends.,61,tag friend seem count friend,0
ham,Long time. You remember me today.,33,long time rememb today,0
ham,Havent shopping now lor i juz arrive only,41,havent shop lor juz arriv,0
ham,Thank u. IT BETTER WORK OUT CAUSE I WILL FEEL USED OTHERWISE,60,thank better work caus feel use otherwis,0
ham,Are you up for the challenge? I know i am :),44,challeng know,0
ham,How much did ur hdd casing cost.,32,much ur hdd case cost,0
ham,Mystery solved! Just opened my email and he's sent me another batch! Isn't he a sweetie,87,mysteri solv open email sent anoth batch sweeti,0
ham,I can't describe how lucky you are that I'm actually awake by noon,66,describ lucki actual awak noon,0
spam,This is the 2nd time we have tried to contact u. U have won the å£1450 prize to claim just call 09053750005 b4 310303. T&Cs/stop SMS 08718725756. 140ppm,152,time tri contact $$$ prize claim call cs stop sms,1
ham,Cheers for the card ... Is it that time of year already?,56,cheer card time year alreadi,0
ham,Ugh hopefully the asus ppl dont randomly do a reformat.,55,ugh hope asus ppl dont random reformat,0
ham,"Haven't seen my facebook, huh? Lol!",35,seen facebook huh lol,0
ham,"Mah b, I'll pick it up tomorrow",31,mah b pick tomorrow,0
ham,Still otside le..u come 2morrow maga..,38,still otsid le come maga,0
ham,Do u still have plumbers tape and a wrench we could borrow?,59,still plumber tape wrench could borrow,0
spam,"Dear Voucher Holder, To claim this weeks offer, at you PC please go to http://www.e-tlp.co.uk/reward. Ts&Cs apply.",114,dear voucher holder claim week offer pc pleas go http ts cs appli,1
ham,It vl bcum more difficult..,27,vl bcum difficult,0
ham,Havent still waitin as usual... ÌÏ come back sch oredi?,55,havent still waitin usual iï come back sch oredi,0
ham,In meeting da. I will call you,30,meet da call,0
ham,K k :-):-) then watch some films.,33,k k watch film,0
ham,Does cinema plus drink appeal tomo? * Is a fr thriller by director i like on at mac at 8.30.,92,cinema plus drink appeal tomo fr thriller director like mac,0
ham,There the size of elephant tablets & u shove um up ur ass!!,59,size eleph tablet shove um ur ass,0
ham,"So many people seems to be special at first sight, But only very few will remain special to you till your last sight.. Maintain them till life ends.. take cr da",160,mani peopl seem special first sight remain special till last sight maintain till life end take cr da,0
ham,"My Parents, My Kidz, My Friends n My Colleagues. All screaming.. SURPRISE !! and I was waiting on the sofa.. ... ..... ' NAKED...!",130,parent kidz friend n colleagu scream surpris wait sofa nake,0
ham,Dunno i juz askin cos i got a card got 20% off 4 a salon called hair sense so i tot it's da one Ì_ cut ur hair. ,112,dunno juz askin cos got card got salon call hair sens tot da one cut ur hair,0
ham,Good morning pookie pie! Lol hope I didn't wake u up,52,good morn pooki pie lol hope wake,0
ham,MAYBE IF YOU WOKE UP BEFORE FUCKING 3 THIS WOULDN'T BE A PROBLEM.,65,mayb woke fuck problem,0
ham,Happy birthday to you....dear.with lots of love.rakhesh NRI,59,happi birthday dear lot love rakhesh nri,0
spam,"This is the 2nd time we have tried 2 contact u. U have won the 750 Pound prize. 2 claim is easy, call 08712101358 NOW! Only 10p per min. BT-national-rate",153,time tri contact pound prize claim easi call per min bt nation rate,1
ham,X2  &lt;#&gt; . Are you going to get that,41,go get,0
ham,Hi neva worry bout da truth coz the truth will lead me 2 ur heart. ItåÕs the least a unique person like u deserve. Sleep tight or morning,137,hi neva worri bout da truth coz truth lead ur heart least uniqu person like deserv sleep tight morn,0
spam,UR awarded a City Break and could WIN a å£200 Summer Shopping spree every WK. Txt STORE to 88039.SkilGme.TsCs087147403231Winawk!Age16+å£1.50perWKsub,148,ur award citi break could win $$$ summer shop spree everi wk txt store skilgm $$$,1
ham,Is ur paper today in e morn or aft?,35,ur paper today e morn aft,0
ham,I will lick up every drop :) are you ready to use your mouth as well?,69,lick everi drop readi use mouth well,0
ham,And you! Will expect you whenever you text! Hope all goes well tomo ,68,expect whenev text hope goe well tomo,0
ham,Great. P diddy is my neighbor and comes for toothpaste every morning,68,great p diddi neighbor come toothpast everi morn,0
ham,"I av a new number,  . Wil u only use this one,ta.",49,av new number wil use one ta,0
ham,So its to be poking man everyday that they teach you in canada abi! How are you. Just saying hi.,96,poke man everyday teach canada abi say hi,0
ham,7 lor... Change 2 suntec... Wat time u coming?,46,lor chang suntec wat time come,0
ham,No de.am seeing in online shop so that i asked.,47,de see onlin shop ask,0
ham,Just curious because my cuz asked what I was up to,50,curious cuz ask,0
ham,Okay lor... Wah... like that def they wont let us go... Haha... What did they say in the terms and conditions?,110,okay lor wah like def wont let us go haha say term condit,0
ham,Haha... Yup hopefully  we will lose a few kg by mon. after hip hop can go orchard and weigh again,97,haha yup hope lose kg mon hip hop go orchard weigh,0
ham,She's good. How are you. Where r u working now,46,good r work,0
ham,"Oh, yes, I've just been a little under the weather so i've kind of been coccooning at home",90,oh yes littl weather kind coccoon home,0
ham,At home also.,13,home also,0
ham,This phone has the weirdest auto correct.,41,phone weirdest auto correct,0
ham,Oops my phone died and I didn't even know. Yeah I like it better.,65,oop phone die even know yeah like better,0
ham,Havent mus ask if u can 1st wat. Of meet 4 lunch den u n him meet can already lor. Or u wan 2 go ask da ge 1st then confirm w me asap?,134,havent mus ask wat meet lunch den n meet alreadi lor wan go ask da ge confirm w asap,0
ham,"She said,'' do u mind if I go into the bedroom for a minute ? '' ''OK'', I sed in a sexy mood. She came out 5 minuts latr wid a cake...n My Wife,",145,said mind go bedroom minut ok sed sexi mood came minut latr wid cake n wife,0
ham,"OH YEAH,AND HAV A GREAT TIME IN NEWQUAY-SEND ME A POSTCARD !1 LOOK AFTER ALL THE GIRLS WHILE IM GONE(U KNOW THE 1IM TALKIN BOUT!)xx",131,oh yeah hav great time newquay send postcard look girl gone know talkin bout xx,0
ham,We got a divorce. Lol. She.s here,33,got divorc lol,0
ham,What's ur pin?,14,ur pin,0
ham,"Babe, have you got enough money to pick up bread and milk ? And I'll give you it back when you get home ?",105,babe got enough money pick bread milk give back get home,0
ham,I want snow. It's just freezing and windy.,42,want snow freez windi,0
spam,URGENT! We are trying to contact U. Todays draw shows that you have won a å£2000 prize GUARANTEED. Call 09066358361 from land line. Claim Y87. Valid 12hrs only,159,urgent tri contact today draw show $$$ prize guarante call land line claim valid,1
ham,Come to mahal bus stop.. &lt;DECIMAL&gt;,40,come mahal bus stop,0
ham,Don know:)this week i'm going to tirunelvai da.,47,know week go tirunelvai da,0
ham,Me too baby! I promise to treat you well! I bet you will take good care of me...,80,babi promis treat well bet take good care,0
ham,Its like that hotel dusk game i think. You solve puzzles in a area thing,72,like hotel dusk game think solv puzzl area thing,0
spam,"Thanks for your ringtone order, reference number X29. Your mobile will be charged 4.50. Should your tone not arrive please call customer services 09065989180",157,thank rington order refer number mobil charg tone arriv pleas call custom servic,1
ham,"Hi, my love! How goes that day? Fuck, this morning I woke and dropped my cell on the way down the stairs but it seems alright ... *phews* I miss you !",150,hi love goe day fuck morn woke drop cell way stair seem alright phew miss,0
ham,Well that must be a pain to catch,33,well must pain catch,0
ham,Sorry da thangam.it's my mistake.,33,sorri da thangam mistak,0
ham,I need... Coz i never go before ,32,need coz never go,0
ham,"Rose for red,red for blood,blood for heart,heart for u. But u for me.... Send tis to all ur friends.. Including me.. If u like me.. If u get back, 1-u r poor in relation! 2-u need some 1 to support 3-u r frnd 2 many 4-some1 luvs u 5+- some1 is praying god to marry u.:-) try it....",281,rose red red blood blood heart heart send tis ur friend includ like get back r poor relat need support r frnd mani luv pray god marri tri,0
spam,Ur cash-balance is currently 500 pounds - to maximize ur cash-in now send COLLECT to 83600 only 150p/msg. CC: 08718720201 PO BOX 114/14 TCR/W1,142,ur cash balanc current pound maxim ur cash send collect msg cc po box tcr,1
ham,"I feel like a dick because I keep sleeping through your texts and facebook messages. Sup, you in town?",102,feel like dick keep sleep text facebook messag sup town,0
ham,No plm i will come da. On the way.,34,plm come da way,0
ham,Guess he wants alone time. We could just show up and watch when they do..,73,guess want alon time could show watch,0
ham,Height of recycling: Read twice- People spend time for earning money and the same money is spent for spending time!;-) Good morning.. keep smiling:-),149,height recycl read twice peopl spend time earn money money spent spend time good morn keep smile,0
ham,Yup Ì_ not comin :-(,20,yup comin,0
ham,"Yes, princess. Toledo.",22,yes princess toledo,0
ham,"Aight text me when you're back at mu and I'll swing by, need somebody to get the door for me",92,aight text back mu swing need somebodi get door,0
ham,Ron say fri leh. N he said ding tai feng cant make reservations. But he said wait lor.,86,ron say fri leh n said ding tai feng cant make reserv said wait lor,0
ham,Good. No swimsuit allowed :),28,good swimsuit allow,0
ham,Am okay. Will soon be over. All the best,40,okay soon best,0
ham,A cute thought for friendship: \Its not necessary to share every secret with ur close Frnd,90,cute thought friendship necessari share everi secret ur close frnd,0
ham,Ok i've sent u da latest version of da project.,47,ok sent da latest version da project,0
ham,Pls accept me for one day. Or am begging you change the number.,63,pls accept one day beg chang number,0
ham,Squeeeeeze!! This is christmas hug.. If u lik my frndshp den hug me back.. If u get 3 u r cute:) 6 u r luvd:* 9 u r so lucky;) None? People hate u:,147,squeeeeez christma hug lik frndshp den hug back get r cute r luvd r lucki none peopl hate,0
ham,"Its ok, if anybody asks abt me, u tel them..:-P",47,ok anybodi ask abt tel p,0
ham,"Funny fact Nobody teaches volcanoes 2 erupt, tsunamis 2 arise, hurricanes 2 sway aroundn no 1 teaches hw 2 choose a wife Natural disasters just happens",151,funni fact nobodi teach volcano erupt tsunami aris hurrican sway aroundn teach hw choos wife natur disast happen,0
ham,* You gonna ring this weekend or wot?,37,gonna ring weekend wot,0
ham,Also track down any lighters you can find,41,also track lighter find,0
ham,"Babe, I need your advice",24,babe need advic,0
ham,"IÛ÷ll leave around four, ok?",29,leav around four ok,0
ham,Come to medical college at 7pm ......forward it da,50,come medic colleg forward da,0
ham,K:)k..its good:)when are you going?,35,k k good go,0
ham,I can make lasagna for you... vodka...,38,make lasagna vodka,0
ham,HI ITS KATE CAN U GIVE ME A RING ASAP XXX,41,hi kate give ring asap xxx,0
ham,Who were those people ? Were you in a tour ? I thought you were doing that sofa thing you sent me ? Your curious sugar,118,peopl tour thought sofa thing sent curious sugar,0
ham,"No, but you told me you were going, before you got drunk!",57,told go got drunk,0
ham,He fucking chickened out. He messaged me he would be late and woould buzz me and then I didn't hear a word from him,115,fuck chicken messag would late woould buzz hear word,0
spam,"Congratulations! Thanks to a good friend U have WON the å£2,000 Xmas prize. 2 claim is easy, just call 08718726978 NOW! Only 10p per minute. BT-national-rate",157,congratul thank good friend $$$ xmas prize claim easi call per minut bt nation rate,1
ham,I'm always looking for an excuse to be in the city.,51,alway look excus citi,0
ham,Yup i'm still having coffee wif my frens... My fren drove she'll give me a lift...,82,yup still coffe wif fren fren drove give lift,0
ham,O shore are you takin the bus,29,shore takin bus,0
ham,So u gonna get deus ex?,23,gonna get deus ex,0
ham,I will send them to your email. Do you mind  &lt;#&gt;  times per night?,72,send email mind time per night,0
spam,"44 7732584351, Do you want a New Nokia 3510i colour phone DeliveredTomorrow? With 300 free minutes to any mobile + 100 free texts + Free Camcorder reply or call 08000930705.",173,want new nokia colour phone deliveredtomorrow free minut mobil free text free camcord repli call,1
ham,tap & spile at seven. * Is that pub on gas st off broad st by canal. Ok?,72,tap spile seven pub gas st broad st canal ok,0
ham,Ok then i come n pick u at engin?,33,ok come n pick engin,0
ham,Which is why i never wanted to tell you any of this. Which is why i'm so short with you and on-edge as of late.,111,never want tell short edg late,0
ham,Raviyog Peripherals bhayandar east,34,raviyog peripher bhayandar east,0
ham,K actually can you guys meet me at the sunoco on howard? It should be right on the way,86,k actual guy meet sunoco howard right way,0
ham,"MOON has come to color your dreams, STARS to make them musical and my SMS to give you warm and Peaceful Sleep. Good Night",121,moon come color dream star make music sms give warm peac sleep good night,0
ham,Just finished eating. Got u a plate. NOT leftovers this time.,61,finish eat got plate leftov time,0
ham,Thanx a lot...,14,thanx lot,0
ham,Hurry home u big butt. Hang up on your last caller if u have to. Food is done and I'm starving. Don't ask what I cooked.,120,hurri home big butt hang last caller food done starv ask cook,0
ham,Lol your right. What diet? Everyday I cheat anyway. I'm meant to be a fatty :(,78,lol right diet everyday cheat anyway meant fatti,0
ham,Its a great day. Do have yourself a beautiful one.,50,great day beauti one,0
ham,What happened in interview?,27,happen interview,0
ham,Badrith is only for chennai:)i will surely pick for us:)no competition for him.,79,badrith chennai sure pick us competit,0
ham,I tot it's my group mate... Lucky i havent reply... Wat time do Ì_ need to leave... ,84,tot group mate lucki havent repli wat time need leav,0
ham,Hey you around? I've got enough for a half + the ten I owe you,62,hey around got enough half ten owe,0
ham,Hey tmr maybe can meet you at yck,33,hey tmr mayb meet yck,0
ham,ALRITE SAM ITS NIC JUST CHECKIN THAT THIS IS UR NUMBER-SO IS IT?T.B*,68,alrit sam nic checkin ur number b,0
ham,They are just making it easy to pay back. I have  &lt;#&gt; yrs to say but i can pay back earlier. You get?,107,make easi pay back yrs say pay back earlier get,0
ham,Not to worry. I'm sure you'll get it.,37,worri sure get,0
ham,"The gas station is like a block away from my house, you'll drive right by it since armenia ends at swann and you have to take howard",132,gas station like block away hous drive right sinc armenia end swann take howard,0
spam,"Someone U know has asked our dating service 2 contact you! Cant Guess who? CALL 09058097189 NOW all will be revealed. POBox 6, LS15HB 150p ",139,someon know ask date servic contact cant guess call reveal pobox,1
spam,Camera - You are awarded a SiPix Digital Camera! call 09061221066 fromm landline. Delivery within 28 days,105,camera award sipix digit camera call fromm landlin deliveri within day,1
ham,My tuition is at 330. Hm we go for the 1120 to 1205 one? Do you mind?,69,tuition hm go one mind,0
ham,"I'm not smoking while people use \wylie smokes too much\"" to justify ruining my shit""",85,smoke peopl use wyli smoke much justifi ruin shit,0
ham,Dear good morning how you feeling dear,38,dear good morn feel dear,0
ham,A little. Meds say take once every 8 hours. It's only been 5 but pain is back. So I took another. Hope I don't die,114,littl med say take everi hour pain back took anoth hope die,0
ham,"Beautiful tomorrow never comes.. When it comes, it's already TODAY.. In the hunt of beautiful tomorrow don't waste your wonderful TODAY.. GOODMORNING:)",151,beauti tomorrow never come come alreadi today hunt beauti tomorrow wast wonder today goodmorn,0
ham,Dunno lei Ì_ all decide lor. How abt leona? Oops i tot ben is going n i msg him.,80,dunno lei decid lor abt leona oop tot ben go n msg,0
ham,Hi there. We have now moved in2 our pub . Would be great 2 c u if u cud come up.,80,hi move pub would great cud come,0
spam,Todays Voda numbers ending 5226 are selected to receive a ?350 award. If you hava a match please call 08712300220 quoting claim code 1131 standard rates app ,157,today voda number end select receiv award hava match pleas call quot claim code standard rate app,1
spam,This message is free. Welcome to the new & improved Sex & Dogging club! To unsubscribe from this service reply STOP. msgs@150p 18 only,134,messag free welcom new improv sex dog club unsubscrib servic repli stop msgs,1
ham,Just do what ever is easier for you,35,ever easier,0
spam,RCT' THNQ Adrian for U text. Rgds Vatian,40,rct thnq adrian text rgds vatian,1
ham,Stop calling everyone saying I might have cancer. My throat hurts to talk. I can't be answering everyones calls. If I get one more call I'm not babysitting on Monday,165,stop call everyon say might cancer throat hurt talk answer everyon call get one call babysit monday,0
ham,"It'll be tough, but I'll do what I have to",42,tough,0
ham,IM GONNAMISSU SO MUCH!!I WOULD SAY IL SEND U A POSTCARD BUTTHERES ABOUTAS MUCH CHANCE OF MEREMEMBERIN ASTHERE IS OFSI NOT BREAKIN HIS CONTRACT!! LUV Yaxx,153,gonnamissu much would say il send postcard butther abouta much chanc merememberin asther ofsi breakin contract luv yaxx,0
ham,Ee msg na poortiyagi odalebeku: Hanumanji 7 name 1-Hanuman 2-Bajarangabali 3-Maruti 4-Pavanaputra 5-Sankatmochan 6-Ramaduth 7-Mahaveer ee 7 name  &lt;#&gt;  janarige ivatte kalisidare next saturday olage ondu good news keluviri...! Maretare inde 1 dodda problum nalli siguviri idu matra  &lt;#&gt; % true.. Don't neglet.,320,ee msg na poortiyagi odalebeku hanumanji name hanuman bajarangabali maruti pavanaputra sankatmochan ramaduth mahav ee name janarig ivatt kalisidar next saturday olag ondu good news keluviri maretar ind dodda problum nalli siguviri idu matra true neglet,0
ham,HI DARLIN I FINISH AT 3 DO U 1 2 PICK ME UP OR MEET ME? TEXT BACK ON THIS NUMBER LUV KATE XXX,93,hi darlin finish pick meet text back number luv kate xxx,0
ham,"Set a place for me in your heart and not in your mind, as the mind easily forgets but the heart will always remember. Wish you Happy Valentines Day!",148,set place heart mind mind easili forget heart alway rememb wish happi valentin day,0
ham,But i'm surprised she still can guess right lor...,50,surpris still guess right lor,0
ham,Okie Ì_ wan meet at bishan? Cos me at bishan now. I'm not driving today.,72,oki wan meet bishan cos bishan drive today,0
ham,HI DARLIN HOW WAS WORK DID U GET INTO TROUBLE? IJUST TALKED TO YOUR MUM ALL MORNING! I HAD A REALLY GOOD TIME LAST NIGHT IM GOIN OUT SOON BUT CALL ME IF U CAN,158,hi darlin work get troubl ijust talk mum morn realli good time last night goin soon call,0
ham,I know you are serving. I mean what are you doing now.,54,know serv mean,0
ham,"Huh... Hyde park not in mel ah, opps, got confused... Anyway, if tt's e best choice den we juz have to take it...",113,huh hyde park mel ah opp got confus anyway tt e best choic den juz take,0
ham,Oh gei. That happend to me in tron. Maybe ill dl it in 3d when its out,70,oh gei happend tron mayb ill dl,0
ham,I know girls always safe and selfish know i got it pa. Thank you. good night.,77,know girl alway safe selfish know got pa thank good night,0
ham,"No worries, hope photo shoot went well. have a spiffing fun at workage. ",72,worri hope photo shoot went well spif fun workag,0
ham,I'm freezing and craving ice. Fml,33,freez crave ice fml,0
ham,Kay... Since we are out already ,32,kay sinc alreadi,0
ham,Eh sorry leh... I din c ur msg. Not sad already lar. Me watching tv now. U still in office?,91,eh sorri leh din ur msg sad alreadi lar watch tv still offic,0
ham,Yo im right by yo work,22,yo right yo work,0
ham,Ok darlin i supose it was ok i just worry too much.i have to do some film stuff my mate and then have to babysit again! But you can call me there.xx,148,ok darlin supos ok worri much film stuff mate babysit call xx,0
ham,I don wake since. I checked that stuff and saw that its true no available spaces. Pls call the embassy or send a mail to them.,126,wake sinc check stuff saw true avail space pls call embassi send mail,0
ham,Nope... Juz off from work...,28,nope juz work,0
ham,Huh so fast... Dat means u havent finished painting?,52,huh fast dat mean havent finish paint,0
ham, what number do u live at? Is it 11?,36,number live,0
ham,"No we put party 7 days a week and study lightly, I think we need to draw in some custom checkboxes so they know we're hardcore",126,put parti day week studi light think need draw custom checkbox know hardcor,0
ham,Sac will score big hundred.he is set batsman:-),47,sac score big hundr set batsman,0
ham,Send me yetty's number pls.,27,send yetti number pls,0
ham,How much it will cost approx . Per month.,41,much cost approx per month,0
ham,Ok... The theory test? when are Ì_ going to book? I think it's on 21 may. Coz thought wanna go out with jiayin. But she isnt free,129,ok theori test go book think may coz thought wanna go jiayin isnt free,0
spam,"You are being contacted by our dating service by someone you know! To find out who it is, call from a land line 09050000928. PoBox45W2TG150P",140,contact date servic someon know find call land line,1
ham,"That's fine, have him give me a call if he knows what he wants or has any questions",83,fine give call know want question,0
ham,"Sorry, got a late start, we're on the way",41,sorri got late start way,0
ham,Then u go back urself lor...,28,go back urself lor,0
ham,I AM AT THE GAS STATION. GO THERE.,34,gas station go,0
ham,"K, if u bored up just come to my home..",39,k bore come home,0
ham,Babe !!!! I LOVE YOU !!!! *covers your face in kisses*,54,babe love cover face kiss,0
ham,"Like I made him throw up when we were smoking in our friend's car one time, it was awesome",90,like made throw smoke friend car one time awesom,0
ham,Still i have not checked it da. . .,35,still check da,0
ham,You will go to walmart. I.ll stay.,34,go walmart stay,0
ham,"I haven't forgotten you, i might have a couple bucks to send you tomorrow, k? I love ya too",91,forgotten might coupl buck send tomorrow k love ya,0
ham,Oh great. I.ll disturb him more so that we can talk.,52,oh great disturb talk,0
ham,Reverse is cheating. That is not mathematics.,45,revers cheat mathemat,0
ham,U're welcome... Caught u using broken english again...,54,welcom caught use broken english,0
ham,No problem baby. Is this is a good time to talk? I called and left a message.,77,problem babi good time talk call left messag,0
ham,Oh is it! Which brand?,22,oh brand,0
ham,Sorry i cant take your call right now. It so happens that there r 2waxsto do wat you want. She can come and ill get her medical insurance. And she'll be able to deliver and have basic care. I'm currently shopping for the right medical insurance for her. So just give me til friday morning. Thats when i.ll see the major person that can guide me to the right insurance.,368,sorri cant take call right happen r wat want come ill get medic insur abl deliv basic care current shop right medic insur give til friday morn that see major person guid right insur,0
ham,At what time are you coming.,28,time come,0
ham,Call him and say you not coming today ok and tell them not to fool me like this ok,82,call say come today ok tell fool like ok,0
ham,I emailed yifeng my part oredi.. Can Ì_ get it fr him..,55,email yifeng part oredi get fr,0
ham,R u sure they'll understand that! Wine * good idea just had a slurp!,68,r sure understand wine good idea slurp,0
ham,Minimum walk is 3miles a day.,29,minimum walk day,0
ham,Ok not a problem will get them a taxi. C ing  tomorrow and tuesday. On tuesday think we r all going to the cinema. ,115,ok problem get taxi ing tomorrow tuesday tuesday think r go cinema,0
ham,"Brainless Baby Doll..:-D;-), vehicle sariyag drive madoke barolla..",67,brainless babi doll vehicl sariyag drive madok barolla,0
spam,Sorry I missed your call let's talk when you have the time. I'm on 07090201529,78,sorri miss call let talk time,1
ham,Please attend the phone:),25,pleas attend phone,0
ham,You only hate me. You can call any but you didnt accept even a single call of mine. Or even you messaged,104,hate call didnt accept even singl call mine even messag,0
ham,No messages on her phone. I'm holding it now,44,messag phone hold,0
ham,Can... I'm free...,18,free,0
ham,"Yo my trip got postponed, you still stocked up?",47,yo trip got postpon still stock,0
ham,I am waiting for your call sir.,31,wait call sir,0
ham,Hey what are you doing. Y no reply pa..,39,hey repli pa,0
ham,"Hey elaine, is today's meeting still on?",40,hey elain today meet still,0
ham,Sorry i've not gone to that place. I.ll do so tomorrow. Really sorry.,69,sorri gone place tomorrow realli sorri,0
ham,Most of the tiime when i don't let you hug me it's so i don't break into tears.,79,tiim let hug break tear,0
ham,Tomorrow i am not going to theatre. . . So i can come wherever u call me. . . Tell me where and when to come tomorrow,117,tomorrow go theatr come wherev call tell come tomorrow,0
ham,And now electricity just went out fml.,38,electr went fml,0
ham,"Looks like you found something to do other than smoke, great job!",65,look like found someth smoke great job,0
ham,Also andros ice etc etc,23,also andro ice etc etc,0
ham,:) ,3,,0
ham,"Good afternon, my love. How are today? I hope your good and maybe have some interviews. I wake and miss you babe. A passionate kiss from across the sea",151,good afternon love today hope good mayb interview wake miss babe passion kiss across sea,0
ham,Yup. Wun believe wat? U really neva c e msg i sent shuhui?,58,yup wun believ wat realli neva e msg sent shuhui,0
ham,Hows that watch resizing,24,how watch resiz,0
ham,Dear umma she called me now :-),31,dear umma call,0
ham,Just finished. Missing you plenty,33,finish miss plenti,0
spam,"complimentary 4 STAR Ibiza Holiday or å£10,000 cash needs your URGENT collection. 09066364349 NOW from Landline not to lose out! Box434SK38WP150PPM18+",150,complimentari star ibiza holiday $$$ cash need urgent collect landlin lose,1
ham,"Well, I meant as opposed to my drunken night of before",54,well meant oppos drunken night,0
ham,K... Must book a not huh? so going for yoga basic on sunday?,60,k must book huh go yoga basic sunday,0
spam,FREE MSG:We billed your mobile number by mistake from shortcode 83332.Please call 08081263000 to have charges refunded.This call will be free from a BT landline,160,free msg bill mobil number mistak shortcod pleas call charg refund call free bt landlin,1
ham,Ok can...,9,ok,0
ham,"Oops - am at my mum's in somerset... Bit far! Back tomo, see you soon x",71,oop mum somerset bit far back tomo see soon x,0
ham,So u workin overtime nigpun?,28,workin overtim nigpun,0
ham,Same as kallis dismissial in 2nd test:-).,41,kalli dismissi test,0
ham,O. Guess they both got screwd,29,guess got screwd,0
spam,Please CALL 08712402972 immediately as there is an urgent message waiting for you,81,pleas call immedi urgent messag wait,1
ham,What r u cooking me for dinner?,31,r cook dinner,0
ham,Bull. Your plan was to go floating off to IKEA with me without a care in the world. So i have to live with your mess another day.,129,bull plan go float ikea without care world live mess anoth day,0
ham,Then i buy.,11,buy,0
spam,URGENT! Your Mobile number has been awarded with a å£2000 Bonus Caller Prize. Call 09058095201 from land line. Valid 12hrs only,127,urgent mobil number award $$$ bonus caller prize call land line valid,1
ham,Heehee that was so funny tho,28,heehe funni tho,0
ham,It only does simple arithmetic not percentages.,47,simpl arithmet percentag,0
ham,"Yeah we wouldn't leave for an hour at least, how's 4 sound?",59,yeah leav hour least sound,0
ham,Thanks honey. Have a great day.,31,thank honey great day,0
ham,"'An Amazing Quote'' - \Sometimes in life its difficult to decide whats wrong!! a lie that brings a smile or the truth that brings a tear....\""""",143,amaz quot sometim life difficult decid what wrong lie bring smile truth bring tear,0
ham,Then Ì_ ask dad to pick Ì_ up lar... ÌÏ wan 2 stay until 6 meh...,65,ask dad pick lar iï wan stay meh,0
ham,"Jus chillaxin, what up",22,jus chillaxin,0
ham,"\HEY DAS COOL... IKNOW ALL 2 WELLDA PERIL OF STUDENTFINANCIAL CRISIS!SPK 2 U L8R.\""""",84,hey das cool iknow wellda peril studentfinanci crisi spk,0
spam,Do you want a New Nokia 3510i colour phone DeliveredTomorrow? With 300 free minutes to any mobile + 100 free texts + Free Camcorder reply or call 08000930705,157,want new nokia colour phone deliveredtomorrow free minut mobil free text free camcord repli call,1
ham,"Whats that coming over the hill..... Is it a monster! Hope you have a great day. Things r going fine here, busy though! ",120,what come hill monster hope great day thing r go fine busi though,0
ham,Joy's father is John. Then John is the ____ of Joy's father. If u ans ths you hav  &lt;#&gt;  IQ. Tis s IAS question try to answer.,131,joy father john john joy father an ths hav iq tis ia question tri answer,0
ham,Only once then after ill obey all yours.,40,ill obey,0
ham,No she didnt. I will search online and let you know.,52,didnt search onlin let know,0
ham,Where do you need to go to get it?,34,need go get,0
ham,No pic. Please re-send.,23,pic pleas send,0
ham,Uhhhhrmm isnt having tb test bad when youre sick,48,uhhhhrmm isnt tb test bad your sick,0
ham,But i haf enuff space got like 4 mb...,38,haf enuff space got like mb,0
spam,LIFE has never been this much fun and great until you came in. You made it truly special for me. I won't forget you! enjoy @ one gbp/sms,136,life never much fun great came made truli special forget enjoy one gbp sms,1
spam,Do you want a new Video phone? 600 anytime any network mins 400 Inclusive Video calls AND downloads 5 per week Free delTOMORROW call 08002888812 or reply NOW,157,want new video phone anytim network min inclus video call download per week free deltomorrow call repli,1
spam,"As a valued customer, I am pleased to advise you that following recent review of your Mob No. you are awarded with a å£1500 Bonus Prize, call 09066368470",153,valu custom pleas advis follow recent review mob award $$$ bonus prize call,1
spam,Welcome! Please reply with your AGE and GENDER to begin. e.g 24M,64,welcom pleas repli age gender begin e g,1
spam,Freemsg: 1-month unlimited free calls! Activate SmartCall Txt: CALL to No: 68866. Subscriptn3gbp/wk unlimited calls Help: 08448714184 Stop?txt stop landlineonly,160,freemsg month unlimit free call activ smartcal txt call wk unlimit call help stop txt stop landlineon,1
spam,Had your mobile 10 mths? Update to latest Orange camera/video phones for FREE. Save å£s with Free texts/weekend calls. Text YES for a callback orno to opt out,158,mobil mths updat latest orang camera video phone free save $$$ free text weekend call text yes callback orno opt,1
spam,Am new 2 club & dont fink we met yet Will B gr8 2 C U Please leave msg 2day wiv ur area 09099726553 reply promised CARLIE x Callså£1/minMobsmore LKPOBOX177HP51FL,161,new club dont fink met yet b pleas leav msg wiv ur area repli promis carli x call $$$ minmobsmor,1
ham,True. Its easier with her here.,31,true easier,0
ham,Sure but since my parents will be working on Tuesday I don't really need a cover story,86,sure sinc parent work tuesday realli need cover stori,0
ham,Haha okay... Today weekend leh... ,34,haha okay today weekend leh,0
ham,"\Hi darlin did youPhone me? Im atHome if youwanna chat.\""""",58,hi darlin youphon athom youwanna chat,0
ham,I don't know jack shit about anything or i'd say/ask something helpful but if you want you can pretend that I did and just text me whatever in response to the hypotheticalhuagauahahuagahyuhagga,193,know jack shit anyth say ask someth help want pretend text whatev respons hypotheticalhuagauahahuagahyuhagga,0
ham,You've always been the brainy one.,34,alway braini one,0
ham,Yeah if we do have to get a random dude we need to change our info sheets to PARTY  &lt;#&gt; /7 NEVER STUDY just to be safe,124,yeah get random dude need chang info sheet parti never studi safe,0
spam,Camera - You are awarded a SiPix Digital Camera! call 09061221066 fromm landline. Delivery within 28 days.,106,camera award sipix digit camera call fromm landlin deliveri within day,1
ham,"Christmas is An occasion that is Celebrated as a Reflection of UR... Values..., Desires..., Affections...&amp; Traditions.... Have an ideal Christmas...",152,christma occas celebr reflect ur valu desir affect tradit ideal christma,0
ham,Sending you greetings of joy and happiness. Do have a gr8 evening,65,send greet joy happi even,0
ham,"\Hi darlin i cantdo anythingtomorrow as myparents aretaking me outfor a meal. when are u free? Katexxx\""""",105,hi darlin cantdo anythingtomorrow mypar aretak outfor meal free katexxx,0
ham,If india win or level series means this is record:),51,india win level seri mean record,0
ham,Then what about further plan?,29,plan,0
ham,Its good to hear from you,25,good hear,0
ham,"awesome, how do I deal with the gate? Charles told me last night but, uh, yeah",78,awesom deal gate charl told last night uh yeah,0
ham,What time you thinkin of goin?,30,time thinkin goin,0
spam,Get a FREE mobile video player FREE movie. To collect text GO to 89105. Its free! Extra films can be ordered t's and c's apply. 18 yrs only,139,get free mobil video player free movi collect text go free extra film order appli yrs,1
spam,Save money on wedding lingerie at www.bridal.petticoatdreams.co.uk Choose from a superb selection with national delivery. Brought to you by WeddingFriend,153,save money wed lingeri http choos superb select nation deliveri brought weddingfriend,1
ham,Your board is working fine. The issue of overheating is also reslove. But still software inst is pending. I will come around 8'o clock.,135,board work fine issu overh also reslov still softwar inst pend come around clock,0
ham,Yes but I don't care cause I know its there!,44,yes care caus know,0
ham,"Mon okie lor... Haha, best is cheap n gd food la, ex oso okie... Depends on whether wana eat western or chinese food... Den which u prefer... ",142,mon oki lor haha best cheap n gd food la ex oso oki depend whether wana eat western chines food den prefer,0
ham,Sitting ard nothing to do lor. U leh busy w work?,49,sit ard noth lor leh busi w work,0
ham,Its  &lt;#&gt; k here oh. Should i send home for sale.,54,k oh send home sale,0
ham,Sorry. || mail? || ,19,sorri mail,0
ham,Ya just telling abt tht incident..,34,ya tell abt tht incid,0
ham,Yes we were outside for like 2 hours. And I called my whole family to wake them up cause it started at 1 am,107,yes outsid like hour call whole famili wake caus start,0
ham,Ugh just got outta class,24,ugh got outta class,0
ham,"Nowadays people are notixiquating the laxinorficated opportunity for bambling of entropication.... Have you ever oblisingately opted ur books for the masteriastering amplikater of fidalfication? It is very champlaxigating, i think it is atrocious.. Wotz Ur Opinion???? Junna",274,nowaday peopl notixiqu laxinorf opportun bambl entrop ever oblising opt ur book masteriast amplikat fidalf champlaxig think atroci wotz ur opinion junna,0
ham,No need lar. Jus testing e phone card. Dunno network not gd i thk. Me waiting 4 my sis 2 finish bathing so i can bathe. Dun disturb u liao u cleaning ur room.,158,need lar jus test e phone card dunno network gd thk wait sis finish bath bath dun disturb liao clean ur room,0
ham,Ok. I.ll do you right later.,28,ok right later,0
ham,Have your lunch and come quickly and open the door:),52,lunch come quick open door,0
spam,Not heard from U4 a while. Call me now am here all night with just my knickers on. Make me beg for it like U did last time 01223585236 XX Luv Nikiyu4.net,153,heard call night knicker make beg like last time xx luv net,1
ham,I am back. Bit long cos of accident on a30. Had to divert via wadebridge.I had a brilliant weekend thanks. Speak soon. Lots of love,131,back bit long cos accid divert via wadebridg brilliant weekend thank speak soon lot love,0
ham,"K.. I yan jiu liao... Sat we can go 4 bugis vill one frm 10 to 3 den hop to parco 4 nb. Sun can go cine frm 1030 to 2, den hop to orc mrt 4 hip hop at 4...",155,k yan jiu liao sat go bugi vill one frm den hop parco nb sun go cine frm den hop orc mrt hip hop,0
spam,Bloomberg -Message center +447797706009 Why wait? Apply for your future http://careers. bloomberg.com,101,bloomberg messag center wait appli futur http http,1
ham,i am seeking a lady in the street and a freak in the sheets. Is that you?,73,seek ladi street freak sheet,0
ham,My phone,8,phone,0
ham,"Haha figures, well I found the piece and priscilla's bowl",57,haha figur well found piec priscilla bowl,0
ham,"Actually fuck that, just do whatever, do find an excuse to be in tampa at some point before january though",106,actual fuck whatev find excus tampa point januari though,0
ham,yay! finally lol. i missed our cinema trip last week :-(,56,yay final lol miss cinema trip last week,0
ham,All day working day:)except saturday and sunday..,49,day work day except saturday sunday,0
ham,Heart is empty without love.. Mind is empty without wisdom.. Eyes r empty without dreams &amp; Life is empty without frnds.. So Alwys Be In Touch. Good night &amp; sweet dreams,176,heart empti without love mind empti without wisdom eye r empti without dream life empti without frnds alwi touch good night sweet dream,0
ham,"I think IÛ÷m waiting for the same bus! Inform me when you get there, if you ever get there.",92,think wait bus inform get ever get,0
ham,You getting back any time soon?,31,get back time soon,0
ham,", how's things? Just a quick question.",38,thing quick question,0
ham,"I can probably come by, everybody's done around  &lt;#&gt;  right?",66,probabl come everybodi done around right,0
ham,I got it before the new year cos yetunde said she wanted to surprise you with it but when i didnt see money i returned it mid january before the  &lt;#&gt; day return period ended.,180,got new year cos yetund said want surpris didnt see money return mid januari day return period end,0
ham,I can ask around but there's not a lot in terms of mids up here,63,ask around lot term mid,0
ham,Be sure to check your yahoo email. We sent photos yesterday,59,sure check yahoo email sent photo yesterday,0
ham,What was she looking for?,25,look,0
ham,Wherre's my boytoy ? :-(,24,wherr boytoy,0
spam,Do you want a NEW video phone750 anytime any network mins 150 text for only five pounds per week call 08000776320 now or reply for delivery tomorrow,148,want new video anytim network min text five pound per week call repli deliveri tomorrow,1
ham,"Hello, my love! How goes that day ? I wish your well and fine babe and hope that you find some job prospects. I miss you, boytoy ... *a teasing kiss*",149,hello love goe day wish well fine babe hope find job prospect miss boytoy teas kiss,0
ham,Tell my  bad character which u Dnt lik in me. I'll try to change in  &lt;#&gt; . I ll add tat 2 my new year resolution. Waiting for ur reply.Be frank...good morning.,165,tell bad charact dnt lik tri chang add tat new year resolut wait ur repli frank good morn,0
ham,"Yeah, probably earlier than that",32,yeah probabl earlier,0
ham,Change windows logoff sound..,29,chang window logoff sound,0
ham,I'm also came to room.,22,also came room,0
ham,Huh but i got lesson at 4 lei n i was thinkin of going to sch earlier n i tot of parkin at kent vale...  ,105,huh got lesson lei n thinkin go sch earlier n tot parkin kent vale,0
ham,I will reach office around  &lt;DECIMAL&gt; . &amp; my mobile have problem. You cann't get my voice. So call you asa i'll free,126,reach offic around mobil problem cann get voic call asa free,0
ham,"Cool, text me when you head out",31,cool text head,0
spam,"You are being contacted by our dating service by someone you know! To find out who it is, call from a land line 09050000878. PoBox45W2TG150P",140,contact date servic someon know find call land line,1
spam,"Wan2 win a Meet+Greet with Westlife 4 U or a m8? They are currently on what tour? 1)Unbreakable, 2)Untamed, 3)Unkempt. Text 1,2 or 3 to 83049. Cost 50p +std text",161,win meet greet westlif current tour unbreak untam unkempt text cost std text,1
ham,Happy birthday... May u find ur prince charming soon n dun work too hard...,75,happi birthday may find ur princ charm soon n dun work hard,0
ham,"Oh, the grand is having a bit of a party but it doesn't mention any cover charge so it's probably first come first served",121,oh grand bit parti mention cover charg probabl first come first serv,0
ham,You said to me before i went back to bed that you can't sleep for anything.,75,said went back bed sleep anyth,0
ham,I hope you arnt pissed off but id would really like to see you tomorrow. Love me xxxxxxxxxxxxxX,95,hope arnt piss id would realli like see tomorrow love xxxxxxxxxxxxxx,0
spam,Dorothy@kiefer.com (Bank of Granite issues Strong-Buy) EXPLOSIVE PICK FOR OUR MEMBERS *****UP OVER 300% *********** Nasdaq Symbol CDGT That is a $5.00 per..,156,http bank granit issu strong buy explos pick member nasdaq symbol cdgt $$$ per,1
ham,says the  &lt;#&gt;  year old with a man and money. I'm down to my last  &lt;#&gt; . Still waiting for that check.,114,say year old man money last still wait check,0
ham,I will come to ur home now,26,come ur home,0
ham,Free any day but i finish at 6 on mon n thurs...,48,free day finish mon n thur,0
ham,Will you be here for food,25,food,0
ham,"life alle mone,eppolum oru pole allalo",38,life all mone eppolum oru pole allalo,0
ham,Nite...,7,nite,0
ham,Two fundamentals of cool life: \Walk,36,two fundament cool life walk,0
ham,"Camera quite good, 10.1mega pixels, 3optical and 5digital dooms. Have a lovely holiday, be safe and i hope you hav a good journey! Happy new year to you both! See you in a couple of weeks! ",189,camera quit good pixel doom love holiday safe hope hav good journey happi new year see coupl week,0
ham,Hi Petey!noiåÕm ok just wanted 2 chat coz avent spoken 2 u 4 a long time-hope ur doin alrite.have good nit at js love ya am.x,125,hi petey noi ok want chat coz avent spoken long time hope ur doin alrit good nit js love ya x,0
ham,I just saw ron burgundy captaining a party boat so yeah,55,saw ron burgundi captain parti boat yeah,0
ham,I'm serious. You are in the money base,38,serious money base,0
ham,Already one guy loving you:-.,29,alreadi one guy love,0
ham,Staff of placement training in Amrita college.,46,staff placement train amrita colleg,0
ham,I always chat with you. In fact i need money can you raise me?,62,alway chat fact need money rais,0
ham,I'm job profile seems like bpo..,32,job profil seem like bpo,0
ham,"Well, I was about to give up cos they all said no they didnÛ÷t do one nighters. I persevered and found one but it is very cheap so i apologise in advance. It is just somewhere to sleep isnt it?",194,well give cos said one nighter persev found one cheap apologis advanc somewher sleep isnt,0
ham,"So you think i should actually talk to him? Not call his boss in the morning? I went to this place last year and he told me where i could go and get my car fixed cheaper. He kept telling me today how much he hoped i would come back in, how he always regretted not getting my number, etc.",287,think actual talk call boss morn went place last year told could go get car fix cheaper kept tell today much hope would come back alway regret get number etc,0
ham,Are you willing to go for apps class.,37,will go app class,0
ham,Hanging out with my brother and his family,42,hang brother famili,0
ham,No it will reach by 9 only. She telling she will be there. I dont know,70,reach tell dont know,0
ham,Hey... are you going to quit soon? Xuhui and i working till end of the month ,77,hey go quit soon xuhui work till end month,0
ham,"Im sorry bout last nite it wasnåÕt ur fault it was me, spouse it was pmt or sumthin! U 4give me? I think u shldxxxx",115,sorri bout last nite ur fault spous pmt sumthin think shldxxxx,0
ham,Try neva mate!!,15,tri neva mate,0
ham,Yeah that'd pretty much be the best case scenario,49,yeah pretti much best case scenario,0
ham,I not free today i haf 2 pick my parents up tonite...,53,free today haf pick parent tonit,0
ham,\HEY BABE! FAR 2 SPUN-OUT 2 SPK AT DA MO... DEAD 2 DA WRLD. BEEN SLEEPING ON DA SOFA ALL DAY,92,hey babe far spun spk da mo dead da wrld sleep da sofa day,0
ham,Should i send you naughty pix? :),33,send naughti pix,0
spam,"You are a å£1000 winner or Guaranteed Caller Prize, this is our Final attempt to contact you! To Claim Call 09071517866 Now! 150ppmPOBox10183BhamB64XE",150,$$$ winner guarante caller prize final attempt contact claim call,1
spam,"Xmas & New Years Eve tickets are now on sale from the club, during the day from 10am till 8pm, and on Thurs, Fri & Sat night this week. They're selling fast!",157,xmas new year eve ticket sale club day till thur fri sat night week sell fast,1
ham,"Tyler (getting an 8th) has to leave not long after 9, can you get here in like an hour?",87,tyler get leav long get like hour,0
ham,Prepare to be pounded every night...,36,prepar pound everi night,0
ham,"Actually, my mobile is full of msg. And i m doing a work online, where i need to send them  &lt;#&gt;  sent msg i wil explain u later.",134,actual mobil full msg work onlin need send sent msg wil explain later,0
ham,Good evening! How are you?,26,good even,0
ham,I'm at home. Please call,24,home pleas call,0
ham,Oic cos me n my sis got no lunch today my dad went out... So dunno whether 2 eat in sch or wat...,97,oic cos n sis got lunch today dad went dunno whether eat sch wat,0
ham,"Mmmmm ... It was sooooo good to wake to your words this morning, my Love!! Mmmm fuck ... I love you too, my Lion ... *devouring kiss from across the sea*",153,mmmmm sooooo good wake word morn love mmmm fuck love lion devour kiss across sea,0
ham,We are pleased to inform that your application for Airtel Broadband is processed successfully. Your installation will happen within 3 days.,139,pleas inform applic airtel broadband process success instal happen within day,0
ham,What happen dear. Why you silent. I am tensed,45,happen dear silent tens,0
ham,"I'll get there at 3, unless you guys want me to come some time sooner",69,get unless guy want come time sooner,0
ham,If you are not coughing then its nothing,40,cough noth,0
ham,ÌÏ come lt 25 n pass to me lar,30,iï come lt n pass lar,0
ham,I'm e person who's doing e sms survey...,40,e person e sms survey,0
ham,Lol ok ill try to send. Be warned Sprint is dead slow. You'll prolly get it tomorrow,84,lol ok ill tri send warn sprint dead slow prolli get tomorrow,0
ham,Thank You meet you monday,25,thank meet monday,0
ham,SO IS TH GOWER MATE WHICH IS WHERE I AM!?! HOW R U MAN? ALL IS GOOD IN WALES ILL B BACK åÔMORROW. C U THIS WK? WHO WAS THE MSG 4? åÐ RANDOM!,140,th gower mate r man good wale ill b back åômorrow wk msg åð random,0
spam,"Rock yr chik. Get 100's of filthy films &XXX pics on yr phone now. rply FILTH to 69669. Saristar Ltd, E14 9YT 08701752560. 450p per 5 days. Stop2 cancel",152,rock yr chik get filthi film xxx pic yr phone rpli filth saristar ltd per day cancel,1
ham,"I got like $ &lt;#&gt; , I can get some more later though. Get whatever you feel like",85,got like $$$ get later though get whatev feel like,0
ham,"Dad wanted to talk about the apartment so I got a late start, omw now",69,dad want talk apart got late start omw,0
ham,I love you both too :-),23,love,0
ham,Lol u still feeling sick?,25,lol still feel sick,0
ham,Din i tell u jus now 420,24,din tell jus,0
ham,am up to my eyes in philosophy,30,eye philosophi,0
spam,From next month get upto 50% More Calls 4 Ur standard network charge 2 activate Call 9061100010 C Wire3.net 1st4Terms PoBox84 M26 3UZ Cost å£1.50 min MobcudB more,162,next month get upto call ur standard network charg activ call net cost $$$ min mobcudb,1
ham,Ok lor. I'm in town now lei.,28,ok lor town lei,0
ham,I had it already..sabarish asked me to go..,43,alreadi sabarish ask go,0
ham,No da. . Vijay going to talk in jaya tv,39,da vijay go talk jaya tv,0
spam,URGENT! We are trying to contact U Todays draw shows that you have won a å£800 prize GUARANTEED. Call 09050000460 from land line. Claim J89. po box245c2150pm,157,urgent tri contact today draw show $$$ prize guarante call land line claim po,1
ham,Lol I know! Hey someone did a great inpersonation of flea on the forums. I love it!,83,lol know hey someon great inperson flea forum love,0
spam,Text BANNEDUK to 89555 to see! cost 150p textoperator g696ga 18+ XXX,68,text banneduk see cost textoper xxx,1
ham,Still chance there. If you search hard you will get it..let have a try :),73,still chanc search hard get let tri,0
spam,"Auction round 4. The highest bid is now å£54. Next maximum bid is å£71. To bid, send BIDS e. g. 10 (to bid å£10) to 83383. Good luck.",133,auction round highest bid $$$ next maximum bid $$$ bid send bid e g bid $$$ good luck,1
ham,Do you always celebrate NY's with your family ?,47,alway celebr ny famili,0
ham,"We know TAJ MAHAL as symbol of love. But the other lesser known facts 1. Mumtaz was Shahjahan's 4th wife, out of his 7 wifes. 2. Shahjahan killed Mumtaz's husband to marry her. 3. Mumtaz died in her  &lt;#&gt; th delivery. 4. He then married Mumtaz's sister. Question arises where the Hell is the LOVE?:-| -The Great Hari-",322,know taj mahal symbol love lesser known fact mumtaz shahjahan wife wife shahjahan kill mumtaz husband marri mumtaz die th deliveri marri mumtaz sister question aris hell love great hari,0
ham,Its ok..come to my home it vl nice to meet and v can chat..,59,http home vl nice meet v chat,0
spam,Collect your VALENTINE'S weekend to PARIS inc Flight & Hotel + å£200 Prize guaranteed! Text: PARIS to No: 69101. www.rtf.sphosting.com,134,collect valentin weekend pari inc flight hotel $$$ prize guarante text pari http,1
ham,Sent me de webadres for geting salary slip,42,sent de webadr gete salari slip,0
ham,She's fine. Sends her greetings,31,fine send greet,0
spam,Customer Loyalty Offer:The NEW Nokia6650 Mobile from ONLY å£10 at TXTAUCTION! Txt word: START to No: 81151 & get yours Now! 4T&Ctxt TC 150p/MTmsg,145,custom loyalti offer new mobil $$$ txtauction txt word start get ctxt tc mtmsg,1
ham,But you dint in touch with me.,30,dint touch,0
ham,"Yup, leaving right now, be back soon",36,yup leav right back soon,0
spam,You won't believe it but it's true. It's Incredible Txts! Reply G now to learn truly amazing things that will blow your mind. From O2FWD only 18p/txt,149,believ true incred txts repli g learn truli amaz thing blow mind txt,1
ham,Yeah sure I'll leave in a min,29,yeah sure leav min,0
ham,And do you have any one that can teach me how to ship cars.,59,one teach ship car,0
ham,"The sign of maturity is not when we start saying big things.. But actually it is, when we start understanding small things... *HAVE A NICE EVENING* BSLVYL",154,sign matur start say big thing actual start understand small thing nice even bslvyl,0
ham,Yeah confirmed for you staying at  that weekend,47,yeah confirm stay weekend,0
ham,They said Ì_ dun haf passport or smth like dat.. Or Ì_ juz send to my email account..  ,87,said dun haf passport smth like dat juz send email account,0
ham,"Multiply the numbers independently and count decimal points then, for the division, push the decimal places like i showed you.",126,multipli number independ count decim point divis push decim place like show,0
ham,"Have a lovely night and when you wake up to see this message, i hope you smile knowing all is as should be. Have a great morning",128,love night wake see messag hope smile know great morn,0
ham,Ard 4 lor...,12,ard lor,0
ham,You are right. Meanwhile how's project twins comin up,53,right meanwhil project twin comin,0
ham,I sent your maga that money yesterday oh.,41,sent maga money yesterday oh,0
spam,I am hot n horny and willing I live local to you - text a reply to hear strt back from me 150p per msg Netcollex LtdHelpDesk: 02085076972 reply Stop to end,155,hot n horni will live local text repli hear strt back per msg netcollex ltdhelpdesk repli stop end,1
ham,Our ride equally uneventful - not too many of those pesky cyclists around at that time of night ;).,99,ride equal unev mani peski cyclist around time night,0
ham,If you were/are free i can give. Otherwise nalla adi entey nattil kittum,72,free give otherwis nalla adi entey nattil kittum,0
ham,I've sent my wife your text. After we buy them she'll tell you what to do. So just relax. We should go get them this wkend.,123,sent wife text buy tell relax go get wkend,0
ham,I am in escape theatre now. . Going to watch KAVALAN in a few minutes,69,escap theatr go watch kavalan minut,0
ham,How much would it cost to hire a hitman,39,much would cost hire hitman,0
ham,I anything lor...,17,anyth lor,0
spam,Do you want a New Nokia 3510i Colour Phone Delivered Tomorrow? With 200 FREE minutes to any mobile + 100 FREE text + FREE camcorder Reply or Call 08000930705,157,want new nokia colour phone deliv tomorrow free minut mobil free text free camcord repli call,1
ham,Huh but i cant go 2 ur house empty handed right?,48,huh cant go ur hous empti hand right,0
ham,Good morning princess! Happy New Year!,38,good morn princess happi new year,0
spam,Congratulations YOU'VE Won. You're a Winner in our August å£1000 Prize Draw. Call 09066660100 NOW. Prize Code 2309.,115,congratul winner august $$$ prize draw call prize code,1
ham,"Aight, we'll head out in a few",30,aight head,0
ham,Then wat r u doing now? Busy wif work?,38,wat r busi wif work,0
ham,I know you mood off today,25,know mood today,0
ham,"Jay told me already, will do",28,jay told alreadi,0
ham,Cps is causing the outages to conserve energy.,46,cps caus outag conserv energi,0
ham,"I'm not sure, I was just checking out what was happening around the area",72,sure check happen around area,0
ham,Hey morning what you come to ask:-) pa...,41,hey morn come ask pa,0
ham,Jordan got voted out last nite!,31,jordan got vote last nite,0
ham,"That means you got an A in epi, she.s fine. She.s here now.",59,mean got epi fine,0
ham,I have no idea where you are,28,idea,0
ham,Pls come quick cant bare this.,30,pls come quick cant bare,0
ham,"Call me. I m unable to cal. Lets meet bhaskar, and deep",55,call unabl cal let meet bhaskar deep,0
ham,No. I.ll meet you in the library,32,meet librari,0
ham,"K, my roommate also wants a dubsack and another friend may also want some so plan on bringing extra, I'll tell you when they know for sure",138,k roommat also want dubsack anoth friend may also want plan bring extra tell know sure,0
ham,Depends on individual lor e hair dresser say pretty but my parents say look gong. U kaypoh.. I also dunno wat she collecting.,125,depend individu lor e hair dresser say pretti parent say look gong kaypoh also dunno wat collect,0
ham,Ok c Ì_ then.,13,ok,0
ham,I enjoy watching and playing football and basketball. Anything outdoors. And you?,81,enjoy watch play footbal basketbal anyth outdoor,0
ham,"Can you please ask macho what his price range is, does he want something new or used plus it he only interfued in the blackberry bold  &lt;#&gt;  or any bb",155,pleas ask macho price rang want someth new use plus interfu blackberri bold bb,0
ham,Sorry sent blank msg again. Yup but trying 2 do some serious studying now.,74,sorri sent blank msg yup tri serious studi,0
ham,Hey check it da. I have listed da.,34,hey check da list da,0
spam,8007 25p 4 Alfie Moon's Children in Need song on ur mob. Tell ur m8s. Txt TONE CHARITY to 8007 for nokias or POLY CHARITY for polys :zed 08701417012 profit 2 charity ,166,alfi moon children need song ur mob tell ur txt tone chariti nokia poli chariti poli zed profit chariti,1
ham,I meant as an apology from me for texting you to get me drugs at  &lt;#&gt; at night,84,meant apolog text get drug night,0
ham,That means from february to april i'll be getting a place to stay down there so i don't have to hustle back and forth during audition season as i have since my sister moved away from harlem.,190,mean februari april get place stay hustl back forth audit season sinc sister move away harlem,0
ham,Goin to workout lor... Muz lose e fats... ,42,goin workout lor muz lose e fat,0
ham,"Damn, poor zac doesn't stand a chance",37,damn poor zac stand chanc,0
ham,I want to tel u one thing u should not mistake me k THIS IS THE MESSAGE THAT YOU SENT:),87,want tel one thing mistak k messag sent,0
ham,Yeah right! I'll bring my tape measure fri!,43,yeah right bring tape measur fri,0
ham,Should I head straight there or what,36,head straight,0
spam,Get the official ENGLAND poly ringtone or colour flag on yer mobile for tonights game! Text TONE or FLAG to 84199. Optout txt ENG STOP Box39822 W111WX å£1.50,157,get offici england poli rington colour flag yer mobil tonight game text tone flag optout txt eng stop $$$,1
ham,Thank you princess! You are so sexy...,38,thank princess sexi,0
ham,Oooh I got plenty of those!,27,oooh got plenti,0
ham,Hui xin is in da lib.,21,hui xin da lib,0
ham,Its a big difference.  &lt;#&gt;  versus  &lt;#&gt;  every  &lt;#&gt; hrs,73,big differ versus everi hrs,0
ham,"It's not that you make me cry. It's just that when all our stuff happens on top of everything else, it pushes me over the edge. You don't underdtand how often i cry over my sorry, sorry life.",191,make cri stuff happen top everyth els push edg underdtand often cri sorri sorri life,0
ham,"\ME 2 BABE I FEEL THE SAME LETS JUST 4GET ABOUT IT+BOTH TRY +CHEER UP+NOT FIT SOO MUCHXXLOVE U LOCAXX\""""",104,babe feel let tri cheer fit soo muchxxlov locaxx,0
ham,You know what hook up means right?,34,know hook mean right,0
spam,"Customer service announcement. We recently tried to make a delivery to you but were unable to do so, please call 07090298926 to re-schedule. Ref:9307622",152,custom servic announc recent tri make deliveri unabl pleas call schedul ref,1
ham,Wat's da model num of ur phone?,31,wat da model num ur phone,0
ham,He's really into skateboarding now despite the fact that he gets thrown off of it and winds up with bandages and shit all over his arms every five minutes,154,realli skateboard despit fact get thrown wind bandag shit arm everi five minut,0
spam,"You can stop further club tones by replying \STOP MIX\"" See my-tone.com/enjoy. html for terms. Club tones cost GBP4.50/week. MFL",128,stop club tone repli stop mix see http html term club tone cost week mfl,1
ham,My house here e sky quite dark liao... If raining then got excuse not 2 run already rite... Hee...,98,hous e sky quit dark liao rain got excus run alreadi rite hee,0
ham,"Sorry, left phone upstairs. OK, might be hectic but would be all my birds with one fell swoop. It's a date.",107,sorri left phone upstair ok might hectic would bird one fell swoop date,0
ham,* Thought I didn't see you.,27,thought see,0
spam,wamma get laid?want real doggin locations sent direct to your mobile? join the UKs largest dogging network. txt dogs to 69696 now!nyt. ec2a. 3lp å£1.50/msg.,156,wamma get laid want real doggin locat sent direct mobil join uk largest dog network txt dog nyt $$$ msg,1
ham,Carlos says we can pick up from him later so yeah we're set,59,carlo say pick later yeah set,0
ham,"Hey babe, my friend had to cancel, still up for a visit ?",57,hey babe friend cancel still visit,0
ham,Hmm ill have to think about it... ok you're forgiven! =D,56,hmm ill think ok forgiven,0
ham,"We are hoping to get away by 7, from Langport. You still up for town tonight?",77,hope get away langport still town tonight,0
ham,Want to send me a virtual hug?... I need one,44,want send virtual hug need one,0
ham,"Probably not, still going over some stuff here",46,probabl still go stuff,0
ham,It has issues right now. Ill fix for her by tomorrow.,53,issu right ill fix tomorrow,0
ham,Why i come in between you people,32,come peopl,0
ham,Senthil group company Apnt 5pm.,31,senthil group compani apnt,0
ham,Oh really?? Did you make it on air? What's your talent?,55,oh realli make air talent,0
ham,Studying. But i.ll be free next weekend.,40,studi free next weekend,0
ham,R u here yet? I'm wearing blue shirt n black pants.,51,r yet wear blue shirt n black pant,0
ham,Wait.i will come out.. &lt;#&gt;  min:),39,wait come min,0
ham,I will reach ur home in  &lt;#&gt;  minutes,43,reach ur home minut,0
ham,Well then you have a great weekend!,35,well great weekend,0
ham,"What are you doing in langport? Sorry, but I'll probably be in bed by 9pm. It sucks being ill at xmas! When do you and go2sri lanka? ",133,langport sorri probabl bed suck ill xmas lanka,0
ham,"Frnd s not juz a word.....not merely a relationship.....its a silent promise which says ... \ I will be with YOU \"" Wherevr.. Whenevr.. Forevr... Gudnyt dear..""",160,frnd juz word mere relationship silent promis say wherevr whenevr forevr gudnyt dear,0
ham,Huh? 6 also cannot? Then only how many mistakes?,48,huh also cannot mani mistak,0
ham,Ha... U jus ate honey ar? So sweet...,37,ha jus ate honey ar sweet,0
ham,I'm turning off my phone. My moms telling everyone I have cancer. And my sister won't stop calling. It hurts to talk. Can't put up with it. See u when u get home. Love u,169,turn phone mom tell everyon cancer sister stop call hurt talk put see get home love,0
ham,"Honey ? Sweetheart ? Darling ? Sexy buns ? Sugar plum ? Loverboy ? I miss you, boytoy ... *smacks your ass* Did you go to the gym too ?",135,honey sweetheart darl sexi bun sugar plum loverboy miss boytoy smack ass go gym,0
ham,Thanks for loving me so. You rock,33,thank love rock,0
ham,Yeah imma come over cause jay wants to do some drugs,52,yeah imma come caus jay want drug,0
ham,Ok thanx... Take care then...,29,ok thanx take care,0
ham,Yup. Thk of u oso boring wat.,29,yup thk oso bore wat,0
ham," came to look at the flat, seems ok, in his 50s? * Is away alot wiv work. Got woman coming at 6.30 too.",103,came look flat seem ok away alot wiv work got woman come,0
ham,Moji just informed me that you saved our lives. Thanks.,55,moji inform save live thank,0
ham,Whos this am in class:-),24,whos class,0
ham,Hey r Ì_ still online? I've finished the formatting...,54,hey r still onlin finish format,0
ham,Great! So what attracts you to the brothas?,43,great attract brotha,0
spam,Promotion Number: 8714714 - UR awarded a City Break and could WIN a å£200 Summer Shopping spree every WK. Txt STORE to 88039 . SkilGme. TsCs087147403231Winawk!Age16 å£1.50perWKsub,179,promot number ur award citi break could win $$$ summer shop spree everi wk txt store skilgm $$$,1
ham,LOL what happens in Vegas stays in vegas,40,lol happen vega stay vega,0
ham,"Hello, hello, hi lou sorry it took so long 2 reply- I left mobile at friends in Lancaster, just got it bak Neway im sorry I couldnåÕt make ur båÕday 2 hun!",155,hello hello hi lou sorri took long repli left mobil friend lancast got bak neway sorri make ur b day hun,0
ham,When did i use soc... I use it only at home... ÌÏ dunno how 2 type it in word ar...,83,use soc use home iï dunno type word ar,0
ham,Dad says hurry the hell up,26,dad say hurri hell,0
ham,Wake me up at  &lt;#&gt;  am morning:),38,wake morn,0
ham,"I get out of class in bsn in like  &lt;#&gt;  minutes, you know where advising is?",82,get class bsn like minut know advis,0
ham,Great! I shoot big loads so get ready!,38,great shoot big load get readi,0
ham,I'll meet you in the lobby,26,meet lobbi,0
ham,You still coming tonight?,25,still come tonight,0
ham,What happen dear tell me,24,happen dear tell,0
ham,"Sir, i am waiting for your call, once free please call me.",58,sir wait call free pleas call,0
ham,I was about to do it when i texted. I finished a long time ago and showered and er'ything!,90,text finish long time ago shower er ything,0
ham,Ok im not sure what time i finish tomorrow but i wanna spend the evening with you cos that would be vewy vewy lubly! Love me xxx,128,ok sure time finish tomorrow wanna spend even cos would vewi vewi lubli love xxx,0
ham,"Hello, As per request from  &lt;#&gt;  Rs.5 has been transfered to you",70,hello per request rs transfer,0
ham,I am in tirupur.  call you da.,30,tirupur call da,0
spam,You are a winner you have been specially selected to receive å£1000 cash or a å£2000 award. Speak to a live operator to claim call 087147123779am-7pm. Cost 10p,159,winner special select receiv $$$ cash $$$ award speak live oper claim call cost,1
ham,S:)but he had some luck.2 catches put down:),44,luck catch put,0
ham,How i noe... Did Ì_ specify da domain as nusstu... ÌÏ still in sch...,69,noe specifi da domain nusstu iï still sch,0
ham,Oh...i asked for fun. Haha...take care. Ì_,42,oh ask fun haha take care,0
ham,Shall i get my pouch?,21,shall get pouch,0
ham,Hey loverboy! I love you !! I had to tell ... I look at your picture and ache to feel you between my legs ... Fuck I want you ... I need you ... I crave you .,158,hey loverboy love tell look pictur ach feel leg fuck want need crave,0
ham,"How is my boy? No sweet words left for me this morning ... *sighs* ... How goes you day, my love ? Did you start your studying?",127,boy sweet word left morn sigh goe day love start studi,0
ham,Kent vale lor... ÌÏ wait 4 me there ar?,39,kent vale lor iï wait ar,0
ham,Ok. Very good. Its all about making that money.,47,ok good make money,0
ham,Reading gud habit.. Nan bari hudgi yorge pataistha ertini kano:-),65,read gud habit nan bari hudgi yorg pataistha ertini kano,0
ham,Aight do you still want to get money,36,aight still want get money,0
ham,ARE YOU IN TOWN? THIS IS V. IMPORTANT,37,town v import,0
ham,"Sorry pa, i dont knw who ru pa?",31,sorri pa dont knw ru pa,0
ham,Wat u doing there?,18,wat,0
ham,If i not meeting Ì_ all rite then i'll go home lor. If Ì_ dun feel like comin it's ok.,86,meet rite go home lor dun feel like comin ok,0
ham,"Oh, i will get paid. The most outstanding one is for a commercial i did for Hasbro...in AUGUST! They made us jump through so many hoops to get paid. Still not.",159,oh get paid outstand one commerci hasbro august made us jump mani hoop get paid still,0
ham,"I am late,so call you tomorrow morning.take care sweet dreams....u and me...ummifying...bye.",92,late call tomorrow morn take care sweet dream ummifi bye,0
ham,Networking technical support associate.,39,network technic support associ,0
ham,I'm gonna rip out my uterus.,28,gonna rip uterus,0
ham,Cool. Do you like swimming? I have a pool and jacuzzi at my house.,66,cool like swim pool jacuzzi hous,0
spam,"Thanks for your ringtone order, reference number X49. Your mobile will be charged 4.50. Should your tone not arrive please call customer services 09065989182. From: [colour=red]text[/colour]TXTstar",197,thank rington order refer number mobil charg tone arriv pleas call custom servic text txtstar,1
ham,"Yeah why not, is the gang all ready",35,yeah gang readi,0
ham,Blank is Blank. But wat is blank? Lol,37,blank blank wat blank lol,0
ham,I'm in a movie... Collect car oredi...,38,movi collect car oredi,0
ham,We left already we at orchard now.,34,left alreadi orchard,0
spam,"Hi there, 2nights ur lucky night! Uve been invited 2 XCHAT, the Uks wildest chat! Txt CHAT to 86688 now! 150p/MsgrcvdHG/Suite342/2Lands/Row/W1J6HL LDN 18yrs",156,hi ur lucki night uve invit xchat uk wildest chat txt chat msgrcvdhg row ldn,1
ham,Nothing spl..wat abt u and whr ru?,34,noth spl wat abt whr ru,0
ham,No chikku nt yet.. Ya i'm free,30,chikku nt yet ya free,0
ham,"Aldrine, rakhesh ex RTM here.pls call.urgent.",45,aldrin rakhesh ex rtm pls call urgent,0
ham,The search 4 happiness is 1 of d main sources of unhappiness! Accept life the way it comes! U will find happiness in every moment u live.,137,search happi main sourc unhappi accept life way come find happi everi moment live,0
ham,"I guess you could be as good an excuse as any, lol.",51,guess could good excus lol,0
ham,"Isn't frnd a necesity in life? imagine urself witout a frnd.. hw'd u feel at ur colleg? wat'll u do wth ur cell? wat abt functions? thnk abt events espe'll cared, missed &amp; irritated u? 4wrd it to all those dear-loving frnds wthout whom u cant live.. I jst did it.. Takecare..:) GOODMORNING",293,frnd neces life imagin urself witout frnd hw feel ur colleg wat wth ur cell wat abt function thnk abt event esp care miss irrit dear love frnds wthout cant live jst takecar goodmorn,0
ham,Old Orchard near univ. How about you?,37,old orchard near univ,0
ham,"4 tacos + 1 rajas burrito, right?",33,taco raja burrito right,0
ham,"ItÛ÷s å£6 to get in, is that ok?",33,$$$ get ok,0
ham,Hows the street where the end of library walk is?,49,how street end librari walk,0
ham,"Plz note: if anyone calling from a mobile Co. &amp; asks u to type # &lt;#&gt;  or # &lt;#&gt; . Do not do so. Disconnect the call,coz it iz an attempt of 'terrorist' to make use of the sim card no. Itz confirmd by nokia n motorola n has been verified by CNN IBN.",263,plz note anyon call mobil co ask type disconnect call coz iz attempt terrorist make use sim card itz confirmd nokia n motorola n verifi cnn ibn,0
ham,We stopped to get ice cream and will go back after,50,stop get ice cream go back,0
ham,Did you stitch his trouser,26,stitch trouser,0
spam,2/2 146tf150p,13,,1
ham,Hey i'm bored... So i'm thinking of u... So wat r u doing?,58,hey bore think wat r,0
ham,"Nah, Wednesday. When should I bring the mini cheetos bag over?",62,nah wednesday bring mini cheeto bag,0
ham,Nobody names their penis a girls name this story doesn't add up at all,70,nobodi name peni girl name stori add,0
ham,"Aight, let me know when you're gonna be around usf",50,aight let know gonna around usf,0
ham,I'm not. She lip synced with shangela.,38,lip sync shangela,0
ham,ÌÏ neva tell me how i noe... I'm not at home in da aft wat... ,62,iï neva tell noe home da aft wat,0
ham,"A bit of Ur smile is my hppnss, a drop of Ur tear is my sorrow, a part of Ur heart is my life, a heart like mine wil care for U, forevr as my GOODFRIEND",152,bit ur smile hppnss drop ur tear sorrow part ur heart life heart like mine wil care forevr goodfriend,0
spam,Dear Voucher Holder 2 claim your 1st class airport lounge passes when using Your holiday voucher call 08704439680. When booking quote 1st class x 2,147,dear voucher holder claim class airport loung pass use holiday voucher call book quot class x,1
ham,"Buzz! Hey, my Love ! I think of you and hope your day goes well. Did you sleep in ? I miss you babe. I long for the moment we are together again*loving smile*",158,buzz hey love think hope day goe well sleep miss babe long moment togeth love smile,0
ham,"Haha... Sounds crazy, dunno can tahan anot...",45,haha sound crazi dunno tahan anot,0
ham,Why are u up so early?,22,earli,0
ham,Ya that one is slow as poo,26,ya one slow poo,0
ham,"\Im on gloucesterroad what are uup to later?\""""",47,gloucesterroad uup later,0
ham,Lol no ouch but wish i'd stayed out a bit longer,48,lol ouch wish stay bit longer,0
ham,"GOD ASKED, \What is forgiveness?\"" A little child gave lovely reply",67,god ask forgiv littl child gave love repli,0
ham,We'll join the  &lt;#&gt;  bus,30,join bus,0
ham,Was just about to ask. Will keep this one. Maybe that's why you didn't get all the messages we sent you on glo,110,ask keep one mayb get messag sent glo,0
ham,K.i will send in  &lt;#&gt;  min:),34,k send min,0
ham,Would me smoking you out help us work through this difficult time,65,would smoke help us work difficult time,0
spam,"Someone U know has asked our dating service 2 contact you! Cant guess who? CALL 09058095107 NOW all will be revealed. POBox 7, S3XY 150p ",137,someon know ask date servic contact cant guess call reveal pobox,1
ham,Yes.mum lookin strong:),23,yes mum lookin strong,0
ham,"Sir Goodmorning, Once free call me.",35,sir goodmorn free call,0
ham,Where are you call me.,22,call,0
ham,Love it! The girls at the office may wonder why you are smiling but sore...,75,love girl offic may wonder smile sore,0
ham,"Hi, wlcome back, did wonder if you got eaten by a lion or something, nothing much",81,hi wlcome back wonder got eaten lion someth noth much,0
ham,Does uncle timi help in clearing cars,37,uncl timi help clear car,0
ham,I came hostel. I m going to sleep. Plz call me up before class. Hrishi.,71,came hostel go sleep plz call class hrishi,0
ham,Ok... But bag again..,21,ok bag,0
ham,Ok lor. Msg me b4 u call.,25,ok lor msg call,0
spam,"Mila, age23, blonde, new in UK. I look sex with UK guys. if u like fun with me. Text MTALK to 69866.18 . 30pp/txt 1st 5free. å£1.50 increments. Help08718728876",159,mila blond new uk look sex uk guy like fun text mtalk txt $$$ increment,1
ham,"Once a fishrman woke early in d mrng. It was very dark. He waited a while &amp; found a sack ful of stones. He strtd throwin thm in2 d sea 2 pass time. Atlast he had jus 1stone, sun rose up &amp; he found out tht those r nt stones, those were diamonds. Moral:\Dont wake up early in d mrng'' GOOD night""",302,fishrman woke earli mrng dark wait found sack ful stone strtd throwin thm sea pass time atlast jus sun rose found tht r nt stone diamond moral dont wake earli mrng good night,0
spam,"Claim a 200 shopping spree, just call 08717895698 now! Have you won! MobStoreQuiz10ppm",86,claim shop spree call,1
ham,Then ur physics get a-?,23,ur physic get,0
ham,"Dear friends, sorry for the late information. Today is the birthday of our loving Ar.Praveesh. for more details log on to face book and see. Its his number + &lt;#&gt; . Dont miss a delicious treat.",198,dear friend sorri late inform today birthday love ar praveesh detail log face book see number dont miss delici treat,0
ham,How r Ì_ going to send it to me?,32,r go send,0
ham,Can you do online transaction?,30,onlin transact,0
ham,Dear got train and seat mine lower seat,39,dear got train seat mine lower seat,0
ham,Let me know if you need anything else. Salad or desert or something... How many beers shall i get?,98,let know need anyth els salad desert someth mani beer shall get,0
ham,WHORE YOU ARE UNBELIEVABLE.,27,whore unbeliev,0
spam,"Want to funk up ur fone with a weekly new tone reply TONES2U 2 this text. www.ringtones.co.uk, the original n best. Tones 3GBP network operator rates apply",155,want funk ur fone week new tone repli text http origin n best tone network oper rate appli,1
ham,Are you sure you don't mean \get here,37,sure mean get,0
ham,"I love you !!! You know? Can you feel it? Does it make your belly warm? I wish it does, my love ... I shall meet you in your dreams, Ahmad ... *adoring kiss*",157,love know feel make belli warm wish love shall meet dream ahmad ador kiss,0
spam,"Twinks, bears, scallies, skins and jocks are calling now. Don't miss the weekend's fun. Call 08712466669 at 10p/min. 2 stop texts call 08712460324(nat rate)",156,twink bear scalli skin jock call miss weekend fun call min stop text call nat rate,1
ham,Love it! I want to flood that pretty pussy with cum...,54,love want flood pretti pussi cum,0
ham,Hey are you angry with me. Reply me dr.,39,hey angri repli dr,0
ham,Short But Cute: \Be a good person,33,short cute good person,0
ham,Also remember the beads don't come off. Ever.,45,also rememb bead come ever,0
ham,They have a thread on the wishlist section of the forums where ppl post nitro requests. Start from the last page and collect from the bottom up.,144,thread wishlist section forum ppl post nitro request start last page collect bottom,0
ham,For The First Time In The History 'Need' 'Comfort' And 'Luxury' Are Sold At Same Price In India..!! Onion-Rs. &lt;#&gt;  Petrol-Rs. &lt;#&gt;  Beer-Rs. &lt;#&gt;  SHESIL  &lt;#&gt;,180,first time histori need comfort luxuri sold price india onion rs petrol rs beer rs shesil,0
ham,"Actually nvm, got hella cash, we still on for  &lt;#&gt; ish?",61,actual nvm got hella cash still ish,0
spam,We tried to contact you re your reply to our offer of a Video Handset? 750 anytime any networks mins? UNLIMITED TEXT? Camcorder? Reply or call 08000930705 NOW,158,tri contact repli offer video handset anytim network min unlimit text camcord repli call,1
ham,"It's ok, at least armand's still around",39,ok least armand still around,0
ham,No da. I am happy that we sit together na,41,da happi sit togeth na,0
ham,Yup song bro. No creative. Neva test quality. He said check review online.,74,yup song bro creativ neva test qualiti said check review onlin,0
ham,"No dude, its not fake..my frnds got money, thts y i'm reffering u..if u member wit my mail link, u vl be credited  &lt;#&gt; rs and il be getiing  &lt;#&gt; rs..i can draw my acc wen it is  &lt;#&gt; rs..",204,dude fake frnds got money thts reffer member wit mail link vl credit rs il geti rs draw acc wen rs,0
ham,Dude while were makin those weirdy brownies my sister made awesome cookies. I took pics.,88,dude makin weirdi browni sister made awesom cooki took pic,0
spam,URGENT! We are trying to contact you. Last weekends draw shows that you have won a å£900 prize GUARANTEED. Call 09061701851. Claim code K61. Valid 12hours only,159,urgent tri contact last weekend draw show $$$ prize guarante call claim code valid,1
ham,Pls dont restrict her from eating anythin she likes for the next two days.,74,pls dont restrict eat anythin like next two day,0
ham,Mm you ask him to come its enough :-),37,mm ask come enough,0
ham,At the funeral home with Audrey and dad,39,funer home audrey dad,0
ham,"Aight, can you text me the address?",35,aight text address,0
ham,Excellent! Wish we were together right now!,43,excel wish togeth right,0
ham,Yep then is fine 7.30 or 8.30 for ice age.,42,yep fine ice age,0
ham,Pls i wont belive god.not only jesus.,37,pls wont beliv god jesus,0
ham,Can. Dunno wat to get 4 her...,30,dunno wat get,0
ham,"Not yet chikku..k, then wat abt tht guy did he stopped irritating or msging to u..",82,yet chikku k wat abt tht guy stop irrit msging,0
ham,How long does it take to get it.,32,long take get,0
ham,This is my number by vivek..,28,number vivek,0
spam,74355 XMAS iscoming & ur awarded either å£500 CD gift vouchers & free entry 2 r å£100 weekly draw txt MUSIC to 87066 TnC,120,xmas iscom ur award either $$$ cd gift voucher free entri r $$$ week draw txt music tnc,1
ham,"sorry brah, just finished the last of my exams, what up",55,sorri brah finish last exam,0
ham,"I got arrested for possession at, I shit you not,  &lt;TIME&gt;  pm",67,got arrest possess shit pm,0
ham,You are right though. I can't give you the space you want and need. This is really starting to become an issue. I was going to suggest setting a definite move out--if i'm still there-- after greece. But maybe you are ready and should do it now.,244,right though give space want need realli start becom issu go suggest set definit move still greec mayb readi,0
ham,Just normal only here :),24,normal,0
ham,"Please protect yourself from e-threats. SIB never asks for sensitive information like Passwords,ATM/SMS PIN thru email. Never share your password with anybody.",159,pleas protect e threat sib never ask sensit inform like password atm sms pin thru email never share password anybodi,0
ham,I miss you so much I'm so desparate I have recorded the message you left for me the other day and listen to it just to hear the sound of your voice. I love you,159,miss much despar record messag left day listen hear sound voic love,0
ham,Hi. I'm always online on yahoo and would like to chat with you someday,70,hi alway onlin yahoo would like chat someday,0
ham,"Goodmorning,my grandfather expired..so am on leave today.",57,goodmorn grandfath expir leav today,0
spam,Congratulations U can claim 2 VIP row A Tickets 2 C Blu in concert in November or Blu gift guaranteed Call 09061104276 to claim TS&Cs www.smsco.net costå£3.75max ,162,congratul claim vip row ticket blu concert novemb blu gift guarante call claim ts cs http cost $$$,1
ham,Where are you ? What are you doing ? Are yuou working on getting the pc to your mom's ? Did you find a spot that it would work ? I need you,139,yuou work get pc mom find spot would work need,0
ham,"Sure, I'll see if I can come by in a bit",40,sure see come bit,0
ham,I agree. So i can stop thinkin about ipad. Can you please ask macho the same question.,86,agre stop thinkin ipad pleas ask macho question,0
ham,Let's pool our money together and buy a bunch of lotto tickets. If we win I get &lt;#&gt; % u get &lt;#&gt; %. Deal?,116,let pool money togeth buy bunch lotto ticket win get get deal,0
ham,Watching tv lor. Nice one then i like lor.,42,watch tv lor nice one like lor,0
ham,I'm thinking that chennai forgot to come for auction..,54,think chennai forgot come auction,0
ham,Then Ì_ come n pick me at 530 ar?,33,come n pick ar,0
ham,Early bird! Any purchases yet?,30,earli bird purchas yet,0
ham,Went to pay rent. So i had to go to the bank to authorise the payment.,70,went pay rent go bank authoris payment,0
ham,"Erm Û_ ill pick you up at about 6.45pm. That'll give enough time to get there, park and that.",94,erm ill pick give enough time get park,0
ham,HEY MATE! HOWS U HONEY?DID U AVE GOOD HOLIDAY? GIMMI DE GOSS!x,62,hey mate how honey ave good holiday gimmi de goss x,0
ham,Howz pain.it will come down today.do as i said ystrday.ice and medicine.,72,howz pain come today said ystrday ice medicin,0
ham,"chile, please! It's only a  &lt;DECIMAL&gt;  hour drive for me. I come down all the time and will be subletting feb-april for audition season.",142,chile pleas hour drive come time sublet feb april audit season,0
ham,Yes ammae....life takes lot of turns you can only sit and try to hold the steering...,85,yes amma life take lot turn sit tri hold steer,0
ham,"Yeah that's what I thought, lemme know if anything's goin on later",66,yeah thought lemm know anyth goin later,0
ham,Mmmm.... I cant wait to lick it!,32,mmmm cant wait lick,0
ham,Pls go there today  &lt;#&gt; . I dont want any excuses,55,pls go today dont want excus,0
ham,Can you plz tell me the ans. BSLVYL sent via fullonsms.com,58,plz tell an bslvyl sent via http,0
ham,U in town alone?,16,town alon,0
ham,I to am looking forward to all the sex cuddling.. Only two more sleeps ,71,look forward sex cuddl two sleep,0
ham,We have all rounder:)so not required:),38,rounder requir,0
ham,"No, its true..k,Do u knw dis no. &lt;#&gt; ?",44,true k knw dis,0
ham,"Dont worry, 1 day very big lambu ji vl come..til then enjoy batchlor party:-)",77,dont worri day big lambu ji vl come til enjoy batchlor parti,0
ham,oh ya... Got hip hop open. Haha i was thinking can go for jazz then zoom to cine... Actually tonight i'm free leh... And there's a kb lesson tonight,148,oh ya got hip hop open haha think go jazz zoom cine actual tonight free leh kb lesson tonight,0
spam,Free msg: Single? Find a partner in your area! 1000s of real people are waiting to chat now!Send CHAT to 62220Cncl send STOPCS 08717890890å£1.50 per msg,152,free msg singl find partner area real peopl wait chat send chat send stopc $$$ per msg,1
ham,I'm ok. Will do my part tomorrow,32,ok part tomorrow,0
ham,"No! But we found a diff farm shop to buy some cheese. On way back now, can i call in?",85,found diff farm shop buy chees way back call,0
ham,R u still working now?,22,r still work,0
spam,"Win the newest åÒHarry Potter and the Order of the Phoenix (Book 5) reply HARRY, answer 5 questions - chance to be the first among readers!",139,win newest åòharri potter order phoenix book repli harri answer question chanc first among reader,1
ham,Yep. I do like the pink furniture tho.,38,yep like pink furnitur tho,0
spam,Free Msg: Ringtone!From: http://tms. widelive.com/index. wml?id=1b6a5ecef91ff9*37819&first=true18:0430-JUL-05,109,free msg rington http http wml id first jul,1
ham,"Customer place, i wil cal u sir.",32,custom place wil cal sir,0
spam,"Oh my god! I've found your number again! I'm so glad, text me back xafter this msgs cst std ntwk chg å£1.50",107,oh god found number glad text back xafter msgs cst std ntwk chg $$$,1
ham,A pure hearted person can have a wonderful smile that makes even his/her enemies to feel guilty for being an enemy.. So catch the world with your smile..:) GOODMORNING &amp; HAVE A SMILEY SUNDAY..:),198,pure heart person wonder smile make even enemi feel guilti enemi catch world smile goodmorn smiley sunday,0
ham,"THATåÕS ALRITE GIRL, U KNOW GAIL IS NEVA WRONG!!TAKE CARE SWEET AND DONåÕT WORRY.C U L8TR HUN!LOVE Yaxxx",104,alrit girl know gail neva wrong take care sweet worri hun love yaxxx,0
ham,"Theoretically yeah, he could be able to come",44,theoret yeah could abl come,0
ham,"Alright we're hooked up, where you guys at",42,alright hook guy,0
ham,"not that I know of, most people up here are still out of town",61,know peopl still town,0
ham,No let me do the math. Your not good at it.,43,let math good,0
ham,Oh ok wait 4 me there... My lect havent finish,46,oh ok wait lect havent finish,0
ham,Yeah my usual guy's out of town but there're definitely people around I know,76,yeah usual guy town definit peopl around know,0
ham,I am joining today formally.Pls keep praying.will talk later.,61,join today formal pls keep pray talk later,0
ham,"Happy or sad , one thing about past is- \Its no more\"" GOOD MORNING :-):-).""",76,happi sad one thing past good morn,0
ham,No. Did you multimedia message them or e-mail?,46,multimedia messag e mail,0
ham,Okie but i scared u say i fat... Then u dun wan me already...,61,oki scare say fat dun wan alreadi,0
ham,did u get that message,22,get messag,0
ham,"Sorry sir, i will call you tomorrow.  senthil.hsbc",50,sorri sir call tomorrow senthil hsbc,0
ham,What you need. You have a person to give na.,44,need person give na,0
ham,She left it very vague. She just said she would inform the person in accounting about the delayed rent and that i should discuss with the housing agency about my renting another place. But checking online now and all places around usc are  &lt;#&gt;  and up,257,left vagu said would inform person account delay rent discuss hous agenc rent anoth place check onlin place around usc,0
ham,Hi juan. Im coming home on fri hey. Of course i expect a welcome party and lots of presents. Ill phone u when i get back. Loads of love nicky x x x x x x x x x,159,hi juan come home fri hey cours expect welcom parti lot present ill phone get back load love nicki x x x x x x x x x,0
ham,"Gumby's has a special where a  &lt;#&gt; \ cheese pizza is $2 so I know what we're doin tonight""",96,gumbi special chees pizza $$$ know doin tonight,0
spam,A link to your picture has been sent. You can also use http://alto18.co.uk/wave/wave.asp?o=44345,96,link pictur sent also use http,1
ham,Like a personal sized or what,29,like person size,0
ham,"Same, I'm at my great aunts anniversary party in tarpon springs",63,great aunt anniversari parti tarpon spring,0
ham,Cab is available.they pick up and drop at door steps.,53,cab avail pick drop door step,0
ham,ok....take care.umma to you too...,34,ok take care umma,0
ham,Unlimited texts. Limited minutes.,33,unlimit text limit minut,0
spam,"Double Mins & 1000 txts on Orange tariffs. Latest Motorola, SonyEricsson & Nokia with Bluetooth FREE! Call MobileUpd8 on 08000839402 or call2optout/HF8",151,doubl min txts orang tariff latest motorola sonyericsson nokia bluetooth free call,1
ham,No problem. We will be spending a lot of quality time together...,65,problem spend lot qualiti time togeth,0
spam,URGENT This is our 2nd attempt to contact U. Your å£900 prize from YESTERDAY is still awaiting collection. To claim CALL NOW 09061702893. ACL03530150PM,151,urgent attempt contact $$$ prize yesterday still await collect claim call,1
ham,Have you heard from this week?,30,heard week,0
spam,Dear Dave this is your final notice to collect your 4* Tenerife Holiday or #5000 CASH award! Call 09061743806 from landline. TCs SAE Box326 CW25WX 150ppm,153,dear dave final notic collect tenerif holiday cash award call landlin tcs sae,1
ham,Yes. Last  practice,19,yes last practic,0
spam,tells u 2 call 09066358152 to claim å£5000 prize. U have 2 enter all ur mobile & personal details @ the prompts. Careful!,121,tell call claim $$$ prize enter ur mobil person detail prompt care,1
ham,No. Thank you. You've been wonderful,36,thank wonder,0
ham,ÌÏ mean it's confirmed... I tot they juz say oni... Ok then... ,63,iï mean confirm tot juz say oni ok,0
ham,That depends. How would you like to be treated? :),50,depend would like treat,0
ham,"Right on brah, see you later",28,right brah see later,0
ham,Waiting in e car 4 my mum lor. U leh? Reach home already?,57,wait e car mum lor leh reach home alreadi,0
spam,Your 2004 account for 07XXXXXXXXX shows 786 unredeemed points. To claim call 08719181259 Identifier code: XXXXX Expires 26.03.05,128,account show unredeem point claim call identifi code xxxxx expir,1
spam,Do you want a new video handset? 750 anytime any network mins? Half Price Line Rental? Camcorder? Reply or call 08000930705 for delivery tomorrow,145,want new video handset anytim network min half price line rental camcord repli call deliveri tomorrow,1
ham,Went fast asleep dear.take care.,32,went fast asleep dear take care,0
ham,No that just means you have a fat head,38,mean fat head,0
ham,Sounds like a plan! Cardiff is still here and still cold! I'm sitting on the radiator!,86,sound like plan cardiff still still cold sit radiat,0
ham,Serious? What like proper tongued her,37,serious like proper tongu,0
ham,She.s good. She was wondering if you wont say hi but she.s smiling now. So how are you coping with the long distance,116,good wonder wont say hi smile cope long distanc,0
ham,How i noe... She's in da car now... Later then c lar... I'm wearing shorts...,77,noe da car later lar wear short,0
ham,Yeah whatever lol,17,yeah whatev lol,0
ham,Ard 530 lor. I ok then message Ì_ lor.,38,ard lor ok messag lor,0
ham,Ok. C u then.,13,ok,0
ham,Eh ur laptop got no stock lei... He say mon muz come again to take a look c got a not...,88,eh ur laptop got stock lei say mon muz come take look got,0
ham,No need to ke qi... ÌÏ too bored izzit y suddenly thk of this...,64,need ke qi iï bore izzit sudden thk,0
ham,I wish! I don't think its gonna snow that much. But it will be more than those flurries we usually get that melt before they hit the ground. Eek! We haven't had snow since &lt;#&gt; before I was even born!,205,wish think gonna snow much flurri usual get melt hit ground eek snow sinc even born,0
spam,FREE>Ringtone! Reply REAL or POLY eg REAL1 1. PushButton 2. DontCha 3. BabyGoodbye 4. GoldDigger 5. WeBeBurnin 1st tone FREE and 6 more when u join for å£3/wk,158,free rington repli real poli eg pushbutton dontcha babygoodby golddigg webeburnin tone free join $$$ wk,1
ham,"Oh really? perform, write a paper, go to a movie AND be home by midnight, huh?",78,oh realli perform write paper go movi home midnight huh,0
ham,Okay lor... Will they still let us go a not ah? Coz they will not know until later. We drop our cards into the box right?,121,okay lor still let us go ah coz know later drop card box right,0
ham,How? Izzit still raining?,25,izzit still rain,0
ham,As if i wasn't having enough trouble sleeping.,46,enough troubl sleep,0
ham,I havent add Ì_ yet right.. ,28,havent add yet right,0
ham,Lol ... I really need to remember to eat when I'm drinking but I do appreciate you keeping me company that night babe *smiles*,126,lol realli need rememb eat drink appreci keep compani night babe smile,0
ham,Babe ? I lost you ... Will you try rebooting ?,46,babe lost tri reboot,0
ham,Yes. Nigh you cant aha.,23,yes nigh cant aha,0
ham,I thk Ì_ gotta go home by urself. Cos i'll b going out shopping 4 my frens present. ,84,thk gotta go home urself cos b go shop fren present,0
ham,Nooooooo I'm gonna be bored to death all day. Cable and internet outage.,72,nooooooo gonna bore death day cabl internet outag,0
ham,Sos! Any amount i can get pls.,30,sos amount get pls,0
ham,"Playin space poker, u?",22,playin space poker,0
ham,How come guoyang go n tell her? Then u told her?,48,come guoyang go n tell told,0
ham,You need to get up. Now.,24,need get,0
ham,They r giving a second chance to rahul dengra.,46,r give second chanc rahul dengra,0
ham,"Yeah, in fact he just asked if we needed anything like an hour ago. When and how much?",86,yeah fact ask need anyth like hour ago much,0
ham,WHEN THE FIRST STRIKE IS A RED ONE. THE BIRD + ANTELOPE BEGIN TOPLAY IN THE FIELDOF SELFINDEPENDENCE BELIEVE THIS + THE FLOWER OF CONTENTION WILL GROW.RANDOM!,158,first strike red one bird antelop begin toplay fieldof selfindepend believ flower content grow random,0
ham,Y Ì_ wan to go there? C doctor?,31,wan go doctor,0
ham,Does daddy have a bb now.,25,daddi bb,0
spam,"Free Msg: get Gnarls Barkleys \Crazy\"" ringtone TOTALLY FREE just reply GO to this message right now!""",102,free msg get gnarl barkley crazi rington total free repli go messag right,1
ham,She's borderline but yeah whatever.,35,borderlin yeah whatev,0
ham,"Until 545 lor... Ya, can go 4 dinner together...",48,lor ya go dinner togeth,0
ham,I will be gentle princess! We will make sweet gentle love...,60,gentl princess make sweet gentl love,0
ham,How u doin baby girl ?? hope u are okay every time I call ure phone is off! I miss u get in touch,97,doin babi girl hope okay everi time call ure phone miss get touch,0
ham,"Sorry, went to bed early, nightnight",36,sorri went bed earli nightnight,0
ham,I like to think there's always the possibility of being in a pub later.,71,like think alway possibl pub later,0
ham,HMM yeah if your not too grooved out! And im looking forward to my pound special :),83,hmm yeah groov look forward pound special,0
ham,I got to video tape pple type in message lor. U so free wan 2 help me? Hee... Cos i noe u wan 2 watch infernal affairs so ask u along. Asking shuhui oso.,153,got video tape pple type messag lor free wan help hee cos noe wan watch infern affair ask along ask shuhui oso,0
ham,Hi dude hw r u da realy mising u today,38,hi dude hw r da reali mise today,0
ham,Me hungry buy some food good lei... But mum n yun dun wan juz buy a little bit... ,82,hungri buy food good lei mum n yun dun wan juz buy littl bit,0
spam,Refused a loan? Secured or Unsecured? Can't get credit? Call free now 0800 195 6669 or text back 'help' & we will!,114,refus loan secur unsecur get credit call free text back help,1
ham,I probably won't eat at all today. I think I'm gonna pop. How was your weekend? Did u miss me?,94,probabl eat today think gonna pop weekend miss,0
ham,I knew it... U slept v late yest? Wake up so late...,52,knew slept v late yest wake late,0
ham,Haha... dont be angry with yourself... Take it as a practice for the real thing. =) ,84,haha dont angri take practic real thing,0
ham,Where is that one day training:-),33,one day train,0
ham,So i could kiss and feel you next to me...,42,could kiss feel next,0
ham,Have a nice day my dear.,24,nice day dear,0
ham,I sent lanre fakeye's Eckankar details to the mail box,54,sent lanr fakey eckankar detail mail box,0
ham,Your dad is back in ph?,23,dad back ph,0
spam,"You have been specially selected to receive a \3000 award! Call 08712402050 BEFORE the lines close. Cost 10ppm. 16+. T&Cs apply. AG Promo""",138,special select receiv award call line close cost cs appli ag promo,1
ham,If you ask her or she say any please message.,45,ask say pleas messag,0
ham,"If e timing can, then i go w u lor...",37,e time go w lor,0
ham,I was just callin to say hi. Take care bruv!,44,callin say hi take care bruv,0
spam,YOU HAVE WON! As a valued Vodafone customer our computer has picked YOU to win a å£150 prize. To collect is easy. Just call 09061743386,135,valu vodafon custom comput pick win $$$ prize collect easi call,1
ham,Did u turn on the heater? The heater was on and set to &lt;#&gt; degrees.,73,turn heater heater set degre,0
ham,Thanks for your message. I really appreciate your sacrifice. I'm not sure of the process of direct pay but will find out on my way back from the test tomorrow. I'm in class now. Do have a wonderful day.,202,thank messag realli appreci sacrific sure process direct pay find way back test tomorrow class wonder day,0
ham,"That's the trouble with classes that go well - you're due a dodgey one Û_ Expecting mine tomo! See you for recovery, same time, same place ",140,troubl class go well due dodgey one expect mine tomo see recoveri time place,0
spam,Free video camera phones with Half Price line rental for 12 mths and 500 cross ntwk mins 100 txts. Call MobileUpd8 08001950382 or Call2OptOut/674&,146,free video camera phone half price line rental mths cross ntwk min txts call,1
ham,WOT U UP 2 J?,13,wot j,0
ham,"Night night, see you tomorrow",29,night night see tomorrow,0
ham,Roger that. WeÛ÷re probably going to rem in about 20,53,roger probabl go rem,0
ham,do u think that any girl will propose u today by seing ur bloody funky shit fucking face...............asssssholeeee................,132,think girl propos today se ur bloodi funki shit fuck face asssssholeee,0
ham,I wish u were here. I feel so alone,35,wish feel alon,0
ham,Reason is if the team budget is available at last they buy the unsold players for at base rate..,96,reason team budget avail last buy unsold player base rate,0
ham,CERI U REBEL! SWEET DREAMZ ME LITTLE BUDDY!! C YA 2MORO! WHO NEEDS BLOKES,73,ceri rebel sweet dreamz littl buddi ya need bloke,0
spam,ringtoneking 84484,18,ringtonek,1
ham,Huh i cant thk of more oredi how many pages do we have?,55,huh cant thk oredi mani page,0
ham,His frens go then he in lor. Not alone wif my mum n sis lor.,60,fren go lor alon wif mum n sis lor,0
ham,Nationwide auto centre (or something like that) on Newport road. I liked them there,83,nationwid auto centr someth like newport road like,0
ham,"Hey, I missed you tm of last night as my phone was on the charge ... *smiles* ... I am meeting a friend shortly",111,hey miss tm last night phone charg smile meet friend short,0
ham,"Whatever, juliana. Do whatever you want.",40,whatev juliana whatev want,0
spam,Ringtone Club: Gr8 new polys direct to your mobile every week !,63,rington club new poli direct mobil everi week,1
ham,"Hello. Sort of out in town already. That . So dont rush home, I am eating nachos. Will let you know eta.",104,hello sort town alreadi dont rush home eat nacho let know eta,0
ham,Ok lor. Anyway i thk we cant get tickets now cos like quite late already. U wan 2 go look 4 ur frens a not? Darren is wif them now...,133,ok lor anyway thk cant get ticket cos like quit late alreadi wan go look ur fren darren wif,0
spam,(Bank of Granite issues Strong-Buy) EXPLOSIVE PICK FOR OUR MEMBERS *****UP OVER 300% *********** Nasdaq Symbol CDGT That is a $5.00 per..,137,bank granit issu strong buy explos pick member nasdaq symbol cdgt $$$ per,1
ham,"Dizzamn, aight I'll ask my suitemates when I get back",53,dizzamn aight ask suitem get back,0
ham,"Nimbomsons. Yep phone knows that one. Obviously, cos thats a real word",70,nimbomson yep phone know one obvious cos that real word,0
ham,I love to cuddle! I want to hold you in my strong arms right now...,67,love cuddl want hold strong arm right,0
ham,R u in this continent?,22,r contin,0
ham,We'll you pay over like  &lt;#&gt; yrs so its not too difficult,63,pay like yrs difficult,0
spam,Bored housewives! Chat n date now! 0871750.77.11! BT-national rate 10p/min only from landlines!,95,bore housew chat n date bt nation rate min landlin,1
spam,We tried to call you re your reply to our sms for a video mobile 750 mins UNLIMITED TEXT free camcorder Reply or call now 08000930705 Del Thurs,143,tri call repli sms video mobil min unlimit text free camcord repli call del thur,1
ham,K...k...when will you give treat?,33,k k give treat,0
spam,"This is the 2nd time we have tried to contact u. U have won the å£400 prize. 2 claim is easy, just call 087104711148 NOW! Only 10p per minute. BT-national-rate",159,time tri contact $$$ prize claim easi call per minut bt nation rate,1
ham,He's just gonna worry for nothing. And he won't give you money its no use.,74,gonna worri noth give money use,0
ham,Did you get any gift? This year i didnt get anything. So bad,60,get gift year didnt get anyth bad,0
ham,Well there's a pattern emerging of my friends telling me to drive up and come smoke with them and then telling me that I'm a weed fiend/make them smoke too much/impede their doing other things so you see how I'm hesitant,220,well pattern emerg friend tell drive come smoke tell weed fiend make smoke much imped thing see hesit,0
ham,", ow u dey.i paid 60,400thousad.i told  u would call . ",55,ow dey paid told would call,0
ham,IM FINE BABES AINT BEEN UP 2 MUCH THO! SAW SCARY MOVIE YEST ITS QUITE FUNNY! WANT 2MRW AFTERNOON? AT TOWN OR MALL OR SUMTHIN?xx,127,fine babe aint much tho saw scari movi yest quit funni want afternoon town mall sumthin xx,0
ham,I'm reaching home in 5 min.,27,reach home min,0
ham,"Forgot you were working today! Wanna chat, but things are ok so drop me a text when you're free / bored etc and i'll ring. Hope all is well, nose essay and all xx",162,forgot work today wanna chat thing ok drop text free bore etc ring hope well nose essay xx,0
ham,Ha... Then we must walk to everywhere... Cannot take tram. My cousin said can walk to vic market from our hotel ,112,ha must walk everywher cannot take tram cousin said walk vic market hotel,0
ham,Discussed with your mother ah?,30,discuss mother ah,0
ham,"Sorry, I can't text &amp; drive coherently, see you in twenty",61,sorri text drive coher see twenti,0
spam,You will be receiving this week's Triple Echo ringtone shortly. Enjoy it!,73,receiv week tripl echo rington short enjoy,1
ham,In which place i can get rooms cheap:-),39,place get room cheap,0
ham,Eek that's a lot of time especially since American Pie is like 8 minutes long. I can't stop singing it.,103,eek lot time especi sinc american pie like minut long stop sing,0
ham,"\GRAN ONLYFOUND OUT AFEW DAYS AGO.CUSOON HONI\""""",48,gran onlyfound afew day ago cusoon honi,0
spam,"U've been selected to stay in 1 of 250 top British hotels - FOR NOTHING! Holiday valued at å£350! Dial 08712300220 to claim - National Rate Call. Bx526, SW73SS",159,select stay top british hotel noth holiday valu $$$ dial claim nation rate call,1
ham,University of southern california.,34,univers southern california,0
ham,We have to pick rayan macleran there.,37,pick rayan macleran,0
ham,U gd lor go shopping i got stuff to do. U wan 2 watch infernal affairs a not? Come lar...,89,gd lor go shop got stuff wan watch infern affair come lar,0
ham,Well. Balls. Time to make calls,31,well ball time make call,0
ham,Wat time Ì_ wan today?,22,wat time wan today,0
ham, &lt;#&gt;  in mca. But not conform.,36,mca conform,0
ham,Oh ok.. Wat's ur email?,23,oh ok wat ur email,0
ham,"Yes, princess. Are you going to make me moan?",45,yes princess go make moan,0
ham,Lol its ok I didn't remember til last nite,42,lol ok rememb til last nite,0
ham,"[Û_] anyway, many good evenings to u! s",40,anyway mani good even,0
ham,"Cool, I'll text you in a few",28,cool text,0
ham,"Sorry vikky, i'm Watching olave mandara movie kano in trishul theatre wit my frnds..",84,sorri vikki watch olav mandara movi kano trishul theatr wit frnds,0
ham,I'm very happy for you babe ! Woo hoo party on dude!,52,happi babe woo hoo parti dude,0
ham,I am taking you for italian food. How about a pretty dress with no panties? :),78,take italian food pretti dress panti,0
ham,Wot u up 2? Thout u were gonna call me!! Txt bak luv K,54,wot thout gonna call txt bak luv k,0
spam,YOU ARE CHOSEN TO RECEIVE A å£350 AWARD! Pls call claim number 09066364311 to collect your award which you are selected to receive as a valued mobile customer.,159,chosen receiv $$$ award pls call claim number collect award select receiv valu mobil custom,1
ham,How are you holding up?,23,hold,0
ham,Dont flatter yourself... Tell that man of mine two pints of carlin in ten minutes please.... ,93,dont flatter tell man mine two pint carlin ten minut pleas,0
ham,Hope you are not scared!,24,hope scare,0
ham,I'm at home n ready...,22,home n readi,0
ham,What time do u get out?,23,time get,0
ham,I am literally in bed and have been up for like  &lt;#&gt;  hours,65,liter bed like hour,0
ham,"Yes, my reg is  Ciao!",21,yes reg ciao,0
ham,If You mean the website. Yes.,29,mean websit yes,0
spam,Win a å£1000 cash prize or a prize worth å£5000,47,win $$$ cash prize prize worth $$$,1
spam,"Thanks for your ringtone order, reference number X49.Your mobile will be charged 4.50. Should your tone not arrive please call customer services 09065989182",156,thank rington order refer number mobil charg tone arriv pleas call custom servic,1
ham,Lol or I could just starve and lose a pound by the end of the day.,66,lol could starv lose pound end day,0
ham,Yeah that's the impression I got,32,yeah impress got,0
ham,Ok ok take care. I can understand.,34,ok ok take care understand,0
ham,"Motivate Behind every darkness, there is a shining light waiting for you to find it... Behind every best friend, there is always trust and love... BSLVYL",153,motiv behind everi dark shine light wait find behind everi best friend alway trust love bslvyl,0
ham,"Ya ok, then had dinner?",23,ya ok dinner,0
ham,I was slept that time.you there?,32,slept time,0
ham,dont make ne plans for nxt wknd coz she wants us to come down then ok,69,dont make ne plan nxt wknd coz want us come ok,0
ham,When is school starting. Where will you stay. What's the weather like. And the food. Do you have a social support system like friends in the school. All these things are important.,180,school start stay weather like food social support system like friend school thing import,0
ham,"Ha ha nan yalrigu heltini..Iyo kothi chikku, u shared many things wit me..so far i didn't told any body and even uttered a word abt u.. If ur trusting me so much how can i tell these to others.. Plz nxt time dont use those words to me..ok, chikku:-);-)B-)",255,ha ha nan yalrigu heltini iyo kothi chikku share mani thing wit far told bodi even utter word abt ur trust much tell other plz nxt time dont use word ok chikku b,0
ham,Noice. Text me when you're here,31,noic text,0
ham,Hi di is yijue we're meeting at 7 pm at esaplanade tonight.,59,hi di yiju meet pm esaplanad tonight,0
spam,Moby Pub Quiz.Win a å£100 High Street prize if u know who the new Duchess of Cornwall will be? Txt her first name to 82277.unsub STOP å£1.50 008704050406 SP,156,mobi pub quiz win $$$ high street prize know new duchess cornwal txt first name unsub stop $$$ sp,1
spam,"This weeks SavaMob member offers are now accessible. Just call 08709501522 for details! SavaMob, POBOX 139, LA3 2WU. Only å£1.50/week. SavaMob - offers mobile!",159,week savamob member offer access call detail savamob pobox $$$ week savamob offer mobil,1
ham,"Aight I've been set free, think you could text me blake's address? It occurs to me I'm not quite as sure what I'm doing as I thought I was",138,aight set free think could text blake address occur quit sure thought,0
ham,Hi dear we saw dear. We both are happy. Where you my battery is low,67,hi dear saw dear happi batteri low,0
ham,How are you. Its been ages. How's abj,37,age abj,0
ham,Prof: you have passed in all the papers in this sem congrats . . . . Student: Enna kalaachutaarama..!! Prof:???? Gud mrng!,122,prof pass paper sem congrat student enna kalaachutaarama prof gud mrng,0
ham,Dont kick coco when he's down,29,dont kick coco,0
ham,Fyi I'm gonna call you sporadically starting at like  &lt;#&gt;  bc we are not not doin this shit,97,fyi gonna call sporad start like bc doin shit,0
spam,"You are being contacted by our Dating Service by someone you know! To find out who it is, call from your mobile or landline 09064017305 PoBox75LDNS7 ",149,contact date servic someon know find call mobil landlin,1
spam,TBS/PERSOLVO. been chasing us since Sept forå£38 definitely not paying now thanks to your information. We will ignore them. Kath. Manchester.,141,tbs persolvo chase us sinc sept $$$ definit pay thank inform ignor kath manchest,1
ham,Hope youåÕre not having too much fun without me!! see u tomorrow love jess x,76,hope much fun without see tomorrow love jess x,0
ham,Ok i wont call or disturb any one. I know all are avoiding me. I am a burden for all,84,ok wont call disturb one know avoid burden,0
ham,I've reached home n i bathe liao... U can call me now...,56,reach home n bath liao call,0
spam,Loans for any purpose even if you have Bad Credit! Tenants Welcome. Call NoWorriesLoans.com on 08717111821,106,loan purpos even bad credit tenant welcom call http,1
ham,Was the actual exam harder than NBME,36,actual exam harder nbme,0
ham,A lot of this sickness thing going round. Take it easy. Hope u feel better soon. Lol,84,lot sick thing go round take easi hope feel better soon lol,0
spam,87077: Kick off a new season with 2wks FREE goals & news to ur mobile! Txt ur club name to 87077 eg VILLA to 87077,114,kick new season free goal news ur mobil txt ur club name eg villa,1
ham,Hey sathya till now we dint meet not even a single time then how can i saw the situation sathya.,96,hey sathya till dint meet even singl time saw situat sathya,0
ham,Gam gone after outstanding innings.,35,gam gone outstand inning,0
ham,O i played smash bros  &lt;#&gt;  religiously.,46,play smash bros religi,0
ham,"Sir, good morning. Hope you had a good weekend. I called to let you know that i was able to raise  &lt;#&gt;  from my dad. He however said he would make the rest available by mid feb. This amount is still quite short and i was hoping you would help. Do have a good day. Abiola",276,sir good morn hope good weekend call let know abl rais dad howev said would make rest avail mid feb amount still quit short hope would help good day abiola,0
ham,Hurry home. Soup is DONE!,25,hurri home soup done,0
ham,"Good afternoon, my love. It was good to see your words on YM and get your tm. Very smart move, my slave ... *smiles* ... I drink my coffee and await you.",153,good afternoon love good see word ym get tm smart move slave smile drink coffe await,0
ham,Quite ok but a bit ex... U better go eat smth now else i'll feel guilty...,74,quit ok bit ex better go eat smth els feel guilti,0
spam,"Orange brings you ringtones from all time Chart Heroes, with a free hit each week! Go to Ringtones & Pics on wap. To stop receiving these tips reply STOP.",154,orang bring rington time chart hero free hit week go rington pic wap stop receiv tip repli stop,1
ham,Lemme know when you're here,27,lemm know,0
spam,PRIVATE! Your 2003 Account Statement for 07973788240 shows 800 un-redeemed S. I. M. points. Call 08715203649 Identifier Code: 40533 Expires 31/10/04,148,privat account statement show un redeem point call identifi code expir,1
ham,He needs to stop going to bed and make with the fucking dealing,63,need stop go bed make fuck deal,0
ham,"How are you, my Love ? Are you with your brother ? Time to talk english with him ? *grins* Say : Hey Muhommad, Penny says hello from across the sea",147,love brother time talk english grin say hey muhommad penni say hello across sea,0
spam,We tried to call you re your reply to our sms for a video mobile 750 mins UNLIMITED TEXT + free camcorder Reply of call 08000930705 Now,135,tri call repli sms video mobil min unlimit text free camcord repli call,1
ham,"Hey doc pls I want to get nice t shirt for my hubby nice fiting ones my budget is  &lt;#&gt; k help pls I will load d card abi hw,keep me posted luv. 2 mj",154,hey doc pls want get nice shirt hubbi nice fite one budget k help pls load card abi hw keep post luv mj,0
ham,I remain unconvinced that this isn't an elaborate test of my willpower,70,remain unconvinc elabor test willpow,0
ham,"\Life is nothing wen v get everything\"". But \""life is everything wen v miss something \"". Real value of people wil be realized only in their absence.... gud mrng""",163,life noth wen v get everyth life everyth wen v miss someth real valu peopl wil realiz absenc gud mrng,0
ham,how are you? I miss you!,24,miss,0
ham,I ain't answerin no phone at what is actually a pretty reasonable hour but I'm sleepy,85,answerin phone actual pretti reason hour sleepi,0
ham,"Hey , is * rite u put åÈ10 evey mnth is that all?",49,hey rite put evey mnth,0
ham,i am going to bed now prin,26,go bed prin,0
ham,I think just yourself Û_Thanks and see you tomo,48,think thank see tomo,0
ham,If u dun drive then how i go 2 sch.,35,dun drive go sch,0
ham,I not at home now lei...,24,home lei,0
spam,GSOH? Good with SPAM the ladies?U could b a male gigolo? 2 join the uk's fastest growing mens club reply ONCALL. mjzgroup. 08714342399.2stop reply STOP. msg@å£1.50rcvd,167,gsoh good spam ladi could b male gigolo join uk fastest grow men club repli oncal mjzgroup repli stop msg $$$,1
ham,Do u hav any frnd by name ashwini in ur college?,48,hav frnd name ashwini ur colleg,0
ham,Jus finish my lunch on my way home lor... I tot u dun wan 2 stay in sch today...,80,jus finish lunch way home lor tot dun wan stay sch today,0
ham,K then 2marrow are you coming to class.,39,k come class,0
spam,"HOT LIVE FANTASIES call now 08707500020 Just 20p per min NTT Ltd, PO Box 1327 Croydon CR9 5WB 0870 is a national rate call",122,hot live fantasi call per min ntt ltd po box croydon nation rate call,1
ham,Pls send me your address sir.,29,pls send address sir,0
ham,I want to lick your pussy now...,32,want lick pussi,0
ham,"Yo, you gonna still be in stock tomorrow/today? I'm trying to get a dubsack",75,yo gonna still stock tomorrow today tri get dubsack,0
spam,URGENT! Your Mobile number has been awarded a <UKP>2000 prize GUARANTEED. Call 09061790125 from landline. Claim 3030. Valid 12hrs only 150ppm,141,urgent mobil number award prize guarante call landlin claim valid,1
ham,"I'll see, but prolly yeah",25,see prolli yeah,0
ham,Thought we could go out for dinner. I'll treat you! Seem ok?,60,thought could go dinner treat seem ok,0
ham,Where are you ? What do you do ? How can you stand to be away from me ? Doesn't your heart ache without me ? Don't you wonder of me ? Don't you crave me ?,154,stand away heart ach without wonder crave,0
ham,Sorry. You never hear unless you book it. One was kinda a joke--thet were really looking for skinny white girls. The other was one line--you can only do so much on camera with that. Something like that they're casting on the look.,230,sorri never hear unless book one kinda joke thet realli look skinni white girl one line much camera someth like cast look,0
ham,"Sure thing big man. i have hockey elections at 6, shouldnÛ÷t go on longer than an hour though",94,sure thing big man hockey elect go longer hour though,0
ham,Watch lor. I saw a few swatch one i thk quite ok. Ard 116 but i need 2nd opinion leh...,87,watch lor saw swatch one thk quit ok ard need opinion leh,0
ham,Hiya do u like the hlday pics looked horrible in them so took mo out! Hows the camp Amrca thing? Speak soon Serena:),116,hiya like hlday pic look horribl took mo how camp amrca thing speak soon serena,0
ham,"Babe! How goes that day ? What are you up to ? I miss you already, my Love ... * loving kiss* ... I hope everything goes well.",126,babe goe day miss alreadi love love kiss hope everyth goe well,0
ham,Yunny... I'm goin to be late,28,yunni goin late,0
ham,Doc prescribed me morphine cause the other pain meds aren't enough. Waiting for my mom to bring it. That med should kick in fast so I'm gonna try to be on later,160,doc prescrib morphin caus pain med enough wait mom bring med kick fast gonna tri later,0
ham,"Cool, want me to go to kappa or should I meet you outside mu",60,cool want go kappa meet outsid mu,0
ham,"Hey sexy buns ! Have I told you ? I adore you, loverboy. I hope you remember to thank your sister in law for those meatballs *grins* ... i love you, babe",153,hey sexi bun told ador loverboy hope rememb thank sister law meatbal grin love babe,0
ham,May b approve panalam...but it should have more posts..,55,may b approv panalam post,0
spam,"SPJanuary Male Sale! Hot Gay chat now cheaper, call 08709222922. National rate from 1.5p/min cheap to 7.8p/min peak! To stop texts call 08712460324 (10p/min)",157,spjanuari male sale hot gay chat cheaper call nation rate min cheap min peak stop text call min,1
ham,Me i'm not workin. Once i get job...,36,workin get job,0
ham,And by when you're done I mean now,34,done mean,0
ham,\Its Ur luck to Love someone. Its Ur fortune to Love the one who Loves U. But,77,ur luck love someon ur fortun love one love,0
ham,Hi baby ive just got back from work and i was wanting to see u allday! I hope i didnt piss u off on the phone today. If u are up give me a call xxx,147,hi babi ive got back work want see allday hope didnt piss phone today give call xxx,0
spam,FreeMsg Today's the day if you are ready! I'm horny & live in your town. I love sex fun & games! Netcollex Ltd 08700621170150p per msg reply Stop to end,152,freemsg today day readi horni live town love sex fun game netcollex ltd per msg repli stop end,1
ham,Is it your yahoo boys that bring in the perf? Or legal.,55,yahoo boy bring perf legal,0
ham,No need to say anything to me. I know i am an outsider,54,need say anyth know outsid,0
ham,have you ever had one foot before?,34,ever one foot,0
ham,Just got to  &lt;#&gt;,22,got,0
ham,"Good! No, donÛ÷t need any receiptsÛÓwell done! (Û_) Yes, please tell . WhatÛ÷s her number, i could ring her",111,good need receipt ówell done yes pleas tell number could ring,0
ham,Leave it wif me lar... ÌÏ wan to carry meh so heavy... Is da num 98321561 familiar to Ì_?,89,leav wif lar iï wan carri meh heavi da num familiar,0
ham,Beautiful truth : Expression of the face could Be seen by everyone... But the depression of heart Could be understood only By the Loved ones.. Gud Ni8;-),153,beauti truth express face could seen everyon depress heart could understood love one gud,0
ham,Infact happy new year. How are you where are you when are we seeing,67,infact happi new year see,0
spam,"In The Simpsons Movie released in July 2007 name the band that died at the start of the film? A-Green Day, B-Blue Day, C-Red Day. (Send A, B or C)",146,simpson movi releas juli name band die start film green day b blue day red day send b,1
ham,That's a shame! Maybe cld meet for few hrs tomo?,48,shame mayb cld meet hrs tomo,0
ham,Lol I would but despite these cramps I like being a girl.,57,lol would despit cramp like girl,0
ham,I canåÕt wait for cornwall. Hope tonight isnåÕt too bad as well but itåÕs rock night shite. Anyway iåÕm going for a kip now have a good night. Speak to you soon.,161,wait cornwal hope tonight bad well rock night shite anyway go kip good night speak soon,0
ham,Pls help me tell sura that i'm expecting a battery from hont. And that if should pls send me a message about how to download movies. Thanks,139,pls help tell sura expect batteri hont pls send messag download movi thank,0
spam,Please call Amanda with regard to renewing or upgrading your current T-Mobile handset free of charge. Offer ends today. Tel 0845 021 3680 subject to T's and C's,160,pleas call amanda regard renew upgrad current mobil handset free charg offer end today tel subject,1
ham,"Haven't found a way to get another app for your phone, eh ? Will you go to the net cafe ? Did you take that job? Geeee I need you babe. I crave to see you ...",158,found way get anoth app phone eh go net cafe take job geeee need babe crave see,0
ham,I only work from mon to thurs but Sat i cant leh... Booked liao... Which other day u free?,90,work mon thur sat cant leh book liao day free,0
ham,ÌÏ comin to fetch us oredi...,29,iï comin fetch us oredi,0
ham,What's nannys address?,22,nanni address,0
ham,Haf u eaten? Wat time u wan me 2 come?,38,haf eaten wat time wan come,0
spam,Want a new Video Phone? 750 anytime any network mins? Half price line rental free text for 3 months? Reply or call 08000930705 for free delivery,144,want new video phone anytim network min half price line rental free text month repli call free deliveri,1
ham,"Yo, call me when you get the chance, a friend of mine wanted me to ask you about a big order",92,yo call get chanc friend mine want ask big order,0
ham,This single single answers are we fighting? Plus i said am broke and you didnt reply,84,singl singl answer fight plus said broke didnt repli,0
ham,It certainly puts things into perspective when something like this happens,74,certain put thing perspect someth like happen,0
ham,Now got tv 2 watch meh? U no work today?,40,got tv watch meh work today,0
ham,i felt so...not any conveying reason.. Ese he... What about me?,63,felt convey reason ese,0
ham,How's it going? Got any exciting karaoke type activities planned? I'm debating whether to play football this eve. Feeling lazy though.,134,go got excit karaok type activ plan debat whether play footbal eve feel lazi though,0
ham,I told that am coming on wednesday.,35,told come wednesday,0
ham,"Its ok, called mom instead have fun",35,ok call mom instead fun,0
spam,"Dear Voucher Holder, To claim this weeks offer, at your PC please go to http://www.wtlp.co.uk/text. Ts&Cs apply.",112,dear voucher holder claim week offer pc pleas go http ts cs appli,1
ham,Well if I'm that desperate I'll just call armand again,54,well desper call armand,0
ham,Are you at work right now ?,27,work right,0
ham,Haven't heard anything and he's not answering my texts so I'm guessing he flaked. That said the jb is fantastic,111,heard anyth answer text guess flake said jb fantast,0
ham,"Mmmmmm ... I love you,so much, Ahmad ... I can't wait for this year to begin as every second takes me closer to being at your side. Happy New Year, my love!!",157,mmmmmm love much ahmad wait year begin everi second take closer side happi new year love,0
ham,Pls what's the full name of joke's school cos fees in university of florida seem to actually be  &lt;#&gt; k. Pls holla back,124,pls full name joke school cos fee univers florida seem actual k pls holla back,0
ham,Ok... But they said i've got wisdom teeth hidden inside n mayb need 2 remove.,77,ok said got wisdom teeth hidden insid n mayb need remov,0
ham,And pls pls drink plenty plenty water,37,pls pls drink plenti plenti water,0
ham,How are you doing. How's the queen. Are you going for the royal wedding,71,queen go royal wed,0
ham,He's in lag. That's just the sad part but we keep in touch thanks to skype,74,lag sad part keep touch thank skype,0
ham,Ok lor then we go tog lor...,28,ok lor go tog lor,0
ham,Two teams waiting for some players,34,two team wait player,0
ham,Can Ì_ send me a copy of da report?,35,send copi da report,0
ham,"swhrt how u dey,hope ur ok, tot about u 2day.love n miss.take care.",67,swhrt dey hope ur ok tot love n miss take care,0
ham,"Ok da, i already planned. I wil pick you.",41,ok da alreadi plan wil pick,0
spam,"Urgent! Please call 0906346330. Your ABTA complimentary 4* Spanish Holiday or å£10,000 cash await collection SAE T&Cs BOX 47 PO19 2EZ 150ppm 18+",144,urgent pleas call abta complimentari spanish holiday $$$ cash await collect sae cs box,1
ham,I just really need shit before tomorrow and I know you won't be awake before like 6,83,realli need shit tomorrow know awak like,0
ham,I'm good. Have you registered to vote?,38,good regist vote,0
ham,"Hmm ok, i'll stay for like an hour cos my eye is really sore!",61,hmm ok stay like hour cos eye realli sore,0
ham,Dear got bus directly to calicut,32,dear got bus direct calicut,0
ham,Mm umma ask vava also to come tell him can play later together,62,mm umma ask vava also come tell play later togeth,0
ham,"Well the general price is  &lt;#&gt; /oz, let me know if/when/how much you want",79,well general price oz let know much want,0
ham,"Each Moment in a day,has its own value-Morning brings hope,afternoon brings faith,Evening brings luv,Night brings rest,Wish u find them all today.Good Morning",158,moment day valu morn bring hope afternoon bring faith even bring luv night bring rest wish find today good morn,0
ham,&lt;#&gt;  w jetton ave if you forgot,37,w jetton ave forgot,0
ham,Ok i'm coming home now.,23,ok come home,0
ham,Can not use foreign stamps in this country.,43,use foreign stamp countri,0
ham,"Sorry, it's a lot of friend-of-a-friend stuff, I'm just now about to talk to the actual guy who wants to buy",108,sorri lot friend friend stuff talk actual guy want buy,0
spam,"cmon babe, make me horny, *turn* me on! Txt me your fantasy now babe -) Im hot, sticky and need you now. All replies cost å£1.50. 2 cancel send STOP",148,cmon babe make horni turn txt fantasi babe hot sticki need repli cost $$$ cancel send stop,1
ham,Wylie update: my weed dealer carlos went to freedom and had a class with lunsford,81,wyli updat weed dealer carlo went freedom class lunsford,0
ham,Are you happy baby ? Are you alright ? Did you take that job ? I hope your fine. I send you a kiss to make you smile from across the sea ... *kiss* *kiss*,154,happi babi alright take job hope fine send kiss make smile across sea kiss kiss,0
ham,C movie is juz last minute decision mah. Juz watch 2 lar but i tot Ì_ not interested.,85,movi juz last minut decis mah juz watch lar tot interest,0
ham,How are you enjoying this semester? Take care brother.,54,enjoy semest take care brother,0
spam,IMPORTANT INFORMATION 4 ORANGE USER 0796XXXXXX. TODAY IS UR LUCKY DAY!2 FIND OUT WHY LOG ONTO http://www.urawinner.com THERE'S A FANTASTIC PRIZEAWAITING YOU!,157,import inform orang user today ur lucki day find log onto http fantast prizeawait,1
ham,"Get the door, I'm here",22,get door,0
ham,"Lets use it next week, princess :)",34,let use next week princess,0
ham,Or i go home first lar Ì_ wait 4 me lor.. I put down my stuff first..,69,go home first lar wait lor put stuff first,0
ham,I want kfc its Tuesday. Only buy 2 meals ONLY 2. No gravy. Only 2 Mark. 2!,74,want kfc tuesday buy meal gravi mark,0
ham,No da:)he is stupid da..always sending like this:)don believe any of those message.pandy is a mental:),102,da stupid da alway send like believ messag pandi mental,0
ham,Oi when you gonna ring,22,oi gonna ring,0
spam,Missed call alert. These numbers called but left no message. 07008009200,72,miss call alert number call left messag,1
ham,I attended but nothing is there.,32,attend noth,0
ham,Ard 530 like dat lor. We juz meet in mrt station then Ì_ dun haf to come out.,77,ard like dat lor juz meet mrt station dun haf come,0
ham,No dear i was sleeping :-P,26,dear sleep p,0
ham,Er mw im filled tuth is aight,29,er mw fill tuth aight,0
ham,Will be office around 4 pm. Now i am going hospital.,52,offic around pm go hospit,0
ham,Actually i'm waiting for 2 weeks when they start putting ad.,60,actual wait week start put ad,0
ham,Anything lor if they all go then i go lor...,44,anyth lor go go lor,0
ham,U free on sat rite? U wan 2 watch infernal affairs wif me n darren n mayb xy?,77,free sat rite wan watch infern affair wif n darren n mayb xy,0
ham,Yo you around? A friend of mine's lookin to pick up later tonight,65,yo around friend mine lookin pick later tonight,0
ham,Stupid auto correct on my phone,31,stupid auto correct phone,0
ham,Double eviction this week - Spiral and Michael and good riddance to them!,73,doubl evict week spiral michael good riddanc,0
ham,"\The world suffers a lot... Not because of the violence of bad people. But because of the silence of good people!\""",115,world suffer lot violenc bad peopl silenc good peopl,0
ham,"Ok thats cool. Its , just off either raglan rd or edward rd. Behind the cricket ground. Gimme ring when ur closeby see you tuesday.",131,ok that cool either raglan rd edward rd behind cricket ground gimm ring ur closebi see tuesday,0
ham,Buy one egg for me da..please:),31,buy one egg da pleas,0
ham,Have you started in skye,24,start skye,0
ham,Have you bookedthe hut? And also your time off? How are you by the way?,71,bookedth hut also time way,0
ham,And several to you sir.,23,sever sir,0
ham,U really pig leh sleep so much. My dad wake me up at 10 smth 2 eat lunch today.,79,realli pig leh sleep much dad wake smth eat lunch today,0
ham,My love ... I hope your not doing anything drastic. Don't you dare sell your pc or your phone ...,97,love hope anyth drastic dare sell pc phone,0
spam,FREEMSG: Our records indicate you may be entitled to 3750 pounds for the Accident you had. To claim for free reply with YES to this msg. To opt out text STOP,157,freemsg record indic may entitl pound accid claim free repli yes msg opt text stop,1
ham,Life style garments account no please.,38,life style garment account pleas,0
ham,Lol wtf random. Btw is that your lunch break,44,lol wtf random btw lunch break,0
ham,"Sez, hows u & de arab boy? Hope u r all good give my love 2 evry1 love ya eshxxxxxxxxxxx",88,sez how de arab boy hope r good give love love ya eshxxxxxxxxxxx,0
ham,"The LAY MAN! Just to let you know you are missed and thought off. Do have a great day. And if you can send me bimbo and ugo's numbers, ill appreciate. Safe",155,lay man let know miss thought great day send bimbo ugo number ill appreci safe,0
ham,Detroit. The home of snow. Enjoy it.,36,detroit home snow enjoy,0
spam,Show ur colours! Euro 2004 2-4-1 Offer! Get an England Flag & 3Lions tone on ur phone! Click on the following service message for info!,135,show ur colour euro offer get england flag tone ur phone click follow servic messag info,1
ham,"Aight, I'm chillin in a friend's room so text me when you're on the way",71,aight chillin friend room text way,0
ham,Is toshiba portege m100 gd?,27,toshiba porteg gd,0
ham,Well welp is sort of a semiobscure internet thing,49,well welp sort semiobscur internet thing,0
spam,Text PASS to 69669 to collect your polyphonic ringtones. Normal gprs charges apply only. Enjoy your tones,105,text pass collect polyphon rington normal gprs charg appli enjoy tone,1
spam,"accordingly. I repeat, just text the word ok on your mobile phone and send",74,accord repeat text word ok mobil phone send,1
ham,Loosu go to hospital. De dont let it careless.,46,loosu go hospit de dont let careless,0
ham,How much for an eighth?,23,much eighth,0
ham,Omg Joanna is freaking me out. She's looked thru all my friends to find photos of me. And then she's asking about stuff on my MySpace which I haven't even logged on in like a year. :/,183,omg joanna freak look thru friend find photo ask stuff myspac even log like year,0
ham,"Send ur birthdate with month and year, I will tel u ur LIFE PARTNER'S name. and the method of calculation. Reply must.",118,send ur birthdat month year tel ur life partner name method calcul repli must,0
ham,Juz now havent woke up so a bit blur blur... Can? Dad went out liao... I cant cum now oso...,92,juz havent woke bit blur blur dad went liao cant cum oso,0
ham,"How about clothes, jewelry, and trips?",38,cloth jewelri trip,0
spam,Block Breaker now comes in deluxe format with new features and great graphics from T-Mobile. Buy for just å£5 by replying GET BBDELUXE and take the challenge,157,block breaker come delux format new featur great graphic mobil buy $$$ repli get bbdelux take challeng,1
ham,Aah! A cuddle would be lush! I'd need lots of tea and soup before any kind of fumbling!,87,aah cuddl would lush need lot tea soup kind fumbl,0
spam,important information 4 orange user . today is your lucky day!2find out why log onto http://www.urawinner.com THERE'S A FANTASTIC SURPRISE AWAITING YOU!,152,import inform orang user today lucki day log onto http fantast surpris await,1
ham,Are you plans with your family set in stone ?,45,plan famili set stone,0
ham,Pls dont forget to study,24,pls dont forget studi,0
ham,You'll never believe this but i have actually got off at taunton. Wow,69,never believ actual got taunton wow,0
ham,"Den only weekdays got special price... Haiz... Cant eat liao... Cut nails oso muz wait until i finish drivin wat, lunch still muz eat wat... ",141,den weekday got special price haiz cant eat liao cut nail oso muz wait finish drivin wat lunch still muz eat wat,0
ham,She just broke down a list of reasons why nobody's in town and I can't tell if she's being sarcastic or just faggy,114,broke list reason nobodi town tell sarcast faggi,0
ham, &lt;DECIMAL&gt; m but its not a common car here so its better to buy from china or asia. Or if i find it less expensive. I.ll holla,132,common car better buy china asia find less expens holla,0
ham,The greatest test of courage on earth is to bear defeat without losing heart....gn tc,85,greatest test courag earth bear defeat without lose heart gn tc,0
ham,SORRY IM STIL FUCKED AFTER LAST NITE WENT TOBED AT 430 GOT UP 4 WORK AT 630,75,sorri stil fuck last nite went tobe got work,0
ham,Hey so whats the plan this sat? ,32,hey what plan sat,0
ham,Beauty sleep can help ur pimples too.,37,beauti sleep help ur pimpl,0
ham,Great. Hope you are using your connections from mode men also cos you can never know why old friends can lead you to today,122,great hope use connect mode men also cos never know old friend lead today,0
spam,Natalja (25/F) is inviting you to be her friend. Reply YES-440 or NO-440 See her: www.SMS.ac/u/nat27081980 STOP? Send STOP FRND to 62468,136,natalja f invit friend repli yes see http stop send stop frnd,1
ham,Where to get those?,19,get,0
ham,"Kind of. Just missed train cos of asthma attack, nxt one in half hr so driving in. not sure where to park.",106,kind miss train cos asthma attack nxt one half hr drive sure park,0
ham,Ball is moving a lot.will spin in last :)so very difficult to bat:),67,ball move lot spin last difficult bat,0
ham,Haiyoh... Maybe your hamster was jealous of million,51,haiyoh mayb hamster jealous million,0
ham,Can you please send me my aunty's number,40,pleas send aunti number,0
ham,I'm glad. You are following your dreams.,40,glad follow dream,0
ham,I've reached home finally...,28,reach home final,0
spam,"URGENT. Important information for 02 user. Today is your lucky day! 2 find out why , log onto http://www.urawinner.com there is a fantastic surprise awaiting you !",163,urgent import inform user today lucki day find log onto http fantast surpris await,1
ham,"Wn u r hurt by d prsn who s close 2 u, do fight wit dem. Coz somtimes dis fight saves a relation bt being quiet leaves nothin in a relation.. Gud eveB-)",152,wn r hurt prsn close fight wit dem coz somtim dis fight save relat bt quiet leav nothin relat gud eveb,0
ham,U can call now...,17,call,0
ham,"Science tells that chocolate will melt under the sunlight. Please don't walk under the sunlight. BCoz,I don't want to loss a sweet friend.",138,scienc tell chocol melt sunlight pleas walk sunlight bcoz want loss sweet friend,0
ham,Yes. I come to nyc for audiitions and am trying to relocate.,60,yes come nyc audiit tri reloc,0
ham,I pocked you up there before,28,pock,0
ham,Congrats. That's great. I wanted to tell you not to tell me your score cos it might make me relax. But its motivating me so thanks for sharing,142,congrat great want tell tell score cos might make relax motiv thank share,0
ham,I wud never mind if u dont miss me or if u dont need me.. But u wil really hurt me wen u need me &amp; u dont tell me......... Take care:-),139,wud never mind dont miss dont need wil realli hurt wen need dont tell take care,0
ham,Hey mr whats the name of that bill brison book the one about language and words ,80,hey mr what name bill brison book one languag word,0
ham,"Okay, good, no problem, and thanx!",34,okay good problem thanx,0
ham,"For you information, IKEA is spelled with all caps. That is not yelling. when you thought i had left you, you were sitting on the bed among the mess when i came in. i said we were going after you got home from class. please don't try and bullshit me. It makes me want to listen to you less.",290,inform ikea spell cap yell thought left sit bed among mess came said go got home class pleas tri bullshit make want listen less,0
ham,Call me when u're done...,25,call done,0
ham,G.W.R,5,g w r,0
ham,You best watch what you say cause I get drunk as a motherfucker,63,best watch say caus get drunk motherfuck,0
spam,Kit Strip - you have been billed 150p. Netcollex Ltd. PO Box 1013 IG11 OJA,74,kit strip bill netcollex ltd po box oja,1
spam,Please CALL 08712402578 immediately as there is an urgent message waiting for you,81,pleas call immedi urgent messag wait,1
spam,thesmszone.com lets you send free anonymous and masked messages..im sending this message from there..do you see the potential for abuse???,138,http let send free anonym mask messag send messag see potenti abus,1
ham,"Erm... Woodland avenue somewhere. Do you get the parish magazine, his telephone number will be in there.",104,erm woodland avenu somewher get parish magazin telephon number,0
ham,Are there TA jobs available? Let me know please cos i really need to start working,82,ta job avail let know pleas cos realli need start work,0
ham,Aiyar hard 2 type. U later free then tell me then i call n scold n tell u.,74,aiyar hard type later free tell call n scold n tell,0
ham,Yup i'm free...,15,yup free,0
ham,"Good good, billy mates all gone. Just been jogging, again! Did enjoy concert?",77,good good billi mate gone jog enjoy concert,0
ham,Yo come over carlos will be here soon,37,yo come carlo soon,0
ham,Awww dat is sweet! We can think of something to do he he! Have a nice time tonight ill probably txt u later cos im lonely :( xxx.,129,awww dat sweet think someth nice time tonight ill probabl txt later cos lone xxx,0
ham,I guess it is useless calling u 4 something important.,54,guess useless call someth import,0
ham,Ha ha - had popped down to the loo when you hello-ed me. Hello!,63,ha ha pop loo hello ed hello,0
ham,He dint tell anything. He is angry on me that why you told to abi.,66,dint tell anyth angri told abi,0
ham,It so happens that there r 2waxsto do wat you want. She can come and ill get her medical insurance. And she'll be able to deliver and have basic care. I'm currently shopping for the right medical insurance for her. So just give me til friday morning. Thats when i.ll see the major person that can guide me to the right insurance.,329,happen r wat want come ill get medic insur abl deliv basic care current shop right medic insur give til friday morn that see major person guid right insur,0
ham,I keep ten rs in my shelf:) buy two egg.,40,keep ten rs shelf buy two egg,0
ham,"I wasn't well babe, i have swollen glands at my throat ... What did you end up doing ?",86,well babe swollen gland throat end,0
ham,Is ur changes 2 da report big? Cos i've already made changes 2 da previous report.,82,ur chang da report big cos alreadi made chang da previous report,0
ham,Captain is in our room:),24,captain room,0
ham,"I can't speak, bcaz mobile have problem. I can listen you but you cann't listen my voice. So i calls you later.",111,speak bcaz mobil problem listen cann listen voic call later,0
ham,HIYA STU WOT U UP 2.IM IN SO MUCH TRUBLE AT HOME AT MOMENT EVONE HATES ME EVEN U! WOT THE HELL AV I DONE NOW? Y WONT U JUST TELL ME TEXT BCK PLEASE LUV DAN ,156,hiya stu wot much trubl home moment evon hate even wot hell av done wont tell text bck pleas luv dan,0
ham,S...i will take mokka players only:),36,take mokka player,0
ham,Are you still playing with gautham?,35,still play gautham,0
ham,Hey mr  and I are going to the sea view and having a couple of gays I mean games! Give me a bell when ya finish ,112,hey mr go sea view coupl gay mean game give bell ya finish,0
ham,"K, jason says he's gonna be around so I'll be up there around  &lt;#&gt;",72,k jason say gonna around around,0
ham,Sorry . I will be able to get to you. See you in the morning.,61,sorri abl get see morn,0
ham,Aight well keep me informed,27,aight well keep inform,0
ham,Am only searching for good dual sim mobile pa.,46,search good dual sim mobil pa,0
ham,That seems unnecessarily hostile,32,seem unnecessarili hostil,0
ham,Dude got a haircut. Now its breezy up there,43,dude got haircut breezi,0
spam,"Congrats! 2 mobile 3G Videophones R yours. call 09061744553 now! videochat wid ur mates, play java games, Dload polyH music, noline rentl. bx420. ip4. 5we. 150pm",161,congrat mobil videophon r call videochat wid ur mate play java game dload polyh music nolin rentl,1
ham,1Apple/Day=No Doctor. 1Tulsi Leaf/Day=No Cancer. 1Lemon/Day=No Fat. 1Cup Milk/day=No Bone Problms 3 Litres Watr/Day=No Diseases Snd ths 2 Whom U Care..:-),154,day doctor leaf day cancer day fat milk day bone problm litr watr day diseas snd ths care,0
ham,i thought we were doing a king of the hill thing there.,55,thought king hill thing,0
ham,Nope i'll come online now..,27,nope come onlin,0
ham,ALSO TELL HIM I SAID HAPPY BIRTHDAY,35,also tell said happi birthday,0
ham,Y bishan lei... I tot Ì_ say lavender? ,39,bishan lei tot say lavend,0
ham,Boo what time u get out? U were supposed to take me shopping today. :(,70,boo time get suppos take shop today,0
ham,"Now u sound like manky scouse boy steve,like! I is travelling on da bus home.wot has u inmind 4 recreation dis eve?",115,sound like manki scous boy steve like travel da bus home wot inmind recreat dis eve,0
ham,"Fyi I'm taking a quick shower, be at epsilon in like  &lt;#&gt;  min",68,fyi take quick shower epsilon like min,0
ham,on a Tuesday night r u 4 real,29,tuesday night r real,0
ham,Yes when is the appt again?,27,yes appt,0
ham,Just got outta class gonna go gym.,34,got outta class gonna go gym,0
ham,I want to sent  &lt;#&gt; mesages today. Thats y. Sorry if i hurts,66,want sent mesag today that sorri hurt,0
ham,ÌÏ all write or wat..,21,iï write wat,0
ham,Ha! I wouldn't say that I just didn't read anything into way u seemed. I don't like 2 be judgemental....i save that for fridays in the pub!,139,ha say read anyth way seem like judgement save friday pub,0
ham,Its a valentine game. . . send dis msg to all ur friends. . If 5 answers r d same then someone really loves u. . Ques- which colour suits me the best?,150,valentin game send dis msg ur friend answer r someon realli love que colour suit best,0
ham,Hi:)did you asked to waheeda fathima about leave?,49,hi ask waheeda fathima leav,0
ham,Enjoy urself tmr...,19,enjoy urself tmr,0
ham,You still around? I could use a half-8th,40,still around could use half,0
ham,You give us back my id proof and  &lt;#&gt;  rs. We wont allow you to work. We will come to your home within days,113,give us back id proof rs wont allow work come home within day,0
ham,ÌÏ bot notes oredi... Cos i juz rem i got...,44,iï bot note oredi cos juz rem got,0
ham,Yes. Rent is very expensive so its the way we save.,51,yes rent expens way save,0
ham,Hows the pain dear?y r u smiling?,33,how pain dear r smile,0
ham,"Fun fact: although you would think armand would eventually build up a tolerance or some shit considering how much he smokes, he gets fucked up in like 2 hits",157,fun fact although would think armand would eventu build toler shit consid much smoke get fuck like hit,0
spam,important information 4 orange user 0789xxxxxxx. today is your lucky day!2find out why log onto http://www.urawinner.com THERE'S A FANTASTIC SURPRISE AWAITING YOU!,163,import inform orang user today lucki day log onto http fantast surpris await,1
ham,Great. So should i send you my account number.,46,great send account number,0
ham,"HELLOGORGEOUS, HOWS U? MY FONE WAS ON CHARGE LST NITW WEN U TEXD ME. HOPEU AD A NICE WKEND AS IM SURE U DID LOOKIN 4WARD 2 C-IN U 2MRW LUV JAZ",142,hellogorg how fone charg lst nitw wen texd hopeu ad nice wkend sure lookin luv jaz,0
spam,"Our dating service has been asked 2 contact U by someone shy! CALL 09058091870 NOW all will be revealed. POBox84, M26 3UZ 150p",126,date servic ask contact someon shi call reveal,1
ham,ÌÏ only send me the contents page...,36,iï send content page,0
ham,"Night sweet, sleep well! I've just been to see The Exorcism of Emily Rose and may never sleep again! Hugs and snogs! ",117,night sweet sleep well see exorc emili rose may never sleep hug snog,0
ham,"Don't Think About \What u Have Got\"" Think About \""How to Use It That You Have Got\"" gooD ni8""",94,think got think use got good,0
ham,"I can't right this second, gotta hit people up first",52,right second gotta hit peopl first,0
ham,"Evry Emotion dsn't hav Words.Evry Wish dsn't hav Prayrs.. If u Smile,D World is wit u.Othrwise even d Drop of Tear dsn't lik 2 Stay wit u.So b happy.. Good morning, keep smiling:-)",180,evri emot dsn hav word evri wish dsn hav prayr smile world wit othrwis even drop tear dsn lik stay wit b happi good morn keep smile,0
ham,So what about you. What do you remember,39,rememb,0
ham,Ujhhhhhhh computer shipped out with address to sandiago and parantella lane. Wtf. Poop.,87,ujhhhhhhh comput ship address sandiago parantella lane wtf poop,0
ham,Mm yes dear look how i am hugging you both. :-P,47,mm yes dear look hug p,0
ham,I like dis sweater fr mango but no more my size already so irritating.,70,like dis sweater fr mango size alreadi irrit,0
ham,1 I don't have her number and 2 its gonna be a massive pain in the ass and i'd rather not get involved if that's possible,121,number gonna massiv pain ass rather get involv possibl,0
ham,Anytime lor...,14,anytim lor,0
spam,Do you want a new Video handset? 750 any time any network mins? UNLIMITED TEXT? Camcorder? Reply or Call now 08000930705 for del Sat AM,135,want new video handset time network min unlimit text camcord repli call del sat,1
spam,"Ur balance is now å£600. Next question: Complete the landmark, Big, A. Bob, B. Barry or C. Ben ?. Text A, B or C to 83738. Good luck!",133,ur balanc $$$ next question complet landmark big bob b barri ben text b good luck,1
ham,Me fine..absolutly fine,23,fine absolut fine,0
ham,K and you're sure I don't have to have consent forms to do it :V,64,k sure consent form v,0
spam,Ur TONEXS subscription has been renewed and you have been charged å£4.50. You can choose 10 more polys this month. www.clubzed.co.uk *BILLING MSG*,146,ur tonex subscript renew charg $$$ choos poli month http bill msg,1
spam,"If you don't, your prize will go to another customer. T&C at www.t-c.biz 18+ 150p/min Polo Ltd Suite 373 London W1J 6HL Please call back if busy",144,prize go anoth custom http min polo ltd suit london pleas call back busi,1
ham,How much is torch in 9ja.,25,much torch,0
ham,"Doing nothing, then u not having dinner w us?",45,noth dinner w us,0
ham,How are you. Just checking up on you,36,check,0
ham,Done it but internet connection v slow and canÛ÷t send it. Will try again later or first thing tomo.,101,done internet connect v slow send tri later first thing tomo,0
ham,Mathews or tait or edwards or anderson,38,mathew tait edward anderson,0
ham,yeah sure thing mate haunt got all my stuff sorted but im going sound anyway promoting hex for .by the way who is this? dont know number. Joke,142,yeah sure thing mate haunt got stuff sort go sound anyway promot hex way dont know number joke,0
ham,No need lar i go engin? Cos my sis at arts today...,51,need lar go engin cos sis art today,0
ham,Thanks honey but still haven't heard anything I will leave it a bit longer so not 2 crowd him and will try later - great advice thanks hope cardiff is still there!,163,thank honey still heard anyth leav bit longer crowd tri later great advic thank hope cardiff still,0
spam,Do you want a New Nokia 3510i Colour Phone Delivered Tomorrow? With 200 FREE minutes to any mobile + 100 FREE text + FREE camcorder Reply or Call 8000930705,156,want new nokia colour phone deliv tomorrow free minut mobil free text free camcord repli call,1
ham,", im .. On the snowboarding trip. I was wondering if your planning to get everyone together befor we go..a meet and greet kind of affair? Cheers, ",146,snowboard trip wonder plan get everyon togeth befor go meet greet kind affair cheer,0
ham,S.i'm watching it in live..,27,watch live,0
ham,"see you then, we're all christmassy here!",41,see christmassi,0
ham,"K I'm ready,  &lt;#&gt; ?",25,k readi,0
ham,what are your new years plans?,30,new year plan,0
spam,RECPT 1/3. You have ordered a Ringtone. Your order is being processed...,72,recpt order rington order process,1
ham,Baaaaaaaabe! Wake up ! I miss you ! I crave you! I need you!,60,baaaaaaaab wake miss crave need,0
ham,"Only just got this message, not ignoring you. Yes, i was. Shopping that is",74,got messag ignor yes shop,0
ham,Dear :-/ why you mood off. I cant drive so i brother to drive,61,dear mood cant drive brother drive,0
ham,When did dad get back.,22,dad get back,0
ham,"Can you tell Shola to please go to college of medicine and visit the academic department, tell the academic secretary what the current situation is and ask if she can transfer there. She should ask someone to check Sagamu for the same thing and lautech. Its vital she completes her medical education in Nigeria. Its less expensive much less expensive. Unless she will be getting citizen rates in new zealand.",408,tell shola pleas go colleg medicin visit academ depart tell academ secretari current situat ask transfer ask someon check sagamu thing lautech vital complet medic educ nigeria less expens much less expens unless get citizen rate new zealand,0
ham,Yes just finished watching days of our lives. I love it.,56,yes finish watch day live love,0
ham,Juz go google n search 4 qet...,31,juz go googl n search qet,0
ham,Many times we lose our best ones bcoz we are ,45,mani time lose best one bcoz,0
ham,"Good FRIENDS CaRE for each Other.. CLoSE Friends UNDERSTaND each Other... and TRUE Friends STaY forever beyond words, beyond time. Gud ni8",138,good friend care close friend understand true friend stay forev beyond word beyond time gud,0
ham,Just getting back home,22,get back home,0
ham,"Sorry, I'll call later  &lt;#&gt; mins",38,sorri call later min,0
ham,Dun need to use dial up juz open da browser n surf...,53,dun need use dial juz open da browser n surf,0
spam,As one of our registered subscribers u can enter the draw 4 a 100 G.B. gift voucher by replying with ENTER. To unsubscribe text STOP,132,one regist subscrib enter draw g b gift voucher repli enter unsubscrib text stop,1
ham,"Awesome, plan to get here any time after like  &lt;#&gt; , I'll text you details in a wee bit",93,awesom plan get time like text detail wee bit,0
ham,Take care and sleep well.you need to learn to change in life.you only need to get CONVINCED on that.i will wait but no more conversations between us.GET CONVINCED by that time.Your family is over for you in many senses.respect them but not overemphasise.or u have no role in my life.,283,take care sleep well need learn chang life need get convinc wait convers us get convinc time famili mani sens respect overemphasis role life,0
spam,"For your chance to WIN a FREE Bluetooth Headset then simply reply back with \ADP\""""",83,chanc win free bluetooth headset simpli repli back adp,1
ham,You also didnt get na hi hi hi hi hi,36,also didnt get na hi hi hi hi hi,0
ham,Ya but it cant display internal subs so i gotta extract them,60,ya cant display intern sub gotta extract,0
ham,If i said anything wrong sorry de:-),36,said anyth wrong sorri de,0
ham,How stupid to say that i challenge god.You dont think at all on what i write instead you respond immed.,103,stupid say challeng god dont think write instead respond im,0
ham,"Yeah I should be able to, I'll text you when I'm ready to meet up",65,yeah abl text readi meet,0
ham,V skint too but fancied few bevies.waz gona go meet &othrs in spoon but jst bin watchng planet earth&sofa is v comfey; If i dont make it hav gd night,149,v skint fanci bevi waz gona go meet othr spoon jst bin watchng planet earth sofa v comfey dont make hav gd night,0
ham," says that he's quitting at least5times a day so i wudn't take much notice of that. Nah, she didn't mind. Are you gonna see him again? Do you want to come to taunton tonight? U can tell me all about !",200,say quit day wudn take much notic nah mind gonna see want come taunton tonight tell,0
ham,"When you get free, call me",26,get free call,0
ham,How have your little darlings been so far this week? Need a coffee run tomo?Can't believe it's that time of week already Û_,124,littl darl far week need coffe run tomo believ time week alreadi,0
ham,Still at west coast... Haiz... ÌÏ'll take forever to come back...,65,still west coast haiz iï take forev come back,0
ham,MMM ... Fuck .... Merry Christmas to me,39,mmm fuck merri christma,0
ham,alright. Thanks for the advice. Enjoy your night out. I'ma try to get some sleep...,83,alright thank advic enjoy night tri get sleep,0
ham,Update your face book status frequently :),42,updat face book status frequent,0
ham,Just now saw your message.it k da:),35,saw messag k da,0
ham,Was it something u ate?,23,someth ate,0
ham,So what did the bank say about the money?,41,bank say money,0
ham,Aiyar dun disturb u liao... Thk u have lots 2 do aft ur cupboard come...,72,aiyar dun disturb liao thk lot aft ur cupboard come,0
ham,Hey they r not watching movie tonight so i'll prob b home early...,66,hey r watch movi tonight prob b home earli,0
ham,Yar lor... How u noe? U used dat route too?,43,yar lor noe use dat rout,0
ham,2mro i am not coming to gym machan. Goodnight.,46,come gym machan goodnight,0
ham,Dont think you need yellow card for uk travel. Ask someone that has gone before. If you do its just  &lt;#&gt; bucks,116,dont think need yellow card uk travel ask someon gone buck,0
ham,Can u look 4 me in da lib i got stuff havent finish yet.,56,look da lib got stuff havent finish yet,0
ham,Sounds great! Im going to sleep now. Have a good night!,55,sound great go sleep good night,0
spam,Don't b floppy... b snappy & happy! Only gay chat service with photo upload call 08718730666 (10p/min). 2 stop our texts call 08712460324,137,b floppi b snappi happi gay chat servic photo upload call min stop text call,1
ham,How come u got nothing to do?,29,come got noth,0
ham,Nothing will ever be easy. But don't be looking for a reason not to take a risk on life and love,96,noth ever easi look reason take risk life love,0
ham,i want to grasp your pretty booty :),36,want grasp pretti booti,0
ham,I've got it down to a tea. not sure which flavour,49,got tea sure flavour,0
ham,I'm going 2 orchard now laready me reaching soon. U reaching?,61,go orchard lareadi reach soon reach,0
ham,Dear i am not denying your words please,39,dear deni word pleas,0
ham,You know my old Dom I told you about yesterday ? His name is Roger? He got in touch with me last night and wants me to meet him today at 2 pm,141,know old dom told yesterday name roger got touch last night want meet today pm,0
ham,COME BACK TO TAMPA FFFFUUUUUUU,30,come back tampa ffffuuuuuuu,0
ham,"2 celebrate my båÕday, y else?",30,celebr b day els,0
ham,Merry christmas to u too annie!,31,merri christma anni,0
ham,Please tell me you have some of that special stock you were talking about,73,pleas tell special stock talk,0
ham,I sent them. Do you like?,25,sent like,0
ham,"Awesome, be there in a minute",29,awesom minut,0
ham,"And that is the problem. You walk around in \julianaland\"" oblivious to what is going on around you. I say the same things constantly and they go in one ear and out the other while you go off doing whatever you want to do. It's not that you don't know why I'm upset--it's that you don't listen when i tell you WHAT is going to upset me. Then you want to be surprised when I'm mad.""",381,problem walk around julianaland oblivi go around say thing constant go one ear go whatev want know upset listen tell go upset want surpris mad,0
ham,I've told you everything will stop. Just dont let her get dehydrated.,69,told everyth stop dont let get dehydr,0
ham,Or I guess  &lt;#&gt;  min,26,guess min,0
ham,I'm home. Ard wat time will u reach?,36,home ard wat time reach,0
ham,"If you want to mapquest it or something look up \usf dogwood drive\""",68,want mapquest someth look usf dogwood drive,0
ham,Aight should I just plan to come up later tonight?,50,aight plan come later tonight,0
ham,Die... I accidentally deleted e msg i suppose 2 put in e sim archive. Haiz... I so sad...,89,die accident delet e msg suppos put e sim archiv haiz sad,0
spam,"Welcome to UK-mobile-date this msg is FREE giving you free calling to 08719839835. Future mgs billed at 150p daily. To cancel send \go stop\"" to 89123""",151,welcom uk mobil date msg free give free call futur mgs bill daili cancel send go stop,1
ham,This is wishing you a great day. Moji told me about your offer and as always i was speechless. You offer so easily to go to great lengths on my behalf and its stunning. My exam is next friday. After that i will keep in touch more. Sorry.,237,wish great day moji told offer alway speechless offer easili go great length behalf stun exam next friday keep touch sorri,0
ham,"Thanks again for your reply today. When is ur visa coming in. And r u still buying the gucci and bags. My sister things are not easy, uncle john also has his own bills so i really need to think about how to make my own money. Later sha.",236,thank repli today ur visa come r still buy gucci bag sister thing easi uncl john also bill realli need think make money later sha,0
ham,"Sorry I flaked last night, shit's seriously goin down with my roommate, what you up to tonight?",95,sorri flake last night shit serious goin roommat tonight,0
ham,He said i look pretty wif long hair wat. But i thk he's cutting quite short 4 me leh.,85,said look pretti wif long hair wat thk cut quit short leh,0
ham,"\CHEERS FOR CALLIN BABE.SOZI CULDNT TALKBUT I WANNATELL U DETAILS LATER WENWECAN CHAT PROPERLY X\""""",99,cheer callin babe sozi culdnt talkbut wannatel detail later wenwecan chat proper x,0
ham,Hey u still at the gym?,23,hey still gym,0
ham,Much better now thanks lol,26,much better thank lol,0
ham,"Nothing, smsing u n xy lor. Sorry lor da guys neva c u in person but they sort of know u lor. So u wan 2 meet them xy ask me 2 bring u along 4 our next meeting.",160,noth smsing n xy lor sorri lor da guy neva person sort know lor wan meet xy ask bring along next meet,0
ham,"Lemme know when I can swing by and pick up, I'm free basically any time after 1 all this semester",97,lemm know swing pick free basic time semest,0
ham,Wa... U so efficient... Gee... Thanx...,39,wa effici gee thanx,0
spam,3. You have received your mobile content. Enjoy,47,receiv mobil content enjoy,1
ham,S but not able to sleep.,24,abl sleep,0
spam,Want explicit SEX in 30 secs? Ring 02073162414 now! Costs 20p/min,65,want explicit sex sec ring cost min,1
ham,We will meet soon princess! Ttyl!,33,meet soon princess ttyl,0
ham,I'll pick you up at about 5.15pm to go to taunton if you still want to come.,76,pick go taunton still want come,0
ham,Oh :-)only 4 outside players allowed to play know,49,oh outsid player allow play know,0
ham,I anything lor.,15,anyth lor,0
ham,Erutupalam thandiyachu,22,erutupalam thandiyachu,0
ham,"Y cant u try new invention to fly..i'm not joking.,",51,cant tri new invent fli joke,0
ham,No..its ful of song lyrics..,28,ful song lyric,0
ham,"What do u reckon as need 2 arrange transport if u can't do it, thanks",69,reckon need arrang transport thank,0
ham,True lov n care wil nevr go unrecognized. though somone often makes mistakes when valuing it. but they will definitly undrstnd once when they start missing it.,159,true lov n care wil nevr go unrecogn though somon often make mistak valu definit undrstnd start miss,0
ham,Shopping? Eh ger i toking abt syd leh...Haha,44,shop eh ger toke abt syd leh haha,0
ham,What not under standing.,24,stand,0
ham,have * good weekend.,20,good weekend,0
ham,Miss call miss call khelate kintu opponenter miss call dhorte lage. Thats d rule. One with great phone receiving quality wins.,126,miss call miss call khelat kintu opponent miss call dhort lage that rule one great phone receiv qualiti win,0
ham,Call me when you get the chance plz &lt;3,41,call get chanc plz,0
ham,The new deus ex game comin early next yr,40,new deus ex game comin earli next yr,0
ham,My computer just fried the only essential part we don't keep spares of because my fucking idiot roommates looovvve leaving the thing running on full  &lt;#&gt; /7,162,comput fri essenti part keep spare fuck idiot roommat looovvv leav thing run full,0
ham,"My friend, she's studying at warwick, we've planned to go shopping and to concert tmw, but it may be canceled, havn't seen  for ages, yeah we should get together sometime!",171,friend studi warwick plan go shop concert tmw may cancel havn seen age yeah get togeth sometim,0
ham,Probably a couple hours tops,28,probabl coupl hour top,0
ham,"LOL .. *grins* .. I'm not babe, but thanks for thinking of me!",62,lol grin babe thank think,0
ham,Man this bus is so so so slow. I think you're gonna get there before me,71,man bus slow think gonna get,0
ham,Hope this text meets you smiling. If not then let this text give you a reason to smile. Have a beautiful day.,109,hope text meet smile let text give reason smile beauti day,0
ham,"In case you wake up wondering where I am, I forgot I have to take care of something for grandma today, should be done before the parade",135,case wake wonder forgot take care someth grandma today done parad,0
spam,"Latest Nokia Mobile or iPOD MP3 Player +å£400 proze GUARANTEED! Reply with: WIN to 83355 now! Norcorp Ltd.å£1,50/Mtmsgrcvd18+",125,latest nokia mobil ipod player $$$ proze guarante repli win norcorp ltd $$$,1
spam,"SMS SERVICES. for your inclusive text credits, pls goto www.comuk.net login= 3qxj9 unsubscribe with STOP, no extra charge. help 08702840625.COMUK. 220-CM2 9AE",158,sms servic inclus text credit pls goto http login unsubscrib stop extra charg help http,1
ham,Nvm take ur time.,17,nvm take ur time,0
ham,So wat's da decision?,21,wat da decis,0
ham,Wot is u up 2 then bitch?,25,wot bitch,0
ham,She told to hr that he want posting in chennai:)because i'm working here:),74,told hr want post chennai work,0
spam,Mobile Club: Choose any of the top quality items for your mobile. 7cfca1a,73,mobil club choos top qualiti item mobil,1
ham,When are you guys leaving?,26,guy leav,0
ham,He neva grumble but i sad lor... Hee... Buy tmr lor aft lunch. But we still meetin 4 lunch tmr a not. Neva hear fr them lei. ÌÏ got a lot of work ar?,149,neva grumbl sad lor hee buy tmr lor aft lunch still meetin lunch tmr neva hear fr lei iï got lot work ar,0
ham,Not able to do anything.,24,abl anyth,0
ham,ÌÏ takin linear algebra today?,30,iï takin linear algebra today,0
ham,This weekend is fine (an excuse not to do too much decorating),62,weekend fine excus much decor,0
ham,"Sorry I missed you babe. I was up late and slept in. I hope you enjoy your driving lesson, boytoy. I miss you too ... *teasing kiss*",132,sorri miss babe late slept hope enjoy drive lesson boytoy miss teas kiss,0
ham,Now project pa. After that only i can come.,43,project pa come,0
spam,Money i have won wining number 946 wot do i do next,51,money wine number wot next,1
ham,"Sure, whenever you show the fuck up &gt;:(",42,sure whenev show fuck,0
ham,That was random saw my old roomate on campus. He graduated,58,random saw old roomat campus graduat,0
ham,"Men always needs a beautiful, intelligent, caring, loving, adjustable, cooperative wife. But the law allows only one wife....",125,men alway need beauti intellig care love adjust cooper wife law allow one wife,0
ham,That sucks. So what do you got planned for your yo valentine? I am your yo valentine aren't I?,94,suck got plan yo valentin yo valentin,0
ham,"Just got part Nottingham - 3 hrs 63miles. Good thing i love my man so much, but only doing 40mph. Hey ho",104,got part nottingham hrs good thing love man much hey ho,0
ham,What to think no one saying clearly. Ok leave no need to ask her. I will go if she come or not,94,think one say clear ok leav need ask go come,0
ham,Hi good mornin.. Thanku wish u d same..,39,hi good mornin thanku wish,0
ham,DO U WANT 2 MEET UP 2MORRO,26,want meet,0
ham,Actually I decided I was too hungry so I haven't left yet :V,60,actual decid hungri left yet v,0
ham,I've sent Ì_ my part..,22,sent part,0
ham,Cos i was out shopping wif darren jus now n i called him 2 ask wat present he wan lor. Then he started guessing who i was wif n he finally guessed darren lor.,158,cos shop wif darren jus n call ask wat present wan lor start guess wif n final guess darren lor,0
spam,"I want some cock! My hubby's away, I need a real man 2 satisfy me. Txt WIFE to 89938 for no strings action. (Txt STOP 2 end, txt rec å£1.50ea. OTBox 731 LA1 7WS. )",163,want cock hubbi away need real man satisfi txt wife string action txt stop end txt rec $$$ otbox,1
ham,Understand. his loss is my gain :) so do you work? School?,58,understand loss gain work school,0
ham,HOW ARE U? I HAVE MISSED U! I HAVENT BEEN UP 2 MUCH A BIT BORED WITH THE HOLIDAY WANT 2 GO BAK 2 COLLEGE! SAD ISNT IT?xx,120,miss havent much bit bore holiday want go bak colleg sad isnt xx,0
ham,"Hiya, probably coming home * weekend after next",47,hiya probabl come home weekend next,0
ham,Don't forget though that I love you .... And I walk beside you. Watching over you and keeping your heart warm.,110,forget though love walk besid watch keep heart warm,0
ham,I wish things were different. I wonder when i will be able to show you how much i value you. Pls continue the brisk walks no drugs without askin me please and find things to laugh about. I love you dearly.,205,wish thing differ wonder abl show much valu pls continu brisk walk drug without askin pleas find thing laugh love dear,0
ham,Ok both our days. So what are you making for dinner tonite? Am I invited?,73,ok day make dinner tonit invit,0
spam,Gr8 new service - live sex video chat on your mob - see the sexiest dirtiest girls live on ur phone - 4 details text horny to 89070 to cancel send STOP to 89070,160,new servic live sex video chat mob see sexiest dirtiest girl live ur phone detail text horni cancel send stop,1
ham,I have no money 4 steve mate! !,31,money steve mate,0
ham,IM LATE TELLMISS IM ON MY WAY,29,late tellmiss way,0
ham,Normally i use to drink more water daily:),42,normal use drink water daili,0
ham,Dare i ask... Any luck with sorting out the car?,48,dare ask luck sort car,0
ham,"Party's at my place at usf, no charge (but if you can contribute in any way it is greatly appreciated) and yeah, we got room for one more",137,parti place usf charg contribut way great appreci yeah got room one,0
ham,"Urgh, coach hot, smells of chip fat! Thanks again, especially for the duvet (not a predictive text word).",105,urgh coach hot smell chip fat thank especi duvet predict text word,0
ham,Hiya. How was last night? I've been naughty and bought myself clothes and very little ... Ready for more shopping tho! What kind of time do you wanna meet?,155,hiya last night naughti bought cloth littl readi shop tho kind time wanna meet,0
spam,FreeMsg Hi baby wow just got a new cam moby. Wanna C a hot pic? or Fancy a chat?Im w8in 4uTxt / rply CHAT to 82242 Hlp 08712317606 Msg150p 2rcv,143,freemsg hi babi wow got new cam mobi wanna hot pic fanci chat rpli chat hlp,1
ham,I've been trying to reach him without success,45,tri reach without success,0
ham,when you and derek done with class?,35,derek done class,0
ham,Never y lei... I v lazy... Got wat? Dat day Ì_ send me da url cant work one...,78,never lei v lazi got wat dat day send da url cant work one,0
ham,Never try alone to take the weight of a tear that comes out of ur heart and falls through ur eyes... Always remember a STUPID FRIEND is here to share... BSLVYL,159,never tri alon take weight tear come ur heart fall ur eye alway rememb stupid friend share bslvyl,0
ham,Hey mate. Spoke to the mag people. WeÛ÷re on.  the is deliver by the end of the month. Deliver on the 24th sept. Talk later. ,126,hey mate spoke mag peopl deliv end month deliv sept talk later,0
ham,"Haha, my friend tyler literally just asked if you could get him a dubsack",73,haha friend tyler liter ask could get dubsack,0
ham,"\Hey! do u fancy meetin me at 4 at cha åÐ hav a lil beverage on me. if not txt or ring me and we can meet up l8r. quite tired got in at 3 v.pist ;) love Pete x x x\""""",166,hey fanci meetin cha åð hav lil beverag txt ring meet quit tire got v pist love pete x x x,0
ham,Great. Have a safe trip. Dont panic surrender all.,50,great safe trip dont panic surrend,0
ham,"\SYMPTOMS\"" when U are in love: \""1.U like listening songs 2.U get stopped where u see the name of your beloved 3.U won't get angry when your""",142,symptom love like listen song get stop see name belov get angri,0
ham,Sun ah... Thk mayb can if dun have anythin on... Thk have to book e lesson... E pilates is at orchard mrt u noe hor...  ,120,sun ah thk mayb dun anythin thk book e lesson e pilat orchard mrt noe hor,0
ham,Try to do something dear. You read something for exams,54,tri someth dear read someth exam,0
ham,Gettin rdy to ship comp,23,gettin rdi ship comp,0
ham,I am in hospital da. . I will return home in evening,52,hospit da return home even,0
ham,PISS IS TALKING IS SOMEONE THAT REALISE U THAT POINT THIS AT IS IT.(NOW READ IT BACKWARDS),90,piss talk someon realis point read backward,0
ham,Think + da. You wil do.,23,think da wil,0
ham,I'm awake oh. What's up.,24,awak oh,0
ham,Good afternoon my boytoy. How goes that walking here and there day ? Did you get that police abstract? Are you still out and about? I wake and miss you babe,156,good afternoon boytoy goe walk day get polic abstract still wake miss babe,0
ham,How much u trying to get?,25,much tri get,0
ham,"Come around  &lt;DECIMAL&gt; pm vikky..i'm otside nw, il come by tht time",73,come around pm vikki otsid nw il come tht time,0
ham,Tell me again what your address is,34,tell address,0
ham,Should i buy him a blackberry bold 2 or torch. Should i buy him new or used. Let me know. Plus are you saying i should buy the  &lt;#&gt; g wifi ipad. And what are you saying about the about the  &lt;#&gt; g?,208,buy blackberri bold torch buy new use let know plus say buy g wifi ipad say g,0
ham,But you were together so you should be thinkin about him,56,togeth thinkin,0
ham,hiya hows it going in sunny africa? hope u r avin a good time. give that big old silver back a big kiss from me.,112,hiya how go sunni africa hope r avin good time give big old silver back big kiss,0
ham,At WHAT TIME should i come tomorrow,35,time come tomorrow,0
spam,Wanna have a laugh? Try CHIT-CHAT on your mobile now! Logon by txting the word: CHAT and send it to No: 8883 CM PO Box 4217 London W1A 6ZF 16+ 118p/msg rcvd,156,wanna laugh tri chit chat mobil logon txting word chat send cm po box london msg rcvd,1
ham,\CHA QUITEAMUZING THATåÕSCOOL BABE,34,cha quiteamuz scool babe,0
ham,Omg how did u know what I ate?,30,omg know ate,0
spam,"\URGENT! This is the 2nd attempt to contact U!U have WON å£1000CALL 09071512432 b4 300603t&csBCM4235WC1N3XX.callcost150ppmmobilesvary. maxå£7. 50\""""",148,urgent attempt contact $$$ max $$$,1
ham,:( but your not here....,24,,0
ham,Not directly behind... Abt 4 rows behind Ì_...,46,direct behind abt row behind,0
spam,Congratulations ur awarded 500 of CD vouchers or 125gift guaranteed & Free entry 2 100 wkly draw txt MUSIC to 87066,115,congratul ur award cd voucher guarante free entri wkli draw txt music,1
spam,"Had your contract mobile 11 Mnths? Latest Motorola, Nokia etc. all FREE! Double Mins & Text on Orange tariffs. TEXT YES for callback, no to remove from records",159,contract mobil mnths latest motorola nokia etc free doubl min text orang tariff text yes callback remov record,1
spam,"Urgent! call 09066350750 from your landline. Your complimentary 4* Ibiza Holiday or 10,000 cash await collection SAE T&Cs PO BOX 434 SK3 8WP 150 ppm 18+",152,urgent call landlin complimentari ibiza holiday cash await collect sae cs po box ppm,1
ham,No plans yet. What are you doing ?,34,plan yet,0
ham,Hi ....My engagement has been fixd on  &lt;#&gt; th of next month. I know its really shocking bt....hmm njan vilikkam....t ws al of a sudn;-(.,142,hi engag fixd th next month know realli shock bt hmm njan vilikkam ws al sudn,0
ham,Not course. Only maths one day one chapter with in one month we can finish.,75,cours math one day one chapter one month finish,0
ham,Wow didn't think it was that common. I take it all back ur not a freak! Unless u chop it off:-),95,wow think common take back ur freak unless chop,0
ham,Noooooooo please. Last thing I need is stress. For once in your life be fair.,77,noooooooo pleas last thing need stress life fair,0
spam,U have a Secret Admirer who is looking 2 make contact with U-find out who they R*reveal who thinks UR so special-call on 09065171142-stopsms-08718727870150ppm,158,secret admir look make contact find r reveal think ur special call stopsm,1
ham,"I'll see if I can swing by in a bit, got some things to take care of here firsg",79,see swing bit got thing take care firsg,0
ham,I wanted to wish you a Happy New Year and I wanted to talk to you about some legal advice to do with when Gary and I split but in person. I'll make a trip to Ptbo for that. I hope everything is good with you babe and I love ya :),229,want wish happi new year want talk legal advic gari split person make trip ptbo hope everyth good babe love ya,0
ham,Have you not finished work yet or something?,44,finish work yet someth,0
ham,Right it wasnt you who phoned it was someone with a number like yours!,70,right wasnt phone someon number like,0
ham,It's ok i wun b angry. Msg u aft i come home tonight.,53,ok wun b angri msg aft come home tonight,0
ham,I had a good time too. Its nice to do something a bit different with my weekends for a change. See ya soon,106,good time nice someth bit differ weekend chang see ya soon,0
ham,Yo sorry was in the shower sup,30,yo sorri shower sup,0
ham,"Carlos is down but I have to pick it up from him, so I'll swing by usf in a little bit",86,carlo pick swing usf littl bit,0
ham,Full heat pa:-) i have applyed oil pa.,38,full heat pa appli oil pa,0
ham,I'm stuck in da middle of da row on da right hand side of da lt... ,67,stuck da middl da row da right hand side da lt,0
ham,Have you laid your airtel line to rest?,39,laid airtel line rest,0
ham,Hi did u decide wot 2 get 4 his bday if not ill prob jus get him a voucher frm virgin or sumfing ,97,hi decid wot get bday ill prob jus get voucher frm virgin sumf,0
spam,FreeMsg: Txt: CALL to No: 86888 & claim your reward of 3 hours talk time to use from your phone now! Subscribe6GBP/mnth inc 3hrs 16 stop?txtStop,144,freemsg txt call claim reward hour talk time use phone mnth inc stop txtstop,1
ham,\Hey j! r u feeling any better,30,hey j r feel better,0
ham,And I don't plan on staying the night but I prolly won't be back til late,73,plan stay night prolli back til late,0
ham,THANX 4 PUTTIN DA FONE DOWN ON ME!!,35,thanx puttin da fone,0
ham,"I need an 8th but I'm off campus atm, could I pick up in an hour or two?",72,need campus atm could pick hour two,0
ham,"Oh... Haha... Den we shld had went today too... Gee, nvm la... Kaiez, i dun mind goin jazz oso... Scared hiphop open cant catch up... ",134,oh haha den shld went today gee nvm la kaiez dun mind goin jazz oso scare hiphop open cant catch,0
ham,Been running but only managed 5 minutes and then needed oxygen! Might have to resort to the roller option!,106,run manag minut need oxygen might resort roller option,0
ham,We live in the next  &lt;#&gt; mins,35,live next min,0
ham,Y de asking like this.,22,de ask like,0
ham,Just glad to be talking to you.,31,glad talk,0
ham,Wat time Ì_ finish?,19,wat time finish,0
ham,Sorry da. I gone mad so many pending works what to do.,54,sorri da gone mad mani pend work,0
ham,How much you got for cleaning,29,much got clean,0
ham,hows my favourite person today? r u workin hard? couldn't sleep again last nite nearly rang u at 4.30,101,how favourit person today r workin hard sleep last nite near rang,0
spam,Sunshine Quiz! Win a super Sony DVD recorder if you canname the capital of Australia? Text MQUIZ to 82277. B,108,sunshin quiz win super soni dvd record cannam capit australia text mquiz b,1
ham,ÌÏ called dad oredi...,22,iï call dad oredi,0
ham,Good. do you think you could send me some pix? I would love to see your top and bottom...,89,good think could send pix would love see top bottom,0
ham,Nvm... I'm going to wear my sport shoes anyway... I'm going to be late leh.,75,nvm go wear sport shoe anyway go late leh,0
ham,"Sorry, I'll call later In meeting.",34,sorri call later meet,0
ham,THIS IS A LONG FUCKIN SHOWR,27,long fuckin showr,0
ham,"Received, understood n acted upon!",34,receiv understood n act upon,0
ham,They finally came to fix the ceiling.,37,final came fix ceil,0
ham,"U need my presnts always bcz U cant mis love. \jeevithathile irulinae neekunna prakasamanu sneham\"" prakasam ennal prabha 'That mns prabha is'LOVE' Got it. Dont mis me....""",172,need presnt alway bcz cant mis love jeevithathil irulina neekunna prakasamanu sneham prakasam ennal prabha mns prabha love got dont mis,0
ham,Jus finish blowing my hair. U finish dinner already?,52,jus finish blow hair finish dinner alreadi,0
ham,I'm on the bus. Love you,24,bus love,0
ham,Lol ... I knew that .... I saw him in the dollar store,54,lol knew saw dollar store,0
spam,Todays Voda numbers ending with 7634 are selected to receive a å£350 reward. If you have a match please call 08712300220 quoting claim code 7684 standard rates apply.,166,today voda number end select receiv $$$ reward match pleas call quot claim code standard rate appli,1
ham,Only saturday and sunday holiday so its very difficult:),56,saturday sunday holiday difficult,0
ham,Everybody had fun this evening. Miss you.,41,everybodi fun even miss,0
ham,"Got hella gas money, want to go on a grand nature adventure with galileo in a little bit?",89,got hella gas money want go grand natur adventur galileo littl bit,0
ham,Oh wow thats gay. Will firmware update help,43,oh wow that gay firmwar updat help,0
ham,These won't do. Have to move on to morphine,43,move morphin,0
ham,How come i din c Ì_... Yup i cut my hair...,43,come din yup cut hair,0
ham,K k pa Had your lunch aha.,26,k k pa lunch aha,0
ham,Captain vijaykanth is doing comedy in captain tv..he is drunken :),66,captain vijaykanth comedi captain tv drunken,0
ham,Of course. I guess god's just got me on hold right now.,55,cours guess god got hold right,0
ham,Do you hide anythiing or keeping distance from me,49,hide anythi keep distanc,0
ham,Havent.,7,havent,0
spam,You are being ripped off! Get your mobile content from www.clubmoby.com call 08717509990 poly/true/Pix/Ringtones/Games six downloads for only 3,143,rip get mobil content http call poli true pix rington game six download,1
ham,Sorry i din lock my keypad.,27,sorri din lock keypad,0
ham,Are you planning to come chennai?,33,plan come chennai,0
spam,We tried to contact you re your reply to our offer of a Video Phone 750 anytime any network mins Half Price Line Rental Camcorder Reply or call 08000930705,155,tri contact repli offer video phone anytim network min half price line rental camcord repli call,1
ham,God created gap btwn ur fingers so dat sum1 vry special will fill those gaps by holding ur hands.. Now plz dont ask y he created so much gap between legs !!!,157,god creat gap btwn ur finger dat vri special fill gap hold ur hand plz dont ask creat much gap leg,0
ham,We are okay. Going to sleep now. Later,38,okay go sleep later,0
ham,"Finally it has happened..! Aftr decades..! BEER is now cheaper than PETROL! The goverment expects us to \DRINK\"". . . But don't \""DRIVE \""""",139,final happen aftr decad beer cheaper petrol gover expect us drink drive,0
spam,A å£400 XMAS REWARD IS WAITING FOR YOU! Our computer has randomly picked you from our loyal mobile customers to receive a å£400 reward. Just call 09066380611 ,158,$$$ xmas reward wait comput random pick loyal mobil custom receiv $$$ reward call,1
ham,Where r e meeting tmr?,22,r e meet tmr,0
ham,Lol yes. But it will add some spice to your day.,48,lol yes add spice day,0
ham,Our Prasanth ettans mother passed away last night. Just pray for her and family.,80,prasanth ettan mother pass away last night pray famili,0
ham,"K, I'll work something out",26,k work someth,0
spam,PRIVATE! Your 2003 Account Statement for shows 800 un-redeemed S. I. M. points. Call 08718738002 Identifier Code: 48922 Expires 21/11/04,136,privat account statement show un redeem point call identifi code expir,1
ham,This message is from a great Doctor in India:-): 1) Do not drink APPY FIZZ. It contains Cancer causing age,106,messag great doctor india drink appi fizz contain cancer caus age,0
ham,You call him and tell now infront of them. Call him now.,56,call tell infront call,0
ham,Ok no prob...,13,ok prob,0
ham,Ladies first and genus second k .,33,ladi first genus second k,0
ham,No. Yes please. Been swimming?,30,yes pleas swim,0
ham,Mum not going robinson already.,31,mum go robinson alreadi,0
ham,Ok set let u noe e details later...,35,ok set let noe e detail later,0
ham,Not..tel software name..,24,tel softwar name,0
ham,I send the print  outs da.,26,send print out da,0
ham,IM REALY SOZ IMAT MY MUMS 2NITE WHAT ABOUT 2MORO ,49,reali soz imat mum,0
ham,"When I was born, GOD said, \Oh No! Another IDIOT\"". When you were born",70,born god said oh anoth idiot born,0
ham,"I didnt get ur full msg..sometext is missing, send it again",59,didnt get ur full msg sometext miss send,0
ham,"Probably not, I'm almost out of gas and I get some cash tomorrow",64,probabl almost gas get cash tomorrow,0
spam,"Customer service announcement. We recently tried to make a delivery to you but were unable to do so, please call 07099833605 to re-schedule. Ref:9280114",152,custom servic announc recent tri make deliveri unabl pleas call schedul ref,1
ham,I forgot 2 ask Ì_ all smth.. There's a card on da present lei... How? ÌÏ all want 2 write smth or sign on it?,109,forgot ask smth card da present lei iï want write smth sign,0
ham,I'm leaving my house now.,25,leav hous,0
spam,"Hi babe its Chloe, how r u? I was smashed on saturday night, it was great! How was your weekend? U been missing me? SP visionsms.com Text stop to stop 150p/text",160,hi babe chloe r smash saturday night great weekend miss sp http text stop stop text,1
ham,ÌÏ ready then call me...,24,iï readi call,0
ham,Wewa is 130. Iriver 255. All 128 mb.,36,wewa iriv mb,0
ham,It is a good thing I'm now getting the connection to bw,55,good thing get connect bw,0
ham,Sry da..jst nw only i came to home..,36,sri da jst nw came home,0
ham,"That's cool he'll be here all night, lemme know when you're around",66,cool night lemm know around,0
ham,Are you staying in town ?,25,stay town,0
ham,"Haha yeah, 2 oz is kind of a shitload",37,haha yeah oz kind shitload,0
ham,Ok u can take me shopping when u get paid =D,44,ok take shop get paid,0
ham,"Alright we'll bring it to you, see you in like  &lt;#&gt;  mins",63,alright bring see like min,0
ham,But pls dont play in others life.,33,pls dont play other life,0
ham,Eatin my lunch...,17,eatin lunch,0
ham,Hmmm.but you should give it on one day..,40,hmmm give one day,0
ham,"Didn't try, g and I decided not to head out",43,tri g decid head,0
ham,Ok no prob,10,ok prob,0
ham,Surly ill give it to you:-) while coming to review.,51,sur ill give come review,0
ham,"By march ending, i should be ready. But will call you for sure. The problem is that my capital never complete. How far with you. How's work and the ladies",154,march end readi call sure problem capit never complet far work ladi,0
ham,Pls give her the food preferably pap very slowly with loads of sugar. You can take up to an hour to give it. And then some water. Very very slowly.,147,pls give food prefer pap slowli load sugar take hour give water slowli,0
spam,"URGENT! Your Mobile No 07808726822 was awarded a å£2,000 Bonus Caller Prize on 02/09/03! This is our 2nd attempt to contact YOU! Call 0871-872-9758 BOX95QU",155,urgent mobil award $$$ bonus caller prize attempt contact call,1
ham,A guy who gets used but is too dumb to realize it.,50,guy get use dumb realiz,0
ham,"Okey dokey, iÛ÷ll be over in a bit just sorting some stuff out.",64,okey dokey bit sort stuff,0
ham,Yes fine ,9,yes fine,0
ham,I liked the new mobile,22,like new mobil,0
ham,Anytime...,10,anytim,0
ham,Mmmmmmm *snuggles into you* ...*deep contented sigh* ... *whispers* ... I fucking love you so much I can barely stand it ...,124,mmmmmmm snuggl deep content sigh whisper fuck love much bare stand,0
ham,Yar but they say got some error.,32,yar say got error,0
ham,Hey anyway i have to :-),24,hey anyway,0
ham,Wow so healthy. Old airport rd lor. Cant thk of anything else. But i'll b bathing my dog later.,95,wow healthi old airport rd lor cant thk anyth els b bath dog later,0
ham,Wif my family booking tour package.,35,wif famili book tour packag,0
ham,"Did you say bold, then torch later. Or one torch and 2bold?",59,say bold torch later one torch,0
ham,"Haha awesome, I might need to take you up on that, what you doin tonight?",73,haha awesom might need take doin tonight,0
ham,Ya i knw u vl giv..its ok thanks kano..anyway enjoy wit ur family wit 1st salary..:-);-),88,ya knw vl giv ok thank kano anyway enjoy wit ur famili wit salari,0
ham,Huh so slow i tot u reach long ago liao... U 2 more days only i 4 more leh...,77,huh slow tot reach long ago liao day leh,0
ham,Thats cool princess! I will cover your face in hot sticky cum :),64,that cool princess cover face hot sticki cum,0
ham,Big brotherÛ÷s really scraped the barrel with this shower of social misfits,76,big brother realli scrape barrel shower social misfit,0
ham,Oops i thk i dun haf enuff... I go check then tell Ì_..,55,oop thk dun haf enuff go check tell,0
ham,S:)8 min to go for lunch:),26,min go lunch,0
ham,"Hey. What happened? U switch off ur cell d whole day. This isnt good. Now if u do care, give me a call tomorrow.",112,hey happen switch ur cell whole day isnt good care give call tomorrow,0
ham,"K will do, addie &amp; I are doing some art so I'll be here when you get home",77,k addi art get home,0
ham,"Aiyo... Her lesson so early... I'm still sleepin, haha... Okie, u go home liao den confirm w me lor...",102,aiyo lesson earli still sleepin haha oki go home liao den confirm w lor,0
ham,Forgot to tell Ì_ smth.. Can Ì_ like number the sections so that it's clearer..,79,forgot tell smth like number section clearer,0
ham,"Yup. Anything lor, if u dun wan it's ok...",42,yup anyth lor dun wan ok,0
ham,"I'm home, my love ... If your still awake ... *loving kiss*",59,home love still awak love kiss,0
ham,HELLO PEACH! MY CAKE TASTS LUSH!,32,hello peach cake tast lush,0
spam,"FREE GAME. Get Rayman Golf 4 FREE from the O2 Games Arcade. 1st get UR games settings. Reply POST, then save & activ8. Press 0 key for Arcade. Termsapply",153,free game get rayman golf free game arcad get ur game set repli post save press key arcad termsappli,1
ham,"There'll be a minor shindig at my place later tonight, you interested?",70,minor shindig place later tonight interest,0
ham,Jason says it's cool if we pick some up from his place in like an hour,70,jason say cool pick place like hour,0
spam,"Had your mobile 10 mths? Update to the latest Camera/Video phones for FREE. KEEP UR SAME NUMBER, Get extra free mins/texts. Text YES for a call",143,mobil mths updat latest camera video phone free keep ur number get extra free min text text yes call,1
ham,I (Career Tel) have added u as a contact on INDYAROCKS.COM to send FREE SMS. To remove from phonebook - sms NO to  &lt;#&gt;,124,career tel ad contact http send free sms remov phonebook sms,0
ham,I've reached already.,21,reach alreadi,0
ham,I dont know ask to my brother. Nothing problem some thing that. Just i told .,77,dont know ask brother noth problem thing told,0
ham,K:)eng rocking in ashes:),25,k eng rock ash,0
ham,Wat time r Ì_ going to xin's hostel?,36,wat time r go xin hostel,0
ham,Good Morning my Dear Shijutta........... Have a great &amp; successful day.,75,good morn dear shijutta great success day,0
ham,Oh k:)after that placement there ah?,36,oh k placement ah,0
ham,"Not for possession, especially not first offense",48,possess especi first offens,0
ham,"Nt only for driving even for many reasons she is called BBD..thts it chikku, then hw abt dvg cold..heard tht vinobanagar violence hw is the condition..and hw ru ? Any problem?",175,nt drive even mani reason call bbd thts chikku hw abt dvg cold heard tht vinobanagar violenc hw condit hw ru problem,0
ham,I bought the test yesterday. Its something that lets you know the exact day u ovulate.when will get 2u in about 2 to 3wks. But pls pls dont fret. I know u r worried. Pls relax. Also is there anything in ur past history u need to tell me?,237,bought test yesterday someth let know exact day ovul get pls pls dont fret know r worri pls relax also anyth ur past histori need tell,0
ham,We have pizza if u want,23,pizza want,0
ham,"I keep seeing weird shit and bein all \woah\"" then realising it's actually reasonable and I'm all \""oh\""""",105,keep see weird shit bein woah realis actual reason oh,0
ham,Many more happy returns of the day. I wish you happy birthday.,62,mani happi return day wish happi birthday,0
ham,"\Thinking of u ;) x\""""",22,think x,0
ham,Orh i tot u say she now still dun believe.,42,orh tot say still dun believ,0
ham,"When you just put in the + sign, choose my number and the pin will show. Right?",79,put sign choos number pin show right,0
ham,The beauty of life is in next second.. which hides thousands of secrets. I wish every second will be wonderful in ur life...!! gud n8,133,beauti life next second hide thousand secret wish everi second wonder ur life gud,0
ham,Thanx u darlin!im cool thanx. A few bday drinks 2 nite. 2morrow off! Take care c u soon.xxx,91,thanx darlin cool thanx bday drink nite take care soon xxx,0
ham,"If you're still up, maybe leave the credit card so I can get gas when I get back like he told me to",99,still mayb leav credit card get gas get back like told,0
spam,Your weekly Cool-Mob tones are ready to download !This weeks new Tones include: 1) Crazy Frog-AXEL F>>> 2) Akon-Lonely>>> 3) Black Eyed-Dont P >>>More info in n,160,week cool mob tone readi download week new tone includ crazi frog axel f akon lone black eye dont p info n,1
ham,Well boy am I glad G wasted all night at applebees for nothing,62,well boy glad g wast night applebe noth,0
spam,Cashbin.co.uk (Get lots of cash this weekend!) www.cashbin.co.uk Dear Welcome to the weekend We have got our biggest and best EVER cash give away!! These..,155,cashbin co uk get lot cash weekend http dear welcom weekend got biggest best ever cash give away,1
ham,Ok lor... Or u wan me go look 4 u?,34,ok lor wan go look,0
ham,U wan 2 haf lunch i'm in da canteen now.,40,wan haf lunch da canteen,0
ham,Don't make life too stressfull.. Always find time to Laugh.. It may not add years to your Life! But surely adds more life to ur years!! Gud ni8..swt dreams..,157,make life stressful alway find time laugh may add year life sure add life ur year gud swt dream,0
ham,"hey, looks like I was wrong and one of the kappa guys numbers is still on my phone, if you want I can text him and see if he's around",133,hey look like wrong one kappa guy number still phone want text see around,0
spam,Thanks 4 your continued support Your question this week will enter u in2 our draw 4 å£100 cash. Name the NEW US President? txt ans to 80082,139,thank continu support question week enter draw $$$ cash name new us presid txt an,1
ham,I'm home. Doc gave me pain meds says everything is fine.,56,home doc gave pain med say everyth fine,0
ham,It's Ì© only $140 ard...Ìä rest all ard $180 at least...Which is Ì© price 4 Ì© 2 bedrm ($900),93,i© $$$ ard iä rest ard $$$ least i© price i© bedrm $$$,0
ham,Me too! Have a lovely night xxx,31,love night xxx,0
ham,Prepare to be pleasured :),26,prepar pleasur,0
ham,Hi.:)technical support.providing assistance to us customer through call and email:),83,hi technic support provid assist us custom call email,0
ham,if you text on your way to cup stop that should work. And that should be BUS,76,text way cup stop work bus,0
ham,Whens your radio show?,22,when radio show,0
spam,Your unique user ID is 1172. For removal send STOP to 87239 customer services 08708034412,89,uniqu user id remov send stop custom servic,1
ham,I'm not sure if its still available though,42,sure still avail though,0
ham,watever reLation u built up in dis world only thing which remains atlast iz lonlines with lotz n lot memories! feeling..,120,watev relat built dis world thing remain atlast iz lonlin lotz n lot memori feel,0
ham,CHEERS LOU! YEAH WAS A GOODNITE SHAME U NEVA CAME! C YA GAILxx,62,cheer lou yeah goodnit shame neva came ya gailxx,0
ham,Hi..i got the money da:),24,hi got money da,0
ham,Ok then u tell me wat time u coming later lor.,46,ok tell wat time come later lor,0
ham,U repeat e instructions again. Wat's e road name of ur house?,61,repeat e instruct wat e road name ur hous,0
ham,Quite lor. But dun tell him wait he get complacent...,53,quit lor dun tell wait get complac,0
ham,Sorry completely forgot * will pop em round this week if your still here?,73,sorri complet forgot pop em round week still,0
ham,U R THE MOST BEAUTIFUL GIRL IVE EVER SEEN. U R MY BABY COME AND C ME IN THE COMMON ROOM,87,r beauti girl ive ever seen r babi come common room,0
ham,O we cant see if we can join denis and mina? Or does denis want alone time,74,cant see join deni mina deni want alon time,0
ham,Sen told that he is going to join his uncle finance in cbe,58,sen told go join uncl financ cbe,0
ham,Yup... Hey then one day on fri we can ask miwa and jiayin take leave go karaoke ,80,yup hey one day fri ask miwa jiayin take leav go karaok,0
ham,"Call me, i am senthil from hsbc.",32,call senthil hsbc,0
ham,"Especially since i talk about boston all up in my personal statement, lol! I woulda changed that if i had realized it said nyc! It says boston now.",147,especi sinc talk boston person statement lol woulda chang realiz said nyc say boston,0
ham,Indeed and by the way it was either or - not both !,51,inde way either,0
spam,"Urgent -call 09066649731from Landline. Your complimentary 4* Ibiza Holiday or å£10,000 cash await collection SAE T&Cs PO BOX 434 SK3 8WP 150ppm 18+",147,urgent call landlin complimentari ibiza holiday $$$ cash await collect sae cs po box,1
ham,Holy living christ what is taking you so long,45,holi live christ take long,0
ham,ÌÏ thk of wat to eat tonight.,29,iï thk wat eat tonight,0
ham,"Thanx. Yup we coming back on sun. Finish dinner going back 2 hotel now. Time flies, we're tog 4 exactly a mth today. Hope we'll haf many more mths to come...",157,thanx yup come back sun finish dinner go back hotel time fli tog exact mth today hope haf mani mths come,0
ham,We're on the opposite side from where we dropped you off,56,opposit side drop,0
ham,Yup. Izzit still raining heavily cos i'm in e mrt i can't c outside.,68,yup izzit still rain heavili cos e mrt outsid,0
ham,Send me your resume:-),22,send resum,0
ham,Gd luck 4 ur exams :-),22,gd luck ur exam,0
ham,Or u ask they all if next sat can a not. If all of them can make it then i'm ok lor.,84,ask next sat make ok lor,0
ham,Sorry that was my uncle. I.ll keep in touch,43,sorri uncl keep touch,0
ham,Saw Guys and Dolls last night with Patrick Swayze it was great,62,saw guy doll last night patrick swayz great,0
spam,URGENT This is our 2nd attempt to contact U. Your å£900 prize from YESTERDAY is still awaiting collection. To claim CALL NOW 09061702893,136,urgent attempt contact $$$ prize yesterday still await collect claim call,1
spam,Santa calling! Would your little ones like a call from Santa Xmas Eve? Call 09077818151 to book you time. Calls1.50ppm last 3mins 30s T&C www.santacalling.com,158,santa call would littl one like call santa xmas eve call book time last http,1
ham,Just come home. I don't want u to be miserable,46,come home want miser,0
ham,I dont know why she.s not getting your messages,47,dont know get messag,0
ham,"its cool but tyler had to take off so we're gonna buy for him and drop it off at his place later tonight. Our total order is a quarter, you got enough?",151,cool tyler take gonna buy drop place later tonight total order quarter got enough,0
ham,"The guy at the car shop who was flirting with me got my phone number from the paperwork and called and texted me. I'm nervous because of course now he may have my address. Should i call his boss and tell him, knowing this may get him fired?",240,guy car shop flirt got phone number paperwork call text nervous cours may address call boss tell know may get fire,0
ham,How do you plan to manage that,30,plan manag,0
ham,"Er, hello, things didnÛ÷t quite go to plan ÛÒ is limping slowly home followed by aa and with exhaust hanging off",114,er hello thing quit go plan limp slowli home follow aa exhaust hang,0
ham,Sorry for the delay. Yes masters,32,sorri delay yes master,0
ham,Call me when u finish then i come n pick u.,43,call finish come n pick,0
spam,PRIVATE! Your 2004 Account Statement for 078498****7 shows 786 unredeemed Bonus Points. To claim call 08719180219 Identifier Code: 45239 Expires 06.05.05,153,privat account statement show unredeem bonus point claim call identifi code expir,1
ham,What's up my own oga. Left my phone at home and just saw ur messages. Hope you are good. Have a great weekend.,110,oga left phone home saw ur messag hope good great weekend,0
ham,"Don't worry though, I understand how important it is that I be put in my place with a poorly thought out punishment in the face of the worst thing that has ever happened to me. Brb gonna go kill myself",201,worri though understand import put place poor thought punish face worst thing ever happen brb gonna go kill,0
ham,"Honey, can you pls find out how much they sell Predicte in Nigeria. And how many times can it be used. Its very important to have a reply before monday",151,honey pls find much sell predict nigeria mani time use import repli monday,0
ham,E admin building there? I might b slightly earlier... I'll call u when i'm reaching...,86,e admin build might b slight earlier call reach,0
ham,"fyi I'm at usf now, swing by the room whenever",46,fyi usf swing room whenev,0
ham,i can call in  &lt;#&gt;  min if thats ok,41,call min that ok,0
ham,ÌÏ no home work to do meh... ,29,iï home work meh,0
ham,Anything is valuable in only 2 situations: First- Before getting it... Second- After loosing it...,98,anyth valuabl situat first get second loos,0
ham,Me too. Mark is taking forever to pick up my prescription and the pain is coming back.,86,mark take forev pick prescript pain come back,0
ham,How's ur paper?,15,ur paper,0
ham,Got smaller capacity one? Quite ex...,37,got smaller capac one quit ex,0
spam,Check Out Choose Your Babe Videos @ sms.shsex.netUN fgkslpoPW fgkslpo,69,check choos babe video sms shsex netun fgkslpopw fgkslpo,1
ham,Im good! I have been thinking about you...,42,good think,0
spam,u r a winner U ave been specially selected 2 receive å£1000 cash or a 4* holiday (flights inc) speak to a live operator 2 claim 0871277810710p/min (18 ),152,r winner ave special select receiv $$$ cash holiday flight inc speak live oper claim min,1
ham,:-) :-),7,,0
ham,Not thought bout it... || Drink in tap & spile at seven. || Is that pub on gas st off broad st by canal. || Ok?,111,thought bout drink tap spile seven pub gas st broad st canal ok,0
ham,I am going to sleep. I am tired of travel.,42,go sleep tire travel,0
ham,"Haha, just what I was thinkin",29,haha thinkin,0
ham,Yup but it's not giving me problems now so mayb i'll jus leave it...,68,yup give problem mayb jus leav,0
ham,Lol no. Just trying to make your day a little more interesting,62,lol tri make day littl interest,0
ham,"How long before you get reply, just defer admission til next semester",69,long get repli defer admiss til next semest,0
ham,"The word \Checkmate\"" in chess comes from the Persian phrase \""Shah Maat\"" which means; \""the king is dead..\"" Goodmorning.. Have a good day..:)""",145,word checkmat chess come persian phrase shah maat mean king dead goodmorn good day,0
ham,Po de :-):):-):-):-). No need job aha.,38,po de need job aha,0
ham,Rats. Hey did u ever vote for the next themes?,46,rat hey ever vote next theme,0
spam,"New Mobiles from 2004, MUST GO! Txt: NOKIA to No: 89545 & collect yours today! From ONLY å£1. www.4-tc.biz 2optout 087187262701.50gbp/mtmsg18 TXTAUCTION.",153,new mobil must go txt nokia collect today $$$ http txtauction,1
ham,I hope your pee burns tonite.,29,hope pee burn tonit,0
ham,"OH RITE. WELL IM WITH MY BEST MATE PETE, WHO I WENT OUT WITH 4 A WEEK+ NOW WERE 2GEVA AGAIN. ITS BEEN LONGER THAN A WEEK.",121,oh rite well best mate pete went week longer week,0
ham,Yay can't wait to party together!,33,yay wait parti togeth,0
ham,....photoshop makes my computer shut down.,42,photoshop make comput shut,0
ham,All boys made fun of me today. Ok i have no problem. I just sent one message just for fun,89,boy made fun today ok problem sent one messag fun,0
ham,That's one of the issues but california is okay. No snow so its manageable,74,one issu california okay snow manag,0
spam,PRIVATE! Your 2003 Account Statement for shows 800 un-redeemed S. I. M. points. Call 08715203652 Identifier Code: 42810 Expires 29/10/0,135,privat account statement show un redeem point call identifi code expir,1
ham,"Hmmm.... Mayb can try e shoppin area one, but forgot e name of hotel...",71,hmmm mayb tri e shoppin area one forgot e name hotel,0
ham,"Awesome, that gonna be soon or later tonight?",45,awesom gonna soon later tonight,0
ham,I need details about that online job.,37,need detail onlin job,0
spam,YOU HAVE WON! As a valued Vodafone customer our computer has picked YOU to win a å£150 prize. To collect is easy. Just call 09061743386 ,136,valu vodafon custom comput pick win $$$ prize collect easi call,1
ham,Missing you too.pray inshah allah,33,miss pray inshah allah,0
ham,Pls help me tell Ashley that i cant find her number oh,54,pls help tell ashley cant find number oh,0
ham,S.this will increase the chance of winning.,43,increas chanc win,0
ham,either way works for me. I am  &lt;#&gt;  years old. Hope that doesnt bother you.,81,either way work year old hope doesnt bother,0
ham,Maybe you should find something else to do instead???,53,mayb find someth els instead,0
ham,Gain the rights of a wife.dont demand it.i am trying as husband too.Lets see,76,gain right wife dont demand tri husband let see,0
ham,I liked your new house,22,like new hous,0
ham,I'm fine. Hope you are also,27,fine hope also,0
ham,"Also north carolina and texas atm, you would just go to the gre site and pay for the test results to be sent.",109,also north carolina texa atm would go gre site pay test result sent,0
ham,Same to u...,12,,0
ham,yes baby! I need to stretch open your pussy!,44,yes babi need stretch open pussi,0
ham,Thanks  and ! Or bomb and date as my phone wanted to say! ,58,thank bomb date phone want say,0
ham,"Hey, a guy I know is breathing down my neck to get him some bud, anyway you'd be able to get a half track to usf tonight?",121,hey guy know breath neck get bud anyway abl get half track usf tonight,0
ham,"\Response\"" is one of d powerful weapon 2 occupy a place in others 'HEART'... So",80,respons one power weapon occupi place other heart,0
ham,Nokia phone is lovly..,22,nokia phone lovli,0
spam,**FREE MESSAGE**Thanks for using the Auction Subscription Service. 18 . 150p/MSGRCVD 2 Skip an Auction txt OUT. 2 Unsubscribe txt STOP CustomerCare 08718726270,159,free messag thank use auction subscript servic msgrcvd skip auction txt unsubscrib txt stop customercar,1
ham,Sorry da..today i wont come to play..i have driving clas..,58,sorri da today wont come play drive clas,0
ham,I'm really sorry I lit your hair on fire,40,realli sorri lit hair fire,0
ham,"Oh! Shit, I thought that was your trip! Loooooool ... That just makes SO much more sense now ... *grins* and the sofa reference was ... The \sleep on a couch\"" link you sent me ... Wasn't that how you went on your trip ? Oh ... And didn't your babe go with you for that celebration with your rents?""",299,oh shit thought trip loooooool make much sens grin sofa refer sleep couch link sent went trip oh babe go celebr rent,0
ham,Okey dokey swashbuckling stuff what oh.,39,okey dokey swashbuckl stuff oh,0
ham,1. Tension face 2. Smiling face 3. Waste face 4. Innocent face 5.Terror face 6.Cruel face 7.Romantic face 8.Lovable face 9.decent face  &lt;#&gt; .joker face.,158,tension face smile face wast face innoc face terror face cruel face romant face lovabl face decent face joker face,0
ham,Dip's cell dead. So i m coming with him. U better respond else we shall come back.,82,dip cell dead come better respond els shall come back,0
ham,Well. You know what i mean. Texting,35,well know mean text,0
ham,Hi dis is yijue i would be happy to work wif Ì_ all for gek1510...,66,hi dis yiju would happi work wif,0
ham,Lol! Oops sorry! Have fun. ,27,lol oop sorri fun,0
ham,Wat happened to the cruise thing,32,wat happen cruis thing,0
ham,"I know dat feelin had it with Pete! Wuld get with em , nuther place nuther time mayb?",85,know dat feelin pete wuld get em nuther place nuther time mayb,0
spam,lyricalladie(21/F) is inviting you to be her friend. Reply YES-910 or NO-910. See her: www.SMS.ac/u/hmmross STOP? Send STOP FRND to 62468,137,lyricalladi f invit friend repli yes see http stop send stop frnd,1
ham,The world's most happiest frnds never have the same characters... Dey just have the best understanding of their differences...,126,world happiest frnds never charact dey best understand differ,0
ham,Yeah just open chat and click friend lists. Then make the list. Easy as pie,75,yeah open chat click friend list make list easi pie,0
ham,alright tyler's got a minor crisis and has to be home sooner than he thought so be here asap,92,alright tyler got minor crisi home sooner thought asap,0
ham,When/where do I pick you up,27,pick,0
ham,As usual u can call me ard 10 smth.,35,usual call ard smth,0
ham,For many things its an antibiotic and it can be used for chest abdomen and gynae infections even bone infections.,113,mani thing antibiot use chest abdomen gyna infect even bone infect,0
ham,Poor girl can't go one day lmao,31,poor girl go one day lmao,0
ham,Or just do that 6times,22,,0
ham,You have to pls make a note of all she.s exposed to. Also find out from her school if anyone else was vomiting. Is there a dog or cat in the house? Let me know later.,166,pls make note expos also find school anyon els vomit dog cat hous let know later,0
ham,Sounds like there could be a lot of time spent in that chastity device boy ... *grins* ... Or take your beatings like a good dog. Going to lounge in a nice long bath now ?,171,sound like could lot time spent chastiti devic boy grin take beat like good dog go loung nice long bath,0
ham,Its worse if if uses half way then stops. Its better for him to complete it.,76,wors use half way stop better complet,0
ham,Miserable. They don't tell u that the side effects of birth control are massive gut wrenching cramps for the first 2 months. I didn't sleep at all last night.,158,miser tell side effect birth control massiv gut wrench cramp first month sleep last night,0
ham,Send me the new number,22,send new number,0
spam,Want the latest Video handset? 750 anytime any network mins? Half price line rental? Reply or call 08000930705 for delivery tomorrow,132,want latest video handset anytim network min half price line rental repli call deliveri tomorrow,1
ham,2 and half years i missed your friendship:-),44,half year miss friendship,0
ham,Oh for fuck's sake she's in like tallahassee,44,oh fuck sake like tallahasse,0
ham,"Haha, that was the first person I was gonna ask",47,haha first person gonna ask,0
spam,"ou are guaranteed the latest Nokia Phone, a 40GB iPod MP3 player or a å£500 prize! Txt word: COLLECT to No: 83355! IBHltd LdnW15H 150p/Mtmsgrcvd18",146,ou guarante latest nokia phone ipod player $$$ prize txt word collect ibhltd,1
ham,Taka lor. Wat time u wan 2 come n look 4 us?,44,taka lor wat time wan come n look us,0
spam,* FREE* POLYPHONIC RINGTONE Text SUPER to 87131 to get your FREE POLY TONE of the week now! 16 SN PoBox202 NR31 7ZS subscription 450pw,134,free polyphon rington text super get free poli tone week sn subscript,1
ham,"\I;m reaching in another 2 stops.\""""",36,reach anoth stop,0
ham,"no, i *didn't* mean to post it. I wrote it, and like so many other times i've ritten stuff to you, i let it sit there. it WAS what i was feeling at the time. I was angry. Before i left, i hit send, then stop. It wasn't there. I checked on my phone when i got to my car. It wasn't there. You said you didn't sleep, you were bored. So why wouldn't THAT be the time to clean, fold laundry, etc.? At least make the bed?",415,mean post wrote like mani time ritten stuff let sit feel time angri left hit send stop check phone got car said sleep bore time clean fold laundri etc least make bed,0
spam,Warner Village 83118 C Colin Farrell in SWAT this wkend @Warner Village & get 1 free med. Popcorn!Just show msg+ticket@kiosk.Valid 4-7/12. C t&c @kiosk. Reply SONY 4 mre film offers,181,warner villag colin farrel swat wkend warner villag get free med popcorn show msg ticket kiosk valid kiosk repli soni mre film offer,1
ham,Will you come online today night,32,come onlin today night,0
ham,Then anything special?,22,anyth special,0
ham,"I'm in solihull, | do you want anything?",40,solihul want anyth,0
ham,Will do. Have a good day,24,good day,0
ham,WE REGRET TO INFORM U THAT THE NHS HAS MADE A MISTAKE.U WERE NEVER ACTUALLY BORN.PLEASE REPORT 2 YOR LOCAL HOSPITAL 2B TERMINATED.WE R SORRY 4 THE INCONVENIENCE,160,regret inform nhs made mistak never actual born pleas report yor local hospit termin r sorri inconveni,0
ham,Love that holiday Monday feeling even if I have to go to the dentists in an hour,80,love holiday monday feel even go dentist hour,0
ham,I am on the way to tirupur.,27,way tirupur,0
spam,"Goal! Arsenal 4 (Henry, 7 v Liverpool 2 Henry scores with a simple shot from 6 yards from a pass by Bergkamp to give Arsenal a 2 goal margin after 78 mins.",155,goal arsenal henri v liverpool henri score simpl shot yard pass bergkamp give arsenal goal margin min,1
ham,You've already got a flaky parent. It'snot supposed to be the child's job to support the parent...not until they're The Ride age anyway. I'm supposed to be there to support you. And now i've hurt you. unintentional. But hurt nonetheless.,237,alreadi got flaki parent snot suppos child job support parent ride age anyway suppos support hurt unintent hurt nonetheless,0
ham,We took hooch for a walk toaday and i fell over! Splat! Grazed my knees and everything! Should have stayed at home! See you tomorrow! ,134,took hooch walk toaday fell splat graze knee everyth stay home see tomorrow,0
ham,"Just dropped em off, omw back now",33,drop em omw back,0
ham,Sitting in mu waiting for everyone to get out of my suite so I can take a shower,80,sit mu wait everyon get suit take shower,0
ham,Re your call; You didn't see my facebook huh?,45,call see facebook huh,0
ham,"G says you never answer your texts, confirm/deny",48,g say never answer text confirm deni,0
ham,"Its so common hearin How r u? Wat r u doing? How was ur day? So let me ask u something different. Did u smile today? If not, do it now.... Gud evng.",148,common hearin r wat r ur day let ask someth differ smile today gud evng,0
ham,Oh yah... We never cancel leh... Haha ,38,oh yah never cancel leh haha,0
ham,We can go 4 e normal pilates after our intro...  ,49,go e normal pilat intro,0
ham,Ok... Let u noe when i leave my house.,38,ok let noe leav hous,0
ham,"Oh yes, why is it like torture watching england?",48,oh yes like tortur watch england,0
ham,Wanna do some art?! :D,22,wanna art,0
ham,Just hopeing that wasnÛ÷t too pissed up to remember and has gone off to his sisters or something!,98,hope piss rememb gone sister someth,0
spam,"Hi, the SEXYCHAT girls are waiting for you to text them. Text now for a great night chatting. send STOP to stop this service",124,hi sexychat girl wait text text great night chat send stop stop servic,1
ham,"Good morning, my boytoy! How's those yummy lips ? Where's my sexy buns now ? What do you do ? Do you think of me ? Do you crave me ? Do you need me ?",149,good morn boytoy yummi lip sexi bun think crave need,0
ham,Match started.india  &lt;#&gt;  for 2,37,match start india,0
ham,Once free call me sir.,22,free call sir,0
ham,Hey do you want anything to buy:),33,hey want anyth buy,0
ham,"Hey babe, how's it going ? Did you ever figure out where your going for New Years ?",83,hey babe go ever figur go new year,0
ham,K..k.:)congratulation ..,24,k k congratul,0
ham,G wants to know where the fuck you are,38,g want know fuck,0
ham,No it was cancelled yeah baby! Well that sounds important so i understand my darlin give me a ring later on this fone love Kate x,129,cancel yeah babi well sound import understand darlin give ring later fone love kate x,0
ham,Tomarrow i want to got to court. At  &lt;DECIMAL&gt; . So you come to bus stand at 9.,85,tomarrow want got court come bus stand,0
ham,ÌÏ go home liao? Ask dad to pick me up at 6...,46,iï go home liao ask dad pick,0
ham,Omg you can make a wedding chapel in frontierville? Why do they get all the good stuff?,87,omg make wed chapel frontiervill get good stuff,0
ham,"I'm eatin now lor, but goin back to work soon... E mountain deer show huh... I watch b4 liao, very nice...",106,eatin lor goin back work soon e mountain deer show huh watch liao nice,0
ham,Check mail.i have mailed varma and kept copy to you regarding membership.take care.insha allah.,95,check mail mail varma kept copi regard membership take care insha allah,0
ham,Wrong phone! This phone! I answer this one but assume the other is people i don't well,86,wrong phone phone answer one assum peopl well,0
ham,"Anyway I don't think I can secure anything up here, lemme know if you want me to drive down south and chill",107,anyway think secur anyth lemm know want drive south chill,0
ham,I'm already back home so no probably not,40,alreadi back home probabl,0
spam,"Hi this is Amy, we will be sending you a free phone number in a couple of days, which will give you an access to all the adult parties...",137,hi ami send free phone number coupl day give access adult parti,1
ham,I am in bus on the way to calicut,33,bus way calicut,0
ham,Hi its me you are probably having too much fun to get this message but i thought id txt u cos im bored! and james has been farting at me all night,146,hi probabl much fun get messag thought id txt cos bore jame fart night,0
ham,hi baby im sat on the bloody bus at the mo and i wont be home until about 7:30 wanna do somethin later? call me later ortxt back jess xx,136,hi babi sat bloodi bus mo wont home wanna somethin later call later ortxt back jess xx,0
spam,"Welcome to Select, an O2 service with added benefits. You can now call our specially trained advisors FREE from your mobile by dialling 402.",140,welcom select servic ad benefit call special train advisor free mobil diall,1
ham,I lost 4 pounds since my doc visit last week woot woot! Now I'm gonna celebrate by stuffing my face!,100,lost pound sinc doc visit last week woot woot gonna celebr stuf face,0
ham,U coming back 4 dinner rite? Dad ask me so i re confirm wif u...,64,come back dinner rite dad ask confirm wif,0
ham,Doing my masters. When will you buy a bb cos i have for sale and how's bf,73,master buy bb cos sale bf,0
ham,"Ahhhh...just woken up!had a bad dream about u tho,so i dont like u right now :) i didnt know anything about comedy night but i guess im up for it.",146,ahhhh woken bad dream tho dont like right didnt know anyth comedi night guess,0
ham,I'm vivek:)i got call from your number.,39,vivek got call number,0
ham,Why didn't u call on your lunch?,32,call lunch,0
ham,"What i mean was i left too early to check, cos i'm working a 9-6.",65,mean left earli check cos work,0
ham,I want  &lt;#&gt;  rs da:)do you have it?,41,want rs da,0
ham,I want to see your pretty pussy...,34,want see pretti pussi,0
spam,Dear Voucher holder Have your next meal on us. Use the following link on your pc 2 enjoy a 2 4 1 dining experiencehttp://www.vouch4me.com/etlp/dining.asp,153,dear voucher holder next meal us use follow link pc enjoy dine http,1
ham,"A few people are at the game, I'm at the mall with iouri and kaila",66,peopl game mall iouri kaila,0
spam,URGENT! We are trying to contact U. Todays draw shows that you have won a å£2000 prize GUARANTEED. Call 09058094507 from land line. Claim 3030. Valid 12hrs only,160,urgent tri contact today draw show $$$ prize guarante call land line claim valid,1
spam,You can donate å£2.50 to UNICEF's Asian Tsunami disaster support fund by texting DONATE to 864233. å£2.50 will be added to your next bill,137,donat $$$ unicef asian tsunami disast support fund text donat $$$ ad next bill,1
ham,Future is not what we planned for tomorrow.....! it is the result of what we do today...! Do the best in present... enjoy the future.,133,futur plan tomorrow result today best present enjoy futur,0
ham,I will cme i want to go to hos 2morow. After that i wil cme. This what i got from her dear what to do. She didnt say any time,125,cme want go hos wil cme got dear didnt say time,0
ham,We are supposed to meet to discuss abt our trip... Thought xuhui told you? In the afternoon. Thought we can go for lesson after that,132,suppos meet discuss abt trip thought xuhui told afternoon thought go lesson,0
ham,Hey come online! Use msn... We are all there,44,hey come onlin use msn,0
ham,I'm fine. Hope you are good. Do take care.,42,fine hope good take care,0
ham,Oops I was in the shower when u called. Hey a parking garage collapsed at university hospital. See I'm not crazy. Stuff like that DOES happen.,142,oop shower call hey park garag collaps univers hospit see crazi stuff like happen,0
ham,Aiyo u so poor thing... Then u dun wan 2 eat? U bathe already?,62,aiyo poor thing dun wan eat bath alreadi,0
ham,Yar... I tot u knew dis would happen long ago already.,54,yar tot knew dis would happen long ago alreadi,0
ham,You are gorgeous! keep those pix cumming :) thank you!,54,gorgeous keep pix cum thank,0
ham,JADE ITS PAUL. Y DIDNåÕT U TXT ME? DO U REMEMBER ME FROM BARMED? I WANT 2 TALK 2 U! TXT ME,90,jade paul txt rememb barm want talk txt,0
ham,Spending new years with my brother and his family. Lets plan to meet next week. Are you ready to be spoiled? :),111,spend new year brother famili let plan meet next week readi spoil,0
ham,So what u doing today?,22,today,0
ham,I said its okay. Sorry,22,said okay sorri,0
ham,Slept? I thinkThis time ( &lt;#&gt;  pm) is not dangerous,57,slept thinkthi time pm danger,0
ham,Networking job is there.,24,network job,0
spam,goldviking (29/M) is inviting you to be his friend. Reply YES-762 or NO-762 See him: www.SMS.ac/u/goldviking STOP? Send STOP FRND to 62468,138,goldvik invit friend repli yes see http stop send stop frnd,1
ham,Dont let studying stress you out. L8r.,38,dont let studi stress,0
ham,That's y u haf 2 keep me busy...,32,haf keep busi,0
ham,No rushing. I'm not working. I'm in school so if we rush we go hungry.,70,rush work school rush go hungri,0
ham,Which channel:-):-):):-).,25,channel,0
ham,So your telling me I coulda been your real Valentine and I wasn't? U never pick me for NOTHING!!,96,tell coulda real valentin never pick noth,0
spam,Phony å£350 award - Todays Voda numbers ending XXXX are selected to receive a å£350 award. If you have a match please call 08712300220 quoting claim code 3100 standard rates app,177,phoni $$$ award today voda number end xxxx select receiv $$$ award match pleas call quot claim code standard rate app,1
ham,"We made it! Eta at taunton is 12:30 as planned, hope thatÛ÷s still okday?! Good to see you! :-xx",97,made eta taunton plan hope still okday good see xx,0
ham,I'm hungry buy smth home...,27,hungri buy smth home,0
ham,\HEY KATE,9,hey kate,0
ham,My drive can only be read. I need to write,42,drive read need write,0
ham,"Just looked it up and addie goes back Monday, sucks to be her",61,look addi goe back monday suck,0
ham,Happy new year. Hope you are having a good semester,51,happi new year hope good semest,0
ham,Esplanade lor. Where else...,28,esplanad lor els,0
ham,Can you talk with me..,22,talk,0
ham,"Hmph. Go head, big baller.",26,hmph go head big baller,0
ham,Well its not like you actually called someone a punto. That woulda been worse.,78,well like actual call someon punto woulda wors,0
ham,"Nope. Since ayo travelled, he has forgotten his guy",51,nope sinc ayo travel forgotten guy,0
ham,You still around? Looking to pick up later,42,still around look pick later,0
spam,CDs 4u: Congratulations ur awarded å£500 of CD gift vouchers or å£125 gift guaranteed & Freeentry 2 å£100 wkly draw xt MUSIC to 87066 TnCs www.ldew.com1win150ppmx3age16 ,169,cds congratul ur award $$$ cd gift voucher $$$ gift guarante freeentri $$$ wkli draw xt music tncs http,1
ham,There's someone here that has a year  &lt;#&gt;  toyota camry like mr olayiwola's own. Mileage is  &lt;#&gt; k.its clean but i need to know how much will it sell for. If i can raise the dough for it how soon after landing will it sell. Holla back.,247,someon year toyota camri like mr olayiwola mileag k clean need know much sell rais dough soon land sell holla back,0
ham,Guess which pub im in? Im as happy as a pig in clover or whatever the saying is! ,81,guess pub happi pig clover whatev say,0
ham,ILL B DOWN SOON,15,ill b soon,0
ham,Oh k. . I will come tomorrow,28,oh k come tomorrow,0
ham,Go fool dont cheat others ok,28,go fool dont cheat other ok,0
ham,"My mobile number.pls sms ur mail id.convey regards to achan,amma.Rakhesh.Qatar",78,mobil number pls sms ur mail id convey regard achan amma rakhesh qatar,0
ham,"By the way, 'rencontre' is to meet again. Mountains dont....",60,way rencontr meet mountain dont,0
spam,You have WON a guaranteed å£1000 cash or a å£2000 prize. To claim yr prize call our customer service representative on 08714712412 between 10am-7pm Cost 10p,156,guarante $$$ cash $$$ prize claim yr prize call custom servic repres cost,1
ham,U attend ur driving lesson how many times a wk n which day?,59,attend ur drive lesson mani time wk n day,0
ham,"Uncle G, just checking up on you. Do have a rewarding month",59,uncl g check reward month,0
ham,Hello boytoy ! Geeee ... I'm missing you today. I like to send you a tm and remind you I'm thinking of you ... And you are loved ... *loving kiss*,146,hello boytoy geeee miss today like send tm remind think love love kiss,0
ham,I think the other two still need to get cash but we can def be ready by 9,73,think two still need get cash def readi,0
ham,Hey gals...U all wanna meet 4 dinner at nÌÂte? ,47,hey gal wanna meet dinner niât,0
spam,Dear 0776xxxxxxx U've been invited to XCHAT. This is our final attempt to contact u! Txt CHAT to 86688 150p/MsgrcvdHG/Suite342/2Lands/Row/W1J6HL LDN 18yrs,154,dear invit xchat final attempt contact txt chat msgrcvdhg row ldn,1
ham,Babe ! What are you doing ? Where are you ? Who are you talking to ? Do you think of me ? Are you being a good boy? Are you missing me? Do you love me ?,152,babe talk think good boy miss love,0
ham,Great! How is the office today?,31,great offic today,0
ham,"It's cool, we can last a little while. Getting more any time soon?",66,cool last littl get time soon,0
ham,:-( sad puppy noise,19,sad puppi nois,0
ham,Yes its possible but dint try. Pls dont tell to any one k,57,yes possibl dint tri pls dont tell one k,0
ham,Anyway holla at me whenever you're around because I need an excuse to go creep on people in sarasota,100,anyway holla whenev around need excus go creep peopl sarasota,0
ham,Where you. What happen,22,happen,0
ham,I was gonna ask you lol but i think its at 7,44,gonna ask lol think,0
spam,Ur cash-balance is currently 500 pounds - to maximize ur cash-in now send GO to 86688 only 150p/meg. CC: 08718720201 HG/Suite342/2lands Row/W1j6HL,146,ur cash balanc current pound maxim ur cash send go meg cc hg row,1
spam,PRIVATE! Your 2003 Account Statement for shows 800 un-redeemed S.I.M. points. Call 08715203685 Identifier Code:4xx26 Expires 13/10/04,133,privat account statement show un redeem point call identifi code expir,1
ham,Go chase after her and run her over while she's crossing the street,67,go chase run cross street,0
spam,I'd like to tell you my deepest darkest fantasies. Call me 09094646631 just 60p/min. To stop texts call 08712460324 (nat rate),126,like tell deepest darkest fantasi call min stop text call nat rate,1
ham,Hey... Very inconvenient for your sis a not huh?,48,hey inconveni sis huh,0
ham,Ok i vl..do u know i got adsense approved..,43,ok vl know got adsens approv,0
ham,"* Was really good to see you the other day dudette, been missing you!",69,realli good see day dudett miss,0
ham,I want to go to perumbavoor,27,want go perumbavoor,0
ham,How many times i told in the stage all use to laugh. You not listen aha.,72,mani time told stage use laugh listen aha,0
ham,(You didn't hear it from me),28,hear,0
ham,Thanks for being there for me just to talk to on saturday. You are very dear to me. I cherish having you as a brother and role model.,133,thank talk saturday dear cherish brother role model,0
ham,Pls clarify back if an open return ticket that i have can be preponed for me to go back to kerala.,98,pls clarifi back open return ticket prepon go back kerala,0
spam,Natalie (20/F) is inviting you to be her friend. Reply YES-165 or NO-165 See her: www.SMS.ac/u/natalie2k9 STOP? Send STOP FRND to 62468,135,natali f invit friend repli yes see http stop send stop frnd,1
ham,She ran off with a younger man. we will make pretty babies together :),70,ran younger man make pretti babi togeth,0
spam,Jamster! To get your free wallpaper text HEART to 88888 now! T&C apply. 16 only. Need Help? Call 08701213186.,109,jamster get free wallpap text heart appli need help call,1
ham,O ic lol. Should play 9 doors sometime yo,41,ic lol play door sometim yo,0
ham,"Dunno, my dad said he coming home 2 bring us out 4 lunch. Yup i go w u lor. I call u when i reach school lor...",111,dunno dad said come home bring us lunch yup go w lor call reach school lor,0
ham,Desires- u going to doctor 4 liver. And get a bit stylish. Get ur hair managed. Thats it.,89,desir go doctor liver get bit stylish get ur hair manag that,0
ham,Hmmm.still we dont have opener?,31,hmmm still dont open,0
ham,Yeah so basically any time next week you can get away from your mom &amp; get up before 3,89,yeah basic time next week get away mom get,0
ham,I will vote for wherever my heart guides me,43,vote wherev heart guid,0
ham,With my sis lor... We juz watched italian job.,46,sis lor juz watch italian job,0
ham,"Tick, tick, tick .... Where are you ? I could die of loneliness you know ! *pouts* *stomps feet* I need you ...",111,tick tick tick could die loneli know pout stomp feet need,0
ham,Lmao you know me so well...,27,lmao know well,0
ham,Am on a train back from northampton so i'm afraid not! I'm staying skyving off today ho ho! Will be around wednesday though. Do you fancy the comedy club this week by the way?,175,train back northampton afraid stay skyve today ho ho around wednesday though fanci comedi club week way,0
ham,Goodnight da thangam I really miss u dear.,42,goodnight da thangam realli miss dear,0
ham,Hey next sun 1030 there's a basic yoga course... at bugis... We can go for that... Pilates intro next sat.... Tell me what time you r free,138,hey next sun basic yoga cours bugi go pilat intro next sat tell time r free,0
ham,"Geeeee ... Your internet is really bad today, eh ?",50,geeeee internet realli bad today eh,0
spam,Free video camera phones with Half Price line rental for 12 mths and 500 cross ntwk mins 100 txts. Call MobileUpd8 08001950382 or Call2OptOut/674,145,free video camera phone half price line rental mths cross ntwk min txts call,1
ham,I think i am disturbing her da,30,think disturb da,0
ham,"Sorry, I'll call you  later. I am in meeting sir.",49,sorri call later meet sir,0
ham,Havent stuck at orchard in my dad's car. Going 4 dinner now. U leh? So r they free tonight?,91,havent stuck orchard dad car go dinner leh r free tonight,0
ham,Ok i also wan 2 watch e 9 pm show...,36,ok also wan watch e pm show,0
ham,I dunno lei... Like dun haf...,30,dunno lei like dun haf,0
ham,But your brother transfered only  &lt;#&gt;  +  &lt;#&gt; . Pa.,63,brother transfer pa,0
ham,I calls you later. Afternoon onwords mtnl service get problem in south mumbai. I can hear you but you cann't listen me.,119,call later afternoon onword mtnl servic get problem south mumbai hear cann listen,0
spam,83039 62735=å£450 UK Break AccommodationVouchers terms & conditions apply. 2 claim you mustprovide your claim number which is 15541 ,132,$$$ uk break accommodationvouch term condit appli claim mustprovid claim number,1
ham,Talk to g and x about that,26,talk g x,0
ham,Hai dear friends... This is my new &amp; present number..:) By Rajitha Raj (Ranju),82,hai dear friend new present number rajitha raj ranju,0
spam,5p 4 alfie Moon's Children in need song on ur mob. Tell ur m8s. Txt Tone charity to 8007 for Nokias or Poly charity for polys: zed 08701417012 profit 2 charity.,160,alfi moon children need song ur mob tell ur txt tone chariti nokia poli chariti poli zed profit chariti,1
ham,As in different styles?,23,differ style,0
spam,WIN a å£200 Shopping spree every WEEK Starting NOW. 2 play text STORE to 88039. SkilGme. TsCs08714740323 1Winawk! age16 å£1.50perweeksub.,137,win $$$ shop spree everi week start play text store skilgm $$$,1
ham,Gud ni8 dear..slp well..take care..swt dreams..Muah..,53,gud dear slp well take care swt dream muah,0
spam,"This is the 2nd attempt to contract U, you have won this weeks top prize of either å£1000 cash or å£200 prize. Just call 09066361921",132,attempt contract week top prize either $$$ cash $$$ prize call,1
ham,"Well, i'm glad you didn't find it totally disagreeable ... Lol",62,well glad find total disagre lol,0
ham,"Guy, no flash me now. If you go call me, call me. How madam. Take care oh.",74,guy flash go call call madam take care oh,0
spam,Do you want a New Nokia 3510i colour phone DeliveredTomorrow? With 300 free minutes to any mobile + 100 free texts + Free Camcorder reply or call 08000930705.,158,want new nokia colour phone deliveredtomorrow free minut mobil free text free camcord repli call,1
ham,Mark works tomorrow. He gets out at 5. His work is by your house so he can meet u afterwards.,93,mark work tomorrow get work hous meet afterward,0
ham,\Keep ur problems in ur heart,29,keep ur problem ur heart,0
ham,"Yeah, give me a call if you've got a minute",43,yeah give call got minut,0
ham,\HI BABE UAWAKE?FEELLIKW SHIT.JUSTFOUND OUT VIA ALETTER THATMUM GOTMARRIED 4thNOV.BEHIND OURBACKS åÐ FUCKINNICE!SELFISH,119,hi babe uawak feellikw shit justfound via alett thatmum gotmarri behind ourback åð fuckinnic selfish,0
ham,Amazing : If you rearrange these letters it gives the same meaning... Dormitory = Dirty room Astronomer = Moon starer The eyes = They see Election results = Lies lets recount Mother-in-law = Woman Hitler Eleven plus two =Twelve plus one Its Amazing... !:-),256,amaz rearrang letter give mean dormitori dirti room astronom moon starer eye see elect result lie let recount mother law woman hitler eleven plus two twelv plus one amaz,0
ham,Aiya we discuss later lar... Pick Ì_ up at 4 is it?,51,aiya discuss later lar pick,0
ham,Hey happy birthday...,21,hey happi birthday,0
ham,Sorry i missed your call. Can you please call back.,51,sorri miss call pleas call back,0
ham,Omg if its not one thing its another. My cat has worms :/ when does this bad day end?,85,omg one thing anoth cat worm bad day end,0
ham,"Good morning, im suffering from fever and dysentry ..will not be able to come to office today.",94,good morn suffer fever dysentri abl come offic today,0
ham,I wont do anything de.,22,wont anyth de,0
ham,What type of stuff do you sing?,31,type stuff sing,0
ham,"St andre, virgil's cream",24,st andr virgil cream,0
ham,"My fri ah... Okie lor,goin 4 my drivin den go shoppin after tt...",65,fri ah oki lor goin drivin den go shoppin tt,0
ham,Gokila is talking with you aha:),32,gokila talk aha,0
ham,"Hi Shanil,Rakhesh here.thanks,i have exchanged the uncut diamond stuff.leaving back. Excellent service by Dino and Prem.",120,hi shanil rakhesh thank exchang uncut diamond stuff leav back excel servic dino prem,0
ham,K.k.this month kotees birthday know?,36,k k month kote birthday know,0
ham,But i'm really really broke oh. No amount is too small even  &lt;#&gt; ,71,realli realli broke oh amount small even,0
ham,Sorry about that this is my mates phone and i didnt write it love Kate,70,sorri mate phone didnt write love kate,0
spam,"TheMob>Hit the link to get a premium Pink Panther game, the new no. 1 from Sugababes, a crazy Zebra animation or a badass Hoody wallpaper-all 4 FREE!",149,themob hit link get premium pink panther game new sugabab crazi zebra anim badass hoodi wallpap free,1
ham,"Ah, well that confuses things, doesnt it? I thought was friends with now. Maybe i did the wrong thing but i already sort of invited -tho he may not come cos of money.",166,ah well confus thing doesnt thought friend mayb wrong thing alreadi sort invit tho may come cos money,0
ham,"Aight, call me once you're close",32,aight call close,0
ham,Nope thats fine. I might have a nap tho! ,41,nope that fine might nap tho,0
spam,This msg is for your mobile content order It has been resent as previous attempt failed due to network error Queries to customersqueries@netvision.uk.com,153,msg mobil content order resent previous attempt fail due network error queri http,1
ham,In other news after hassling me to get him weed for a week andres has no money. HAUGHAIGHGTUJHYGUJ,98,news hassl get weed week andr money haughaighgtujhyguj,0
ham,Ding me on ya break fassyole! Blacko from londn,47,ding ya break fassyol blacko londn,0
ham,I REALLY NEED 2 KISS U I MISS U MY BABY FROM UR BABY 4EVA,57,realli need kiss miss babi ur babi,0
ham,Oh you got many responsibilities.,33,oh got mani respons,0
spam,You have 1 new message. Please call 08715205273,47,new messag pleas call,1
ham,I've reached sch already...,27,reach sch alreadi,0
spam,December only! Had your mobile 11mths+? You are entitled to update to the latest colour camera mobile for Free! Call The Mobile Update VCo FREE on 08002986906 ,159,decemb mobil entitl updat latest colour camera mobil free call mobil updat vco free,1
ham,U definitely need a module from e humanities dis sem izzit? U wan 2 take other modules 1st?,91,definit need modul e human dis sem izzit wan take modul,0
ham,Argh why the fuck is nobody in town ;_;,39,argh fuck nobodi town,0
spam,"Get 3 Lions England tone, reply lionm 4 mono or lionp 4 poly. 4 more go 2 www.ringtones.co.uk, the original n best. Tones 3GBP network operator rates apply.",156,get lion england tone repli lionm mono lionp poli go http origin n best tone network oper rate appli,1
ham,Thanks. Fills me with complete calm and reassurance! ,53,thank fill complet calm reassur,0
ham,Aslamalaikkum....insha allah tohar beeen muht albi mufti mahfuuz...meaning same here....,88,aslamalaikkum insha allah tohar beeen muht albi mufti mahfuuz mean,0
ham,Are you driving or training?,28,drive train,0
ham,Lol for real. She told my dad I have cancer,43,lol real told dad cancer,0
spam,PRIVATE! Your 2003 Account Statement for 078,44,privat account statement,1
ham,"Oops I did have it,  &lt;#&gt; ?",32,oop,0
ham,"\NOT ENUFCREDEIT TOCALL.SHALL ILEAVE UNI AT 6 +GET A BUS TO YOR HOUSE?\""""",73,enufcredeit tocal shall ileav uni get bus yor hous,0
ham,"Hi Chikku, send some nice msgs",30,hi chikku send nice msgs,0
ham,"He is impossible to argue with and he always treats me like his sub, like he never released me ... Which he did and I will remind him of that if necessary",154,imposs argu alway treat like sub like never releas remind necessari,0
ham,"After my work ah... Den 6 plus lor... U workin oso rite... Den go orchard lor, no other place to go liao...",107,work ah den plus lor workin oso rite den go orchard lor place go liao,0
ham,"To the wonderful Okors, have a great month. We cherish you guys and wish you well each day. MojiBiola",101,wonder okor great month cherish guy wish well day mojibiola,0
ham,Cuz ibored. And don wanna study,31,cuz ibor wanna studi,0
ham,Wot about on wed nite I am 3 then but only til 9!,49,wot wed nite til,0
ham,Any way where are you and what doing.,37,way,0
ham,That sucks. I'll go over so u can do my hair. You'll do it free right?,70,suck go hair free right,0
ham,it's still not working. And this time i also tried adding zeros. That was the savings. The checking is  &lt;#&gt; ,114,still work time also tri ad zero save check,0
ham,"Hmm... Dunno leh, mayb a bag 4 goigng out dat is not too small. Or jus anything except perfume, smth dat i can keep.",116,hmm dunno leh mayb bag goigng dat small jus anyth except perfum smth dat keep,0
ham,Sday only joined.so training we started today:),47,sday join train start today,0
ham,Sorry * was at the grocers.,27,sorri grocer,0
ham,There are some nice pubs near here or there is Frankie n Bennys near the warner cinema?,87,nice pub near franki n benni near warner cinema,0
spam,"YOU VE WON! Your 4* Costa Del Sol Holiday or å£5000 await collection. Call 09050090044 Now toClaim. SAE, TC s, POBox334, Stockport, SK38xh, Costå£1.50/pm, Max10mins",164,costa del sol holiday $$$ await collect call toclaim sae tc stockport cost $$$ pm,1
ham,Yup... I havent been there before... You want to go for the yoga? I can call up to book ,88,yup havent want go yoga call book,0
ham,Oh shut it. Omg yesterday I had a dream that I had 2 kids both boys. I was so pissed. Not only about the kids but them being boys. I even told mark in my dream that he was changing diapers cause I'm not getting owed in the face.,228,oh shut omg yesterday dream kid boy piss kid boy even told mark dream chang diaper caus get owe face,0
ham,Yeah I imagine he would be really gentle. Unlike the other docs who treat their patients like turkeys.,102,yeah imagin would realli gentl unlik doc treat patient like turkey,0
ham,Now that you have started dont stop. Just pray for more good ideas and anything i see that can help you guys i.ll forward you a link.,133,start dont stop pray good idea anyth see help guy forward link,0
ham,Hi darlin im on helens fone im gonna b up the princes 2 nite please come up tb love Kate,88,hi darlin helen fone gonna b princ nite pleas come tb love kate,0
ham,I'm in office now da:)where are you?,36,offic da,0
ham,Aiyar u so poor thing... I give u my support k... Jia you! I'll think of u...,77,aiyar poor thing give support k jia think,0
ham,Oh unintentionally not bad timing. Great. Fingers  the trains play along! Will give fifteen min warning.,104,oh unintent bad time great finger train play along give fifteen min warn,0
spam,Get your garden ready for summer with a FREE selection of summer bulbs and seeds worth å£33:50 only with The Scotsman this Saturday. To stop go2 notxt.co.uk,156,get garden readi summer free select summer bulb seed worth $$$ scotsman saturday stop notxt co uk,1
ham,K..then come wenever u lik to come and also tel vikky to come by getting free time..:-),87,k come wenev lik come also tel vikki come get free time,0
ham,Pls call me da. What happen.,28,pls call da happen,0
ham,"Happy new year to u and ur family...may this new year bring happiness , stability and tranquility to ur vibrant colourful life:):)",130,happi new year ur famili may new year bring happi stabil tranquil ur vibrant colour life,0
ham,No problem with the renewal. I.ll do it right away but i dont know his details.,79,problem renew right away dont know detail,0
ham,Idk. I'm sitting here in a stop and shop parking lot right now bawling my eyes out because i feel like i'm a failure in everything. Nobody wants me and now i feel like i'm failing you.,184,idk sit stop shop park lot right bawl eye feel like failur everyth nobodi want feel like fail,0
ham,Haven't left yet so probably gonna be here til dinner,53,left yet probabl gonna til dinner,0
ham,"Like  &lt;#&gt; , same question",31,like question,0
ham,MY NEW YEARS EVE WAS OK. I WENT TO A PARTY WITH MY BOYFRIEND. WHO IS THIS SI THEN HEY,85,new year eve ok went parti boyfriend si hey,0
ham,"Sir, I need Velusamy sir's date of birth and company bank facilities details.",77,sir need velusami sir date birth compani bank facil detail,0
ham,K k:) sms chat with me.,23,k k sms chat,0
ham,I will come with karnan car. Please wait till 6pm will directly goto doctor.,76,come karnan car pleas wait till direct goto doctor,0
ham,No but the bluray player can,28,bluray player,0
ham,Ok... Then r we meeting later?,30,ok r meet later,0
ham,Lol no. I just need to cash in my nitros. Hurry come on before I crash out!,75,lol need cash nitro hurri come crash,0
ham,Just send a text. We'll skype later.,36,send text skype later,0
ham,Ok leave no need to ask,23,ok leav need ask,0
ham,ÌÏ still got lessons?  ÌÏ in sch?,33,iï still got lesson iï sch,0
ham,Y she dun believe leh? I tot i told her it's true already. I thk she muz c us tog then she believe.,99,dun believ leh tot told true alreadi thk muz us tog believ,0
ham,Oh did you charge camera,24,oh charg camera,0
ham,"IÛ÷ve got some salt, you can rub it in my open wounds if you like!",67,got salt rub open wound like,0
ham,Now i'm going for lunch.,24,go lunch,0
ham,I'm in school now n i'll be in da lab doing some stuff give me a call when Ì_ r done.,85,school n da lab stuff give call r done,0
ham,"Aight, text me tonight and we'll see what's up",46,aight text tonight see,0
ham,U 2.,4,,0
ham,Water logging in desert. Geoenvironmental implications.,55,water log desert geoenvironment implic,0
ham,"Very strange.  and  are watching the 2nd one now but i'm in bed. Sweet dreams, miss u ",86,strang watch one bed sweet dream miss,0
spam,SMS AUCTION - A BRAND NEW Nokia 7250 is up 4 auction today! Auction is FREE 2 join & take part! Txt NOKIA to 86021 now!,119,sms auction brand new nokia auction today auction free join take part txt nokia,1
ham,"Hi hope u r both ok, he said he would text and he hasn't, have u seen him, let me down gently please ",101,hi hope r ok said would text seen let gentl pleas,0
ham,"Babe! I fucking love you too !! You know? Fuck it was so good to hear your voice. I so need that. I crave it. I can't get enough. I adore you, Ahmad *kisses*",157,babe fuck love know fuck good hear voic need crave get enough ador ahmad kiss,0
ham,K sure am in my relatives home. Sms me de. Pls:-),49,k sure relat home sms de pls,0
ham,"Fuuuuck I need to stop sleepin, sup",35,fuuuuck need stop sleepin sup,0
ham,I'm in town now so i'll jus take mrt down later.,48,town jus take mrt later,0
ham,I just cooked a rather nice salmon a la you,43,cook rather nice salmon la,0
ham,I uploaded mine to Facebook,27,upload mine facebook,0
ham,WHAT TIME U WRKIN?,18,time wrkin,0
spam,ree entry in 2 a weekly comp for a chance to win an ipod. Txt POD to 80182 to get entry (std txt rate) T&C's apply 08452810073 for details 18+,142,ree entri week comp chanc win ipod txt pod get entri std txt rate appli detail,1
spam,Our records indicate u maybe entitled to 5000 pounds in compensation for the Accident you had. To claim 4 free reply with CLAIM to this msg. 2 stop txt STOP,156,record indic mayb entitl pound compens accid claim free repli claim msg stop txt stop,1
ham,Oh oh... Den muz change plan liao... Go back have to yan jiu again...,69,oh oh den muz chang plan liao go back yan jiu,0
ham,"It's wylie, you in tampa or sarasota?",37,wyli tampa sarasota,0
ham,Ok... Take ur time n enjoy ur dinner...,39,ok take ur time n enjoy ur dinner,0
ham,Darren was saying dat if u meeting da ge den we dun meet 4 dinner. Cos later u leave xy will feel awkward. Den u meet him 4 lunch lor.,134,darren say dat meet da ge den dun meet dinner cos later leav xy feel awkward den meet lunch lor,0
spam,"Spook up your mob with a Halloween collection of a logo & pic message plus a free eerie tone, txt CARD SPOOK to 8007 zed 08701417012150p per logo/pic ",150,spook mob halloween collect logo pic messag plus free eeri tone txt card spook zed per logo pic,1
ham,I like cheap! But iÛ÷m happy to splash out on the wine if it makes you feel better..,85,like cheap happi splash wine make feel better,0
ham,She.s fine. I have had difficulties with her phone. It works with mine. Can you pls send her another friend request.,116,fine difficulti phone work mine pls send anoth friend request,0
ham,Ugh my leg hurts. Musta overdid it on mon.,42,ugh leg hurt musta overdid mon,0
spam,Call Germany for only 1 pence per minute! Call from a fixed line via access number 0844 861 85 85. No prepayment. Direct access! www.telediscount.co.uk,151,call germani penc per minut call fix line via access number prepay direct access http,1
ham,WOT STUDENT DISCOUNT CAN U GET ON BOOKS?,40,wot student discount get book,0
ham,How come she can get it? Should b quite diff to guess rite...,61,come get b quit diff guess rite,0
spam,Had your mobile 11mths ? Update for FREE to Oranges latest colour camera mobiles & unlimited weekend calls. Call Mobile Upd8 on freefone 08000839402 or 2StopTxt,160,mobil updat free orang latest colour camera mobil unlimit weekend call call mobil freefon,1
ham,"Babe, I'm answering you, can't you see me ? Maybe you'd better reboot YM ... I got the photo ... It's great !",109,babe answer see mayb better reboot ym got photo great,0
ham,Hi.what you think about match?,30,hi think match,0
ham,"I know you are thinkin malaria. But relax, children cant handle malaria. She would have been worse and its gastroenteritis. If she takes enough to replace her loss her temp will reduce. And if you give her malaria meds now she will just vomit. Its a self limiting illness she has which means in a few days it will completely stop",329,know thinkin malaria relax children cant handl malaria would wors gastroenter take enough replac loss temp reduc give malaria med vomit self limit ill mean day complet stop,0
ham,Dai i downloaded but there is only exe file which i can only run that exe after installing.,91,dai download exe file run exe instal,0
ham,It is only yesterday true true.,31,yesterday true true,0
ham,K.k.how is your business now?,29,k k busi,0
ham,3 pa but not selected.,22,pa select,0
ham,Well thats nice. Too bad i cant eat it,38,well that nice bad cant eat,0
ham,I accidentally brought em home in the box,41,accident brought em home box,0
ham,Pls she needs to dat slowly or she will vomit more.,51,pls need dat slowli vomit,0
ham,I have to take exam with in march 3,35,take exam march,0
ham,"Jane babes not goin 2 wrk, feel ill after lst nite. Foned in already cover 4 me chuck.:-)",89,jane babe goin wrk feel ill lst nite fone alreadi cover chuck,0
ham,5 nights...We nt staying at port step liao...Too ex,51,night nt stay port step liao ex,0
ham,If I die I want u to have all my stuffs.,40,die want stuff,0
ham,"\OH FUCK. JUSWOKE UP IN A BED ON A BOATIN THE DOCKS. SLEPT WID 25 YEAR OLD. SPINOUT! GIV U DA GOSSIP L8R. XXX\""""",112,oh fuck juswok bed boatin dock slept wid year old spinout giv da gossip xxx,0
ham,I re-met alex nichols from middle school and it turns out he's dealing!,71,met alex nichol middl school turn deal,0
spam,PRIVATE! Your 2003 Account Statement for <fone no> shows 800 un-redeemed S. I. M. points. Call 08715203656 Identifier Code: 42049 Expires 26/10/04,146,privat account statement show un redeem point call identifi code expir,1
ham,It means u could not keep ur words.,35,mean could keep ur word,0
ham,"Nope, I'm still in the market",29,nope still market,0
ham,I realise you are a busy guy and i'm trying not to be a bother. I have to get some exams outta the way and then try the cars. Do have a gr8 day,143,realis busi guy tri bother get exam outta way tri car day,0
ham,Hey what how about your project. Started aha da.,48,hey project start aha da,0
ham,Ok cool. See ya then.,21,ok cool see ya,0
ham,Am on the uworld site. Am i buying the qbank only or am i buying it with the self assessment also?,98,uworld site buy qbank buy self assess also,0
spam,Someonone you know is trying to contact you via our dating service! To find out who it could be call from your mobile or landline 09064015307 BOX334SK38ch ,155,someonon know tri contact via date servic find could call mobil landlin,1
ham,Yeah I can still give you a ride,32,yeah still give ride,0
ham,"Jay wants to work out first, how's 4 sound?",43,jay want work first sound,0
ham,"Gud gud..k, chikku tke care.. sleep well gud nyt",48,gud gud k chikku tke care sleep well gud nyt,0
ham,Hmm thinking lor...,19,hmm think lor,0
ham,Of course ! Don't tease me ... You know I simply must see ! *grins* ... Do keep me posted my prey ... *loving smile* *devouring kiss*,133,cours teas know simpli must see grin keep post prey love smile devour kiss,0
ham,thanks for the temales it was wonderful. Thank. Have a great week.,66,thank temal wonder thank great week,0
ham,Thank you princess! I want to see your nice juicy booty...,58,thank princess want see nice juici booti,0
ham,Haven't eaten all day. I'm sitting here staring at this juicy pizza and I can't eat it. These meds are ruining my life.,119,eaten day sit stare juici pizza eat med ruin life,0
ham,U come n search tat vid..not finishd..,38,come n search tat vid finishd,0
ham,"K I'm leaving soon, be there a little after 9",45,k leav soon littl,0
spam,Urgent! Please call 09061213237 from a landline. å£5000 cash or a 4* holiday await collection. T &Cs SAE PO Box 177 M227XY. 16+,127,urgent pleas call landlin $$$ cash holiday await collect cs sae po box,1
ham,"Yeah work is fine, started last week, all the same stuff as before, dull but easy and guys are fun!",99,yeah work fine start last week stuff dull easi guy fun,0
ham,You do your studies alone without anyones help. If you cant no need to study.,77,studi alon without anyon help cant need studi,0
ham,Please tell me not all of my car keys are in your purse,55,pleas tell car key purs,0
ham,I didnt get anything da,23,didnt get anyth da,0
ham,Ok... Sweet dreams...,21,ok sweet dream,0
ham,Well she's in for a big surprise!,33,well big surpris,0
ham,1 in cbe. 2 in chennai.,23,cbe chennai,0
ham,Can help u swoop by picking u up from wherever ur other birds r meeting if u want.,82,help swoop pick wherev ur bird r meet want,0
ham,If anyone calls for a treadmill say you'll buy it. Make sure its working. I found an ad on Craigslist selling for $ &lt;#&gt; .,127,anyon call treadmil say buy make sure work found ad craigslist sell $$$,0
ham,I absolutely LOVE South Park! I only recently started watching the office.,74,absolut love south park recent start watch offic,0
ham,Did you see that film:),23,see film,0
ham,Pls speak with me. I wont ask anything other then you friendship.,65,pls speak wont ask anyth friendship,0
ham,Gud ni8.swt drms.take care,26,gud swt drms take care,0
ham,HI DARLIN ITS KATE ARE U UP FOR DOIN SOMETHIN TONIGHT? IM GOING TO A PUB CALLED THE SWAN OR SOMETHING WITH MY PARENTS FOR ONE DRINK SO PHONE ME IF U CAN,152,hi darlin kate doin somethin tonight go pub call swan someth parent one drink phone,0
ham,Anything lar then Ì_ not going home 4 dinner?,45,anyth lar go home dinner,0
ham,\ER,3,er,0
spam,"If you don't, your prize will go to another customer. T&C at www.t-c.biz 18+ 150p/min Polo Ltd Suite 373 London W1J 6HL Please call back if busy ",145,prize go anoth custom http min polo ltd suit london pleas call back busi,1
ham,Did u fix the teeth?if not do it asap.ok take care.,51,fix teeth asap ok take care,0
ham,So u wan 2 come for our dinner tonight a not?,45,wan come dinner tonight,0
ham,"Hello.How u doing?What u been up 2?When will u b moving out of the flat, cos I will need to arrange to pick up the lamp, etc. Take care. Hello caroline!",152,hello b move flat cos need arrang pick lamp etc take care hello carolin,0
ham,Its too late:)but its k.wish you the same.,42,late k wish,0
ham,"Hi. Hope ur day * good! Back from walk, table booked for half eight. Let me know when ur coming over.",101,hi hope ur day good back walk tabl book half eight let know ur come,0
ham,Oh yeah clearly it's my fault,29,oh yeah clear fault,0
ham,Dunno leh cant remember mayb lor. So wat time r we meeting tmr?,63,dunno leh cant rememb mayb lor wat time r meet tmr,0
ham,"Best msg: It's hard to be with a person, when u know that one more step foward will make u fall in love.. &amp; One step back can ruin ur friendship.. good night:-) ...",168,best msg hard person know one step foward make fall love one step back ruin ur friendship good night,0
spam,URGENT! Your Mobile number has been awarded with a å£2000 prize GUARANTEED. Call 09061790126 from land line. Claim 3030. Valid 12hrs only 150ppm,144,urgent mobil number award $$$ prize guarante call land line claim valid,1
ham,"Vikky, come around  &lt;TIME&gt; ..",35,vikki come around,0
ham,"And how you will do that, princess? :)",38,princess,0
ham,I have gone into get info bt dont know what to do,49,gone get info bt dont know,0
ham,"Yeah, probably here for a while",31,yeah probabl,0
ham,I'm still pretty weak today .. Bad day ?,40,still pretti weak today bad day,0
ham,Hey ! Don't forget ... You are MINE ... For ME ... My possession ... MY property ... MMM ... *childish smile* ...,113,hey forget mine possess properti mmm childish smile,0
ham,An excellent thought by a misundrstud frnd: I knw u hate me bt the day wen u'll knw the truth u'll hate urself:-( Gn:-),119,excel thought misundrstud frnd knw hate bt day wen knw truth hate urself gn,0
ham,Hey! Congrats 2u2. id luv 2 but ive had 2 go home!,50,hey congrat id luv ive go home,0
ham,Dear where you. Call me,23,dear call,0
ham,Xy trying smth now. U eat already? We havent...,47,xy tri smth eat alreadi havent,0
spam,Urgent! Please call 09061213237 from landline. å£5000 cash or a luxury 4* Canary Islands Holiday await collection. T&Cs SAE PO Box 177. M227XY. 150ppm. 16+,155,urgent pleas call landlin $$$ cash luxuri canari island holiday await collect cs sae po box,1
ham,I donno its in your genes or something,38,donno gene someth,0
spam,XMAS iscoming & ur awarded either å£500 CD gift vouchers & free entry 2 r å£100 weekly draw txt MUSIC to 87066 TnC www.Ldew.com1win150ppmx3age16subscription ,157,xmas iscom ur award either $$$ cd gift voucher free entri r $$$ week draw txt music tnc http,1
ham,Alex says he's not ok with you not being ok with it,51,alex say ok ok,0
ham,Are u coming to the funeral home,32,come funer home,0
ham,My darling sister. How are you doing. When's school resuming. Is there a minimum wait period before you reapply? Do take care,125,darl sister school resum minimum wait period reappli take care,0
ham,I.ll hand her my phone to chat wit u,36,hand phone chat wit,0
ham,Well good morning mr . Hows london treatin' ya treacle?,55,well good morn mr how london treatin ya treacl,0
ham,I can't make it tonight,23,make tonight,0
ham,About  &lt;#&gt; bucks. The banks fees are fixed. Better to call the bank and find out.,87,buck bank fee fix better call bank find,0
ham,"I can. But it will tell quite long, cos i haven't finish my film yet...",71,tell quit long cos finish film yet,0
ham,Pls ask macho how much is budget for bb bold 2 is cos i saw a new one for  &lt;#&gt;  dollars.,94,pls ask macho much budget bb bold cos saw new one dollar,0
ham,"\Hi missed your Call and my mumHas beendropping red wine all over theplace! what is your adress?\""""",99,hi miss call mumha beendrop red wine theplac adress,0
ham,Ill be at yours in about 3 mins but look out for me,51,ill min look,0
ham,What you did in  leave.,23,leav,0
ham,I'm coming back on Thursday. Yay. Is it gonna be ok to get the money. Cheers. Oh yeah and how are you. Everything alright. Hows school. Or do you call it work now,162,come back thursday yay gonna ok get money cheer oh yeah everyth alright how school call work,0
ham,"Jolly good! By the way,  will give u tickets for sat eve 7.30. Speak before then x",82,jolli good way give ticket sat eve speak x,0
ham,"yeah, that's what I was thinking",32,yeah think,0
ham,K.k:)i'm going to tirunelvali this week to see my uncle ..i already spend the amount by taking dress .so only i want money.i will give it on feb 1,146,k k go tirunelvali week see uncl alreadi spend amount take dress want money give feb,0
ham,Here got ur favorite oyster... N got my favorite sashimi... Ok lar i dun say already... Wait ur stomach start rumbling...,121,got ur favorit oyster n got favorit sashimi ok lar dun say alreadi wait ur stomach start rumbl,0
ham,My sister going to earn more than me da.,40,sister go earn da,0
ham,Jus finish watching tv... U?,28,jus finish watch tv,0
ham,"K, fyi I'm back in my parents' place in south tampa so I might need to do the deal somewhere else",97,k fyi back parent place south tampa might need deal somewher els,0
ham,"Good morning, my Love ... I go to sleep now and wish you a great day full of feeling better and opportunity ... You are my last thought babe, I LOVE YOU *kiss*",159,good morn love go sleep wish great day full feel better opportun last thought babe love kiss,0
ham,Kothi print out marandratha.,28,kothi print marandratha,0
ham,But we havent got da topic yet rite?,36,havent got da topic yet rite,0
ham,Ok no problem... Yup i'm going to sch at 4 if i rem correctly...,64,ok problem yup go sch rem correct,0
ham,"Thanks, I'll keep that in mind",30,thank keep mind,0
ham,Aah bless! How's your arm?,26,aah bless arm,0
ham,"Dear Sir,Salam Alaikkum.Pride and Pleasure meeting you today at the Tea Shop.We are pleased to send you our contact number at Qatar.Rakhesh an Indian.Pls save our Number.Respectful Regards.",189,dear sir salam alaikkum pride pleasur meet today tea shop pleas send contact number qatar rakhesh indian pls save number respect regard,0
ham,"Gal n boy walking in d park. gal-can i hold ur hand? boy-y? do u think i would run away? gal-no, jst wana c how it feels walking in heaven with an prince..GN:-)",160,gal n boy walk park gal hold ur hand boy think would run away gal jst wana feel walk heaven princ gn,0
ham,What makes you most happy?,26,make happi,0
ham,Wishing you a wonderful week.,29,wish wonder week,0
ham,Sweet heart how are you?,24,sweet heart,0
ham,"Sir, waiting for your letter.",29,sir wait letter,0
ham,Dude im no longer a pisces. Im an aquarius now.,47,dude longer pisc aquarius,0
ham,X course it 2yrs. Just so her messages on messenger lik you r sending me,72,x cours messag messeng lik r send,0
ham,I think steyn surely get one wicket:),37,think steyn sure get one wicket,0
ham,"Neither [in sterm voice] - i'm studying. All fine with me! Not sure the  thing will be resolved, tho. Anyway. Have a fab hols",125,neither studi fine sure thing resolv tho anyway fab hol,0
ham,"Garbage bags, eggs, jam, bread, hannaford wheat chex",52,garbag bag egg jam bread hannaford wheat chex,0
ham,No. It's not pride. I'm almost  &lt;#&gt;  years old and shouldn't be takin money from my kid. You're not supposed to have to deal with this stuff. This is grownup stuff--why i don't tell you.,192,pride almost year old takin money kid suppos deal stuff grownup stuff tell,0
ham,Sounds better than my evening im just doing my costume. Im not sure what time i finish tomorrow but i will txt you at the end.,126,sound better even costum sure time finish tomorrow txt end,0
ham,My birthday is on feb  &lt;#&gt;  da. .,39,birthday feb da,0
ham,So when do you wanna gym?,25,wanna gym,0
ham,You'd like that wouldn't you? Jerk!,35,like jerk,0
ham,Are u awake? Is there snow there?,33,awak snow,0
ham,And of course you should make a stink!,38,cours make stink,0
spam,"u r subscribed 2 TEXTCOMP 250 wkly comp. 1st wk?s free question follows, subsequent wks charged@150p/msg.2 unsubscribe txt STOP 2 84128,custcare 08712405020",156,r subscrib textcomp wkli comp wk free question follow subsequ wks charg msg unsubscrib txt stop custcar,1
ham,No go. No openings for that room 'til after thanksgiving without an upcharge.,77,go open room til thanksgiv without upcharg,0
ham,When you guys planning on coming over?,38,guy plan come,0
ham,Wat Ì_ doing now?,17,wat,0
ham,No sir. That's why i had an 8-hr trip on the bus last week. Have another audition next wednesday but i think i might drive this time.,133,sir hr trip bus last week anoth audit next wednesday think might drive time,0
ham,Do I? I thought I put it back in the box,40,thought put back box,0
ham,I'm home...,11,home,0
ham,No one interested. May be some business plan.,45,one interest may busi plan,0
ham,Yup it's at paragon... I havent decided whether 2 cut yet... Hee...,67,yup paragon havent decid whether cut yet hee,0
ham,Good morning princess! Have a great day!,40,good morn princess great day,0
ham,Guai... ÌÏ shd haf seen him when he's naughty... ÌÏ so free today? Can go jogging...,84,guai iï shd haf seen naughti iï free today go jog,0
ham,Aiyo cos i sms Ì_ then Ì_ neva reply so i wait 4 Ì_ to reply lar. I tot Ì_ havent finish ur lab wat.,100,aiyo cos sms neva repli wait repli lar tot havent finish ur lab wat,0
ham,"Living is very simple.. Loving is also simple.. Laughing is too simple.. Winning is tooo simple.. But, Being 'SIMPLE' is very difficult...;-) :-)",145,live simpl love also simpl laugh simpl win tooo simpl simpl difficult,0
ham,Tell me something. Thats okay.,30,tell someth that okay,0
ham,Hmm. Shall i bring a bottle of wine to keep us amused? Just joking! I'll still bring a bottle. Red or white? See you tomorrow,125,hmm shall bring bottl wine keep us amus joke still bring bottl red white see tomorrow,0
ham,This is ur face test ( 1 2 3 4 5 6 7 8 9  &lt;#&gt;  ) select any number i will tell ur face astrology.... am waiting. quick reply...,133,ur face test select number tell ur face astrolog wait quick repli,0
ham,"Hey, iouri gave me your number, I'm wylie, ryan's friend",56,hey iouri gave number wyli ryan friend,0
ham,Yep get with the program. You're slacking.,42,yep get program slack,0
ham,I'm in inside office..still filling forms.don know when they leave me.,70,insid offic still fill form know leav,0
ham,"I think your mentor is , but not 100 percent sure.",50,think mentor percent sure,0
spam,Call 09095350301 and send our girls into erotic ecstacy. Just 60p/min. To stop texts call 08712460324 (nat rate),112,call send girl erot ecstaci min stop text call nat rate,1
spam,A å£400 XMAS REWARD IS WAITING FOR YOU! Our computer has randomly picked you from our loyal mobile customers to receive a å£400 reward. Just call 09066380611,157,$$$ xmas reward wait comput random pick loyal mobil custom receiv $$$ reward call,1
ham,Just trying to figure out when I'm suppose to see a couple different people this week. We said we'd get together but I didn't set dates,135,tri figur suppos see coupl differ peopl week said get togeth set date,0
spam,IMPORTANT MESSAGE. This is a final contact attempt. You have important messages waiting out our customer claims dept. Expires 13/4/04. Call 08717507382 NOW!,156,import messag final contact attempt import messag wait custom claim dept expir call,1
ham,Hi mom we might be back later than  &lt;#&gt; ,46,hi mom might back later,0
spam,dating:i have had two of these. Only started after i sent a text to talk sport radio last week. Any connection do you think or coincidence?,139,date two start sent text talk sport radio last week connect think coincid,1
ham,"Lol, oh you got a friend for the dog ?",38,lol oh got friend dog,0
ham,"Ok., is any problem to u frm him? Wats matter?",46,ok problem frm wat matter,0
ham,"K I'll head out in a few mins, see you there",44,k head min see,0
ham,I don't want you to leave. But i'm barely doing what i can to stay sane. fighting with you constantly isn't helping.,116,want leav bare stay sane fight constant help,0
spam,The current leading bid is 151. To pause this auction send OUT. Customer Care: 08718726270,90,current lead bid paus auction send custom care,1
spam,"Free entry to the gr8prizes wkly comp 4 a chance to win the latest Nokia 8800, PSP or å£250 cash every wk.TXT GREAT to 80878 http//www.gr8prizes.com 08715705022",160,free entri wkli comp chanc win latest nokia psp $$$ cash everi wk txt great http,1
ham,Somebody set up a website where you can play hold em using eve online spacebucks,80,somebodi set websit play hold em use eve onlin spacebuck,0
ham,Its sunny in california. The weather's just cool,48,sunni california weather cool,0
spam,You have 1 new message. Call 0207-083-6089,42,new messag call,1
ham,"I can make it up there, squeezed  &lt;#&gt;  bucks out of my dad",64,make squeez buck dad,0
ham,Good day to You too.Pray for me.Remove the teeth as its painful maintaining other stuff.,88,good day pray remov teeth pain maintain stuff,0
ham,How are you babes. Hope your doing ok. I had a shit nights sleep. I fell asleep at 5.IåÕm knackered and iåÕm dreading work tonight. What are thou upto tonight. X,161,babe hope ok shit night sleep fell asleep knacker dread work tonight thou upto tonight x,0
ham,How do friends help us in problems? They give the most stupid suggestion that Lands us into another problem and helps us forgt the previous problem,147,friend help us problem give stupid suggest land us anoth problem help us forgt previous problem,0
ham,I will be gentle baby! Soon you will be taking all  &lt;#&gt;  inches deep inside your tight pussy...,101,gentl babi soon take inch deep insid tight pussi,0
ham,NOT MUCH NO FIGHTS. IT WAS A GOOD NITE!!,40,much fight good nite,0
ham,Nt joking seriously i told,26,nt joke serious told,0
ham,Watching ajith film ah?,23,watch ajith film ah,0
ham,Ooooooh I forgot to tell u I can get on yoville on my phone,59,ooooooh forgot tell get yovill phone,0
ham,"All done, all handed in. Don't know if mega shop in asda counts as celebration but thats what i'm doing!",104,done hand know mega shop asda count celebr that,0
ham,I dont know exactly could you ask chechi.,41,dont know exact could ask chechi,0
ham,Dunno lei shd b driving lor cos i go sch 1 hr oni.,50,dunno lei shd b drive lor cos go sch hr oni,0
ham,As in i want custom officer discount oh.,40,want custom offic discount oh,0
ham,That's necessarily respectful,29,necessarili respect,0
ham,Hi. Hope you had a good day. Have a better night.,49,hi hope good day better night,0
ham,And he's apparently bffs with carly quick now,45,appar bffs car quick,0
ham,HARD BUT TRUE: How much you show &amp;  express your love to someone....that much it will hurt when they leave you or you get seperated...!ö´Ó_??Û¬ud evening...,163,hard true much show express love someon much hurt leav get seper ö´ó û¬ud even,0
ham,Babes I think I got ur brolly I left it in English wil bring it in 2mrw 4 u luv Franxx,86,babe think got ur brolli left english wil bring luv franxx,0
ham,Hi babe its me thanks for coming even though it didnt go that well!i just wanted my bed! Hope to see you soon love and kisses xxx,129,hi babe thank come even though didnt go well want bed hope see soon love kiss xxx,0
ham,So gd got free ice cream... I oso wan...,40,gd got free ice cream oso wan,0
ham,Pls give her prometazine syrup. 5mls then  &lt;#&gt; mins later feed.,69,pls give prometazin syrup min later feed,0
ham,So how many days since then?,28,mani day sinc,0
ham,Dear are you angry i was busy dear,34,dear angri busi dear,0
ham,Yup he msg me: is tat yijue? Then i tot it's my group mate cos we meeting today mah... I'm askin if Ì_ leaving earlier or wat mah cos mayb Ì_ haf to walk v far...,162,yup msg tat yiju tot group mate cos meet today mah askin leav earlier wat mah cos mayb haf walk v far,0
ham,... Are you in the pub?,23,pub,0
ham,There is a first time for everything :),39,first time everyth,0
ham,"Daddy, shu shu is looking 4 u... U wan me 2 tell him u're not in singapore or wat?",82,daddi shu shu look wan tell singapor wat,0
ham,I ask if u meeting da ge tmr nite...,36,ask meet da ge tmr nite,0
ham,Gr8. So how do you handle the victoria island traffic. Plus when's the album due,80,handl victoria island traffic plus album due,0
ham,Nite nite pocay wocay luv u more than n e thing 4eva I promise ring u 2morrowxxxx,81,nite nite pocay wocay luv n e thing promis ring,0
ham,East coast,10,east coast,0
ham,You should get more chicken broth if you want ramen unless there's some I don't know about,90,get chicken broth want ramen unless know,0
ham,My slave! I want you to take 2 or 3 pictures of yourself today in bright light on your cell phone! Bright light!,112,slave want take pictur today bright light cell phone bright light,0
ham,Nope. I just forgot. Will show next week,40,nope forgot show next week,0
ham,So how are you really. What are you up to. How's the masters. And so on.,72,realli master,0
ham,I'm at bruce &amp; fowler now but I'm in my mom's car so I can't park (long story),82,bruce fowler mom car park long stori,0
ham,I dont know oh. Hopefully this month.,37,dont know oh hope month,0
ham,"Hi elaine, is today's meeting confirmed?",40,hi elain today meet confirm,0
ham,Ok k..sry i knw 2 siva..tats y i askd..,39,ok k sri knw siva tat askd,0
ham,U horrible gal... U knew dat i was going out wif him yest n u still come n ask me...,84,horribl gal knew dat go wif yest n still come n ask,0
ham,Oh yeah! And my diet just flew out the window,45,oh yeah diet flew window,0
spam,Santa Calling! Would your little ones like a call from Santa Xmas eve? Call 09058094583 to book your time.,106,santa call would littl one like call santa xmas eve call book time,1
ham,You didnt complete your gist oh.,32,didnt complet gist oh,0
ham,"Er yeah, i will b there at 15:26, sorry! Just tell me which pub/cafe to sit in and come wen u can",97,er yeah b sorri tell pub cafe sit come wen,0
ham,"If you can make it any time tonight or whenever you can it's cool, just text me whenever you're around",102,make time tonight whenev cool text whenev around,0
ham,If I was I wasn't paying attention,34,pay attent,0
ham,Thanx a lot 4 ur help!,22,thanx lot ur help,0
ham,You're gonna have to be way more specific than that,51,gonna way specif,0
ham,Jesus armand really is trying to tell everybody he can find,59,jesus armand realli tri tell everybodi find,0
ham,I'm wif him now buying tix lar...,33,wif buy tix lar,0
ham,Mode men or have you left.,26,mode men left,0
ham,Am slow in using biola's fne,28,slow use biola fne,0
ham,"\What are youdoing later? Sar xxx\""""",36,youdo later sar xxx,0
ham,Hey i've booked the 2 lessons on sun liao...,44,hey book lesson sun liao,0
ham,Thank you. do you generally date the brothas?,45,thank general date brotha,0
ham,"By the way, make sure u get train to worc foregate street not shrub hill. Have fun night x",90,way make sure get train worc foreg street shrub hill fun night x,0
ham,"I thought i'd get him a watch, just cos thats the kind of thing u get4an18th. And he loves so much!",99,thought get watch cos that kind thing love much,0
spam,You have won a guaranteed 32000 award or maybe even å£1000 cash to claim ur award call free on 0800 ..... (18+). Its a legitimat efreefone number wat do u think???,163,guarante award mayb even $$$ cash claim ur award call free legitimat efreefon number wat think,1
ham,Good morning. At the repair shop--the ONLY reason i'm up at this hour.,70,good morn repair shop reason hour,0
ham,"And that's fine, I got enough bud to last most of the night at least",68,fine got enough bud last night least,0
ham,I am back. Good journey! Let me know if you need any of the receipts. Shall i tell you like the pendent?,104,back good journey let know need receipt shall tell like pendent,0
ham,So that takes away some money worries,37,take away money worri,0
ham,"aight we can pick some up, you open before tonight?",51,aight pick open tonight,0
spam,"Latest News! Police station toilet stolen, cops have nothing to go on!",70,latest news polic station toilet stolen cop noth go,1
ham,Sac needs to carry on:),23,sac need carri,0
ham,Just sing HU. I think its also important to find someone female that know the place well preferably a citizen that is also smart to help you navigate through. Even things like choosing a phone plan require guidance. When in doubt ask especially girls.,251,sing hu think also import find someon femal know place well prefer citizen also smart help navig even thing like choos phone plan requir guidanc doubt ask especi girl,0
ham,What???? Hello wats talks email address?,40,hello wat talk email address,0
ham,Except theres a chick with huge boobs.,38,except there chick huge boob,0
ham,Im just wondering what your doing right now?,44,wonder right,0
ham,Wishing you a beautiful day. Each moment revealing even more things to keep you smiling. Do enjoy it.,101,wish beauti day moment reveal even thing keep smile enjoy,0
spam,"\For the most sparkling shopping breaks from 45 per person; call 0121 2025050 or visit www.shortbreaks.org.uk\""""",112,sparkl shop break per person call visit http,1
ham,If you hear a loud scream in about &lt;#&gt; minutes its cause my Gyno will be shoving things up me that don't belong :/,120,hear loud scream minut caus gyno shove thing belong,0
ham,Ok i thk i got it. Then u wan me 2 come now or wat?,51,ok thk got wan come wat,0
spam,Txt: CALL to No: 86888 & claim your reward of 3 hours talk time to use from your phone now! Subscribe6GBP/mnth inc 3hrs 16 stop?txtStop www.gamb.tv,147,txt call claim reward hour talk time use phone mnth inc stop txtstop http,1
ham,U GOIN OUT 2NITE?,17,goin,0
ham,I will treasure every moment we spend together...,49,treasur everi moment spend togeth,0
ham,Shall I bring us a bottle of wine to keep us amused? Only joking! IÛ÷ll bring one anyway,89,shall bring us bottl wine keep us amus joke bring one anyway,0
spam,http//tms. widelive.com/index. wml?id=820554ad0a1705572711&first=trueåÁC C RingtoneåÁ,85,http tms http wml id first trueåác ringtoneåá,1
spam,"URGENT! Last weekend's draw shows that you have won å£1000 cash or a Spanish holiday! CALL NOW 09050000332 to claim. T&C: RSTM, SW7 3SS. 150ppm",143,urgent last weekend draw show $$$ cash spanish holiday call claim rstm,1
ham,I thought slide is enough.,26,thought slide enough,0
ham,Well obviously not because all the people in my cool college life went home ;_;,79,well obvious peopl cool colleg life went home,0
ham,Ok lor Ì_ reaching then message me.,35,ok lor reach messag,0
ham,Where's mummy's boy ? Is he being good or bad ? Is he being positive or negative ? Why is mummy being made to wait? Hmmmm?,122,mummi boy good bad posit negat mummi made wait hmmmm,0
ham,Dhoni have luck to win some big title.so we will win:),54,dhoni luck win big titl win,0
ham,Yes princess! I want to please you every night. Your wish is my command...,74,yes princess want pleas everi night wish command,0
ham,No probably  &lt;#&gt; %.,25,probabl,0
ham,Really do hope the work doesnt get stressful. Have a gr8 day.,61,realli hope work doesnt get stress day,0
ham,Have you seen who's back at Holby?!,35,seen back holbi,0
ham,Shall call now dear having food,31,shall call dear food,0
spam,URGENT We are trying to contact you Last weekends draw shows u have won a å£1000 prize GUARANTEED Call 09064017295 Claim code K52 Valid 12hrs 150p pm,149,urgent tri contact last weekend draw show $$$ prize guarante call claim code valid pm,1
ham,So li hai... Me bored now da lecturer repeating last weeks stuff waste time... ,79,li hai bore da lectur repeat last week stuff wast time,0
ham,", ,  and  picking them up from various points | going 2 yeovil | and they will do the motor project 4 3 hours | and then u take them home. || 12 2 5.30 max. || Very easy",169,pick various point go yeovil motor project hour take home max easi,0
ham,Also fuck you and your family for going to rhode island or wherever the fuck and leaving me all alone the week I have a new bong &gt;:(,135,also fuck famili go rhode island wherev fuck leav alon week new bong,0
ham,Ofcourse I also upload some songs,33,ofcours also upload song,0
spam,2p per min to call Germany 08448350055 from your BT line. Just 2p per min. Check PlanetTalkInstant.com for info & T's & C's. Text stop to opt out,145,per min call germani bt line per min check http info text stop opt,1
ham,Oh thanks a lot..i already bought 2 eggs ..,43,oh thank lot alreadi bought egg,0
ham,U studying in sch or going home? Anyway i'll b going 2 sch later.,65,studi sch go home anyway b go sch later,0
spam,Marvel Mobile Play the official Ultimate Spider-man game (å£4.50) on ur mobile right now. Text SPIDER to 83338 for the game & we ll send u a FREE 8Ball wallpaper,161,marvel mobil play offici ultim spider man game $$$ ur mobil right text spider game send free wallpap,1
ham,I think if he rule tamilnadu..then its very tough for our people.,65,think rule tamilnadu tough peopl,0
ham,"Cool, we shall go and see, have to go to tip anyway. Are you at home, got something to drop in later? So lets go to town tonight! Maybe mum can take us in.",155,cool shall go see go tip anyway home got someth drop later let go town tonight mayb mum take us,0
ham,"Good afternoon, my love ... How goes your day ? How did you sleep ? I hope your well, my boytoy ... I think of you ...",118,good afternoon love goe day sleep hope well boytoy think,0
ham,Yes... I trust u to buy new stuff ASAP so I can try it out,58,yes trust buy new stuff asap tri,0
ham,Why did I wake up on my own &gt;:(,34,wake,0
ham,Now get step 2 outta the way. Congrats again.,45,get step outta way congrat,0
ham,Love has one law; Make happy the person you love. In the same way friendship has one law; Never make ur friend feel alone until you are alive.... Gud night,155,love one law make happi person love way friendship one law never make ur friend feel alon aliv gud night,0
spam,PRIVATE! Your 2003 Account Statement for 07808247860 shows 800 un-redeemed S. I. M. points. Call 08719899229 Identifier Code: 40411 Expires 06/11/04,148,privat account statement show un redeem point call identifi code expir,1
ham,Apo all other are mokka players only,36,apo mokka player,0
ham,"Perhaps * is much easy give your account identification, so i will tomorrow at UNI",82,perhap much easi give account identif tomorrow uni,0
ham,Wait . I will msg after  &lt;#&gt;  min.,40,wait msg min,0
ham,What i told before i tell. Stupid hear after i wont tell anything to you. You dad called to my brother and spoken. Not with me.,127,told tell stupid hear wont tell anyth dad call brother spoken,0
ham,God's love has no limit. God's grace has no measure. God's power has no boundaries. May u have God's endless blessings always in ur life...!! Gud ni8,149,god love limit god grace measur god power boundari may god endless bless alway ur life gud,0
ham,I want to be inside you every night...,38,want insid everi night,0
ham,"Machan you go to gym tomorrow,  i wil come late goodnight.",58,machan go gym tomorrow wil come late goodnight,0
ham,Lol they were mad at first but then they woke up and gave in.,61,lol mad first woke gave,0
ham,"ItÛ÷s reassuring, in this crazy world.",39,reassur crazi world,0
ham,"Just making dinner, you ?",25,make dinner,0
ham,Yes. Please leave at  &lt;#&gt; . So that at  &lt;#&gt;  we can leave,69,yes pleas leav leav,0
ham,Oh... Okie lor...We go on sat... ,33,oh oki lor go sat,0
ham,You are a great role model. You are giving so much and i really wish each day for a miracle but God as a reason for everything and i must say i wish i knew why but i dont. I've looked up to you since i was young and i still do. Have a great day.,245,great role model give much realli wish day miracl god reason everyth must say wish knew dont look sinc young still great day,0
ham,"Ya, i'm referin to mei's ex wat... No ah, waitin 4 u to treat, somebody shld b rich liao...So gd, den u dun have to work frm tmr onwards...",139,ya referin mei ex wat ah waitin treat somebodi shld b rich liao gd den dun work frm tmr onward,0
ham,Miles and smiles r made frm same letters but do u know d difference..? smile on ur face keeps me happy even though I am miles away from u.. :-)keep smiling.. Good nyt,166,mile smile r made frm letter know differ smile ur face keep happi even though mile away keep smile good nyt,0
ham,"By the way, i've put a skip right outside the front of the house so you can see which house it is. Just pull up before it.",122,way put skip right outsid front hous see hous pull,0
ham,Can you pls send me that company name. In saibaba colany,56,pls send compani name saibaba colani,0
ham,No. I dont want to hear anything,32,dont want hear anyth,0
ham,You are a big chic. Common. Declare,35,big chic common declar,0
ham,Thats cool. I want to please you...,35,that cool want pleas,0
ham,Going to join tomorrow.,23,go join tomorrow,0
ham,I want to tell you how bad I feel that basically the only times I text you lately are when I need drugs,103,want tell bad feel basic time text late need drug,0
spam,PRIVATE! Your 2003 Account Statement for shows 800 un-redeemed S.I.M. points. Call 08718738001 Identifier Code: 49557 Expires 26/11/04,134,privat account statement show un redeem point call identifi code expir,1
ham,"Total disappointment, when I texted you was the craziest shit got :(",68,total disappoint text craziest shit got,0
ham,Its just the effect of irritation. Just ignore it,49,effect irrit ignor,0
ham,What about this one then.,25,one,0
ham,I think that tantrum's finished so yeah I'll be by at some point,64,think tantrum finish yeah point,0
ham,Compliments to you. Was away from the system. How your side.,60,compliment away system side,0
ham,happened here while you were adventuring,40,happen adventur,0
ham,"Hey chief, can you give me a bell when you get this. Need to talk to you about this royal visit on the 1st june. ",113,hey chief give bell get need talk royal visit june,0
ham,Ok which your another number,28,ok anoth number,0
ham,Aiyah ok wat as long as got improve can already wat...,54,aiyah ok wat long got improv alreadi wat,0
spam,Want explicit SEX in 30 secs? Ring 02073162414 now! Costs 20p/min Gsex POBOX 2667 WC1N 3XX,90,want explicit sex sec ring cost min gsex pobox,1
ham,I can't believe how attached I am to seeing you every day. I know you will do the best you can to get to me babe. I will go to teach my class at your midnight,158,believ attach see everi day know best get babe go teach class midnight,0
spam,ASKED 3MOBILE IF 0870 CHATLINES INCLU IN FREE MINS. INDIA CUST SERVs SED YES. L8ER GOT MEGA BILL. 3 DONT GIV A SHIT. BAILIFF DUE IN DAYS. I O å£250 3 WANT å£800,160,ask chatlin inclu free min india cust serv sed yes got mega bill dont giv shit bailiff due day $$$ want $$$,1
ham,Yeah it's jus rite...,21,yeah jus rite,0
ham,Armand says get your ass over to epsilon,40,armand say get ass epsilon,0
ham,U still havent got urself a jacket ah?,38,still havent got urself jacket ah,0
ham,"I'm taking derek &amp; taylor to walmart, if I'm not back by the time you're done just leave the mouse on my desk and I'll text you when priscilla's ready",154,take derek taylor walmart back time done leav mous desk text priscilla readi,0
ham,Hi its in durban are you still on this number,45,hi durban still number,0
ham,Ic. There are a lotta childporn cars then.,42,ic lotta childporn car,0
spam,"Had your contract mobile 11 Mnths? Latest Motorola, Nokia etc. all FREE! Double Mins & Text on Orange tariffs. TEXT YES for callback, no to remove from records.",160,contract mobil mnths latest motorola nokia etc free doubl min text orang tariff text yes callback remov record,1
ham,"No, I was trying it all weekend ;V",34,tri weekend v,0
ham,"You know, wot people wear. T shirts, jumpers, hat, belt, is all we know. We r at Cribbs",87,know wot peopl wear shirt jumper hat belt know r cribb,0
ham,"Cool, what time you think you can get here?",43,cool time think get,0
ham,Wen did you get so spiritual and deep. That's great,51,wen get spiritu deep great,0
ham,Have a safe trip to Nigeria. Wish you happiness and very soon company to share moments with,91,safe trip nigeria wish happi soon compani share moment,0
ham,Well keep in mind I've only got enough gas for one more round trip barring a sudden influx of cash,98,well keep mind got enough gas one round trip bar sudden influx cash,0
ham,Yeh. Indians was nice. Tho it did kane me off a bit he he. We shud go out 4 a drink sometime soon. Mite hav 2 go 2 da works 4 a laugh soon. Love Pete x x,153,yeh indian nice tho kane bit shud go drink sometim soon mite hav go da work laugh soon love pete x x,0
ham,Yes i have. So that's why u texted. Pshew...missing you so much,63,yes text pshew miss much,0
ham,No. I meant the calculation is the same. That  &lt;#&gt; units at  &lt;#&gt; . This school is really expensive. Have you started practicing your accent. Because its important. And have you decided if you are doing 4years of dental school or if you'll just do the nmde exam.,273,meant calcul unit school realli expens start practic accent import decid dental school nmde exam,0
ham,if you aren't here in the next  &lt;#&gt;  hours imma flip my shit,66,next hour imma flip shit,0
ham,Anything lor. Juz both of us lor.,33,anyth lor juz us lor,0
ham,Get me out of this dump heap. My mom decided to come to lowes. BORING.,70,get dump heap mom decid come low bore,0
ham,Ok lor... Sony ericsson salesman... I ask shuhui then she say quite gd 2 use so i considering...,96,ok lor soni ericsson salesman ask shuhui say quit gd use consid,0
ham,Ard 6 like dat lor.,19,ard like dat lor,0
ham,Why don't you wait 'til at least wednesday to see if you get your .,67,wait til least wednesday see get,0
ham,Huh y lei...,12,huh lei,0
spam,"REMINDER FROM O2: To get 2.50 pounds free call credit and details of great offers pls reply 2 this text with your valid name, house no and postcode",147,remind get pound free call credit detail great offer pls repli text valid name hous postcod,1
spam,"This is the 2nd time we have tried 2 contact u. U have won the å£750 Pound prize. 2 claim is easy, call 087187272008 NOW1! Only 10p per minute. BT-national-rate.",161,time tri contact $$$ pound prize claim easi call per minut bt nation rate,1
ham,Will Ì_ b going to esplanade fr home?,37,b go esplanad fr home,0
ham,"Pity, * was in mood for that. So...any other suggestions?",57,piti mood suggest,0
ham,The guy did some bitching but I acted like i'd be interested in buying something else next week and he gave it to us for free,125,guy bitch act like interest buy someth els next week gave us free,0
ham,Rofl. Its true to its name,26,rofl true name,0
